timeframe,n_period,entry_delta,grid_step,tp_delta,emergency_breakeven_exit,sl_amount,total_trades,win_trades,loss_trades,win_rate,total_pnl,profit_factor,max_drawdown,max_drawdown_pct,avg_trade_pnl,max_nanpin_reached,avg_nanpin_count,calmar_ratio,return_on_capital,robust_score,neighbor_mean_pnl,neighbor_min_pnl,neighbor_mean_pf,neighbor_mean_mdd,neighbor_count
5min,20,100.0,150.0,100.0,False,500000.0,1420,1408,12,99.15,-1868000.0,0.71,3241420.0,97.23,-1315.5,15,1.23,-0.58,-62.27,-1000000.0,-420381.25,-1868000.0,0.92125,1789207.5,16
5min,20,100.0,150.0,150.0,False,500000.0,1320,1306,14,98.94,-619080.0,0.92,2761545.0,67.03,-469.0,15,1.44,-0.22,-20.64,-1000000.0,-454637.0833333333,-1868000.0,0.9183333333333333,1920376.4583333333,24
5min,20,100.0,150.0,200.0,False,500000.0,1243,1225,18,98.55,-220870.0,0.98,2897160.0,64.34,-177.7,15,1.61,-0.08,-7.36,-1000000.0,-508193.75,-1201400.0,0.9145833333333333,2297615.4166666665,24
5min,20,100.0,150.0,200.0,True,500000.0,1292,1275,17,98.68,-32540.0,0.99,1828130.0,47.42,-25.2,15,1.55,-0.02,-1.08,-1000000.0,-416010.4166666667,-1801140.0,0.915,1892744.375,24
5min,20,100.0,150.0,100.0,True,500000.0,1439,1426,13,99.1,-1272650.0,0.74,2859795.0,81.37,-884.4,15,1.21,-0.45,-42.42,-1000000.0,-291190.0,-1272650.0,0.9575,1592361.875,16
5min,20,100.0,150.0,150.0,True,500000.0,1355,1339,16,98.82,-847810.0,0.86,2295150.0,66.08,-625.7,15,1.41,-0.37,-28.26,-1000000.0,-361370.0,-1801140.0,0.9391666666666666,1703093.125,24
5min,20,100.0,150.0,250.0,False,500000.0,1165,1143,22,98.11,-289440.0,0.97,3866040.0,68.65,-248.4,15,1.75,-0.07,-9.65,-1000000.0,-500682.5,-1169580.0,0.92375,2415212.1875,16
5min,20,100.0,200.0,100.0,False,500000.0,1367,1359,8,99.41,-457380.0,0.89,1593220.0,46.92,-334.6,15,0.96,-0.29,-15.25,-1000000.0,-364221.25,-1868000.0,0.9454166666666667,1692122.5,24
5min,20,100.0,200.0,100.0,True,500000.0,1380,1372,8,99.42,-709820.0,0.81,1813580.0,56.12,-514.4,15,0.95,-0.39,-23.66,-1000000.0,-171346.66666666666,-1272650.0,1.0,1484303.5416666667,24
5min,20,100.0,200.0,200.0,False,500000.0,1184,1171,13,98.9,-222920.0,0.97,1787835.0,55.59,-188.3,15,1.23,-0.12,-7.43,-1000000.0,-501247.22222222225,-1383100.0,0.911111111111111,2173566.8055555555,36
5min,20,100.0,200.0,150.0,True,500000.0,1272,1263,9,99.29,292260.0,1.08,1168740.0,34.32,229.8,15,1.11,0.25,9.74,-1000000.0,-282048.3333333333,-1801140.0,0.9652777777777778,1639649.5833333333,36
5min,20,100.0,150.0,250.0,True,500000.0,1218,1196,22,98.19,-571690.0,0.92,2567470.0,57.74,-469.4,15,1.69,-0.22,-19.06,-1000000.0,-446236.25,-1801140.0,0.918125,2017950.0,16
5min,20,100.0,200.0,150.0,False,500000.0,1252,1243,9,99.28,515040.0,1.11,1733905.0,40.53,411.4,15,1.13,0.3,17.17,-1000000.0,-444706.3888888889,-1868000.0,0.9269444444444446,1846315.2777777778,36
5min,20,100.0,200.0,250.0,False,500000.0,1134,1120,14,98.77,548920.0,1.08,1819965.0,55.95,484.1,15,1.31,0.3,18.3,-1000000.0,-501937.0833333333,-1383100.0,0.9175000000000001,2291042.0833333335,24
5min,20,100.0,200.0,200.0,True,500000.0,1200,1188,12,99.0,-912960.0,0.84,2347805.0,73.68,-760.8,15,1.23,-0.39,-30.43,-1000000.0,-367110.27777777775,-1801140.0,0.9272222222222223,1863269.1666666667,36
5min,20,100.0,200.0,250.0,True,500000.0,1156,1144,12,98.96,100430.0,1.02,1840335.0,57.34,86.9,15,1.3,0.05,3.35,-1000000.0,-425395.4166666667,-1801140.0,0.9162499999999999,2009620.2083333333,24
5min,20,100.0,250.0,100.0,False,500000.0,1310,1303,7,99.47,-493710.0,0.86,1504060.0,44.65,-376.9,14,0.79,-0.33,-16.46,3706.7610901188796,51182.5,-1278850.0,1.1987500000000002,1395850.4166666667,24
5min,20,100.0,250.0,100.0,True,500000.0,1316,1308,8,99.39,252950.0,1.1,1127615.0,35.22,192.2,14,0.79,0.22,8.43,8460.572202590785,96658.33333333333,-709820.0,1.1895833333333334,1264190.2083333333,24
5min,20,100.0,250.0,150.0,True,500000.0,1239,1230,9,99.27,-365010.0,0.91,1499750.0,47.59,-294.6,14,0.88,-0.24,-12.17,721.2691500911455,11283.055555555555,-1263330.0,1.1249999999999998,1431777.9166666667,36
5min,20,100.0,250.0,150.0,False,500000.0,1231,1222,9,99.27,-902940.0,0.81,1847335.0,58.62,-733.5,14,0.88,-0.49,-30.1,-1000000.0,-19260.555555555555,-1383100.0,1.136111111111111,1550969.3055555555,36
5min,20,100.0,250.0,200.0,False,500000.0,1142,1130,12,98.95,-1383100.0,0.78,2516825.0,80.15,-1211.1,14,0.99,-0.55,-46.1,515.896621262153,23788.61111111111,-1383100.0,1.0588888888888888,1795193.75,36
5min,20,100.0,300.0,100.0,False,500000.0,1260,1256,4,99.68,613860.0,1.3,1330085.0,41.72,487.2,13,0.66,0.46,20.46,18827.263337202734,224677.5,-1278850.0,1.28375,1347249.5833333333,24
5min,20,100.0,250.0,250.0,False,500000.0,1095,1083,12,98.9,-403480.0,0.94,2131460.0,67.26,-368.5,14,1.03,-0.19,-13.45,1962.1037500000002,90211.66666666667,-1383100.0,1.0875,1859324.7916666667,24
5min,20,100.0,250.0,200.0,True,500000.0,1151,1139,12,98.96,-1263330.0,0.76,2301505.0,73.29,-1097.6,14,0.99,-0.55,-42.11,458.9111431983882,13185.277777777777,-1263330.0,1.0361111111111112,1664082.2222222222,36
5min,20,100.0,250.0,250.0,True,500000.0,1103,1091,12,98.91,-615380.0,0.88,2163770.0,68.28,-557.9,14,1.04,-0.28,-20.51,1038.1254317825849,42116.25,-1263330.0,1.0570833333333334,1766820.2083333333,24
5min,20,100.0,300.0,100.0,True,500000.0,1267,1263,4,99.68,316950.0,1.16,1330085.0,41.72,250.2,13,0.65,0.24,10.57,15622.215532015036,175691.25,-639200.0,1.2191666666666667,1270661.0416666667,24
5min,20,100.0,300.0,150.0,True,500000.0,1189,1184,5,99.58,415750.0,1.16,1731230.0,55.38,349.7,13,0.73,0.24,13.86,14459.259061276347,197367.5,-1263330.0,1.2011111111111108,1390059.861111111,36
5min,20,100.0,300.0,150.0,False,500000.0,1183,1178,5,99.58,971810.0,1.38,1731230.0,55.38,821.5,13,0.73,0.56,32.39,15606.290722511574,250408.33333333334,-1383100.0,1.25,1501413.0555555555,36
5min,20,100.0,300.0,200.0,False,500000.0,1108,1102,6,99.46,1160700.0,1.37,1664425.0,53.43,1047.6,13,0.8,0.7,38.69,17956.406856427973,481406.6666666667,-1383100.0,1.2444444444444445,1700268.888888889,36
5min,20,100.0,300.0,250.0,False,500000.0,1035,1029,6,99.42,2224660.0,1.71,1622545.0,51.72,2149.4,13,0.86,1.37,74.16,18060.540668329544,635729.1666666666,-1383100.0,1.30375,1782096.4583333333,24
5min,20,100.0,300.0,200.0,True,500000.0,1118,1112,6,99.46,491600.0,1.16,1684950.0,53.82,439.7,13,0.8,0.29,16.39,17552.528224286136,336186.94444444444,-1263330.0,1.1938888888888888,1562684.4444444445,36
5min,20,100.0,300.0,250.0,True,500000.0,1039,1033,6,99.42,1215210.0,1.39,1645070.0,52.18,1169.6,13,0.89,0.74,40.51,21773.29720278208,455158.75,-1263330.0,1.2579166666666668,1619714.7916666667,24
5min,20,100.0,350.0,100.0,False,500000.0,1230,1225,5,99.59,-174090.0,0.93,1659275.0,53.81,-141.5,12,0.57,-0.1,-5.8,63297.52058291649,462966.875,-174090.0,1.42875,1271898.125,16
5min,20,100.0,350.0,100.0,True,500000.0,1235,1229,6,99.51,-317630.0,0.87,1659275.0,53.81,-257.2,12,0.57,-0.19,-10.59,21480.69035639399,229366.875,-317630.0,1.28625,1271898.125,16
5min,20,150.0,150.0,100.0,False,500000.0,779,774,5,99.36,-155360.0,0.95,1290570.0,36.51,-199.4,15,1.21,-0.12,-5.18,-1000000.0,-369393.75,-1868000.0,0.9083333333333332,1529615.625,24
5min,20,150.0,150.0,100.0,True,500000.0,783,777,6,99.23,259640.0,1.14,1411520.0,41.56,331.6,15,1.19,0.18,8.65,-1000000.0,-248393.33333333334,-1272650.0,0.9475000000000001,1412823.3333333333,24
5min,20,100.0,350.0,150.0,True,500000.0,1150,1144,6,99.48,343760.0,1.14,1634945.0,52.75,298.9,12,0.63,0.21,11.46,31865.72035777907,357753.75,-317630.0,1.2929166666666667,1328708.5416666667,24
5min,20,100.0,350.0,150.0,False,500000.0,1142,1137,5,99.56,573890.0,1.23,1634945.0,52.75,502.5,12,0.64,0.35,19.13,68087.34906031018,588035.0,-174090.0,1.4029166666666668,1403023.125,24
5min,20,150.0,150.0,150.0,False,500000.0,725,715,10,98.62,-902230.0,0.83,2506785.0,68.65,-1244.5,15,1.7,-0.36,-30.07,-1000000.0,-468533.3333333333,-2181670.0,0.8991666666666666,1729745.9722222222,36
5min,20,150.0,150.0,200.0,False,500000.0,697,685,12,98.28,-185840.0,0.97,2255555.0,61.37,-266.6,15,1.91,-0.08,-6.19,-1000000.0,-534934.1666666666,-2181670.0,0.9083333333333334,2100980.5555555555,36
5min,20,100.0,350.0,250.0,False,500000.0,1007,1002,5,99.5,2009950.0,1.8,1577930.0,50.46,1996.0,12,0.74,1.27,67.0,122513.38078904807,1205816.875,190500.0,1.503125,1651793.75,16
5min,20,150.0,150.0,150.0,True,500000.0,736,727,9,98.78,-86480.0,0.97,1540450.0,46.24,-117.5,15,1.66,-0.06,-2.88,-1000000.0,-353461.3888888889,-1801140.0,0.9241666666666666,1563224.3055555555,36
5min,20,100.0,350.0,200.0,False,500000.0,1068,1063,5,99.53,1304210.0,1.52,1625810.0,52.14,1221.2,12,0.7,0.8,43.47,84448.32735941555,965787.0833333334,23290.0,1.4145833333333335,1587668.5416666667,24
5min,20,150.0,150.0,200.0,True,500000.0,711,699,12,98.31,-76490.0,0.98,1653960.0,50.37,-107.6,15,1.87,-0.05,-2.55,-1000000.0,-396940.55555555556,-1801140.0,0.9233333333333333,1765512.7777777778,36
5min,20,100.0,350.0,250.0,True,500000.0,1018,1010,8,99.21,1344280.0,1.54,1569445.0,50.49,1320.5,12,0.74,0.86,44.81,171441.17303609362,874595.0,241210.0,1.430625,1433091.875,16
5min,20,100.0,350.0,200.0,True,500000.0,1080,1072,8,99.26,827640.0,1.33,1615325.0,52.12,766.3,12,0.7,0.51,27.59,64261.01173421993,638935.4166666666,-267180.0,1.315,1441867.2916666667,24
5min,20,150.0,150.0,250.0,False,500000.0,668,653,15,97.75,-315480.0,0.96,2922095.0,70.03,-472.3,15,2.08,-0.11,-10.52,-1000000.0,-599375.0,-2181670.0,0.9029166666666667,2286382.9166666665,24
5min,20,150.0,150.0,250.0,True,500000.0,683,669,14,97.95,-13950.0,1.0,1647110.0,48.96,-20.4,15,2.03,-0.01,-0.46,-1000000.0,-473107.0833333333,-1801140.0,0.9104166666666668,1918605.8333333333,24
5min,20,150.0,200.0,100.0,False,500000.0,766,762,4,99.48,-28260.0,0.99,879795.0,25.84,-36.9,15,0.91,-0.03,-0.94,-1000000.0,-233875.0,-1868000.0,1.0658333333333332,1469208.75,36
5min,20,150.0,200.0,100.0,True,500000.0,773,769,4,99.48,673770.0,1.66,664285.0,21.54,871.6,15,0.89,1.01,22.46,-1000000.0,-102499.72222222222,-1272650.0,1.0705555555555553,1327585.9722222222,36
5min,20,150.0,200.0,200.0,False,500000.0,665,655,10,98.5,-705610.0,0.86,1782320.0,55.07,-1061.1,15,1.49,-0.4,-23.52,-1000000.0,-429310.3703703704,-2181670.0,0.9666666666666665,1995954.2592592593,54
5min,20,150.0,200.0,150.0,False,500000.0,698,689,9,98.71,-1201400.0,0.74,2054800.0,64.67,-1721.2,15,1.34,-0.58,-40.05,-1000000.0,-366530.74074074073,-2181670.0,1.005,1670157.5925925926,54
5min,20,150.0,200.0,150.0,True,500000.0,708,700,8,98.87,-504610.0,0.84,1757390.0,55.31,-712.7,15,1.32,-0.29,-16.82,-1000000.0,-228990.74074074073,-1801140.0,1.0127777777777778,1495463.7962962964,54
5min,20,150.0,200.0,200.0,True,500000.0,676,668,8,98.82,226270.0,1.07,1510600.0,46.68,334.7,15,1.46,0.15,7.54,-1000000.0,-288021.6666666667,-1801140.0,0.9798148148148149,1711782.2222222222,54
5min,20,150.0,250.0,100.0,False,500000.0,743,738,5,99.33,-786560.0,0.69,1778725.0,49.21,-1058.6,14,0.78,-0.44,-26.22,14809.226340866255,140822.77777777778,-1278850.0,1.3577777777777778,1225483.3333333333,36
5min,20,150.0,200.0,250.0,False,500000.0,649,637,12,98.15,-812260.0,0.87,2109230.0,63.86,-1251.6,15,1.55,-0.39,-27.08,-1000000.0,-493724.1666666667,-2181670.0,0.9252777777777776,2159100.6944444445,36
5min,20,150.0,250.0,150.0,False,500000.0,681,673,8,98.83,-1278850.0,0.68,1999115.0,63.15,-1877.9,14,1.08,-0.64,-42.63,4059.278601647038,54002.03703703704,-1383100.0,1.2435185185185187,1395513.7037037036,54
5min,20,150.0,250.0,100.0,True,500000.0,750,746,4,99.47,-513370.0,0.74,1358675.0,39.18,-684.5,14,0.77,-0.38,-17.11,14167.618827036182,127706.94444444444,-943450.0,1.286111111111111,1137411.111111111,36
5min,20,150.0,200.0,250.0,True,500000.0,665,656,9,98.65,-116400.0,0.97,2234580.0,67.66,-175.0,15,1.52,-0.05,-3.88,-1000000.0,-373615.0,-1801140.0,0.9375000000000002,1865157.9166666667,36
5min,20,150.0,250.0,200.0,False,500000.0,646,637,9,98.61,-1049790.0,0.77,1844685.0,58.83,-1625.1,14,1.2,-0.57,-34.99,4864.122267560441,112458.33333333333,-1383100.0,1.1522222222222223,1624615.2777777778,54
5min,20,150.0,250.0,150.0,True,500000.0,689,682,7,98.98,-639200.0,0.79,1340890.0,42.65,-927.7,14,1.07,-0.48,-21.31,4611.65591163231,53621.851851851854,-1263330.0,1.201851851851852,1284410.1851851852,54
5min,20,150.0,250.0,200.0,True,500000.0,656,648,8,98.78,-582100.0,0.83,1740105.0,56.43,-887.3,14,1.19,-0.33,-19.4,5827.800759920629,96798.14814814815,-1263330.0,1.1401851851851852,1471965.5555555555,54
5min,20,150.0,250.0,250.0,False,500000.0,623,612,11,98.23,-1135660.0,0.79,1926410.0,60.1,-1822.9,14,1.33,-0.59,-37.86,3842.077757947386,125378.61111111111,-1383100.0,1.1013888888888888,1721771.25,36
5min,20,150.0,250.0,250.0,True,500000.0,636,625,11,98.27,-687290.0,0.83,1801310.0,58.09,-1080.6,14,1.31,-0.38,-22.91,5221.608014955814,108435.83333333333,-1263330.0,1.1175,1569092.638888889,36
5min,20,150.0,300.0,100.0,False,500000.0,737,736,1,99.86,1056520.0,3.11,691370.0,17.03,1433.5,11,0.62,1.53,35.22,62507.77254819444,372507.5,-1278850.0,57.01444444444444,1160986.388888889,36
5min,20,150.0,300.0,100.0,True,500000.0,741,740,1,99.87,914710.0,2.83,691370.0,17.51,1234.4,11,0.62,1.32,30.49,52862.433379791655,292777.5,-639200.0,56.890833333333326,1097225.138888889,36
5min,20,150.0,300.0,150.0,False,500000.0,671,667,4,99.4,390020.0,1.19,1277970.0,40.87,581.3,13,0.89,0.31,13.0,44387.833001262,330138.51851851854,-1383100.0,38.39555555555556,1327739.2592592593,54
5min,20,150.0,300.0,200.0,True,500000.0,638,634,4,99.37,497040.0,1.25,1274970.0,40.44,779.1,13,1.0,0.39,16.57,35114.39649090449,403752.5925925926,-1263330.0,1.3455555555555554,1353649.2592592593,54
5min,20,150.0,300.0,150.0,True,500000.0,679,675,4,99.41,-15910.0,0.99,1277970.0,40.87,-23.4,13,0.88,-0.01,-0.53,45626.38482139917,285603.8888888889,-1263330.0,38.33259259259258,1201229.6296296297,54
5min,20,150.0,300.0,250.0,False,500000.0,610,605,5,99.18,1248750.0,1.49,1684350.0,54.5,2047.1,13,1.05,0.74,41.62,25916.859159521606,555880.8333333334,-1383100.0,1.2858333333333334,1637409.861111111,36
5min,20,150.0,350.0,100.0,False,500000.0,720,718,2,99.72,408510.0,1.41,825300.0,23.89,567.4,12,0.54,0.49,13.62,136714.30810514142,540180.0,-174090.0,84.83125,1067282.0833333333,24
5min,20,150.0,300.0,200.0,False,500000.0,629,624,5,99.21,601290.0,1.24,1701350.0,55.31,955.9,13,1.01,0.35,20.04,30390.2932560099,486555.18518518517,-1383100.0,1.3583333333333334,1540170.9259259258,54
5min,20,150.0,300.0,250.0,True,500000.0,622,618,4,99.36,983410.0,1.49,1271970.0,39.98,1581.0,13,1.03,0.77,32.78,38476.888911810434,481290.0,-1263330.0,1.3316666666666668,1399659.5833333333,36
5min,20,150.0,350.0,150.0,True,500000.0,657,654,3,99.54,352630.0,1.23,1204920.0,38.75,536.7,12,0.74,0.29,11.75,88864.40456499868,418430.55555555556,-317630.0,56.903888888888886,1121873.0555555555,36
5min,20,150.0,350.0,100.0,True,500000.0,723,721,2,99.72,301880.0,1.3,825300.0,24.31,417.5,12,0.54,0.37,10.06,65140.400203719975,344522.5,-317630.0,84.67791666666666,1067282.0833333333,24
5min,20,150.0,350.0,150.0,False,500000.0,654,651,3,99.54,609730.0,1.41,1204920.0,38.75,932.3,12,0.74,0.51,20.32,119320.12420980455,576470.5555555555,-174090.0,56.985,1216118.4722222222,36
5min,20,150.0,350.0,200.0,False,500000.0,617,613,4,99.35,709040.0,1.35,1660255.0,53.83,1149.2,12,0.84,0.43,23.63,106460.16795316203,838864.1666666666,23290.0,1.4958333333333336,1417305.5555555555,36
5min,20,150.0,350.0,200.0,True,500000.0,625,621,4,99.36,844650.0,1.56,1202920.0,38.45,1351.4,12,0.83,0.7,28.16,105313.19008404647,640720.8333333334,-267180.0,1.4719444444444443,1228313.3333333333,36
5min,20,150.0,350.0,250.0,False,500000.0,593,589,4,99.33,1388050.0,1.69,1647225.0,53.24,2340.7,12,0.91,0.84,46.27,123444.69634020745,975032.5,130450.0,1.4437500000000003,1503846.6666666667,24
5min,20,150.0,350.0,250.0,True,500000.0,602,598,4,99.34,1292110.0,1.86,1200920.0,38.14,2146.4,12,0.9,1.08,43.07,215677.83899806926,809250.4166666666,205250.0,1.5016666666666667,1220358.3333333333,24
5min,20,200.0,150.0,100.0,True,500000.0,450,447,3,99.33,-7030.0,0.99,1030850.0,32.6,-15.6,15,1.27,-0.01,-0.23,43703.14832472221,195487.91666666666,-943450.0,1642.5225,882203.3333333334,24
5min,20,200.0,150.0,100.0,False,500000.0,450,447,3,99.33,-41480.0,0.98,1030850.0,30.54,-92.2,15,1.28,-0.04,-1.38,151.41036276041666,784.5833333333334,-1201400.0,42.875,1035090.625,24
5min,20,200.0,150.0,150.0,True,500000.0,429,425,4,99.07,141550.0,1.08,1350815.0,40.73,330.0,15,1.72,0.1,4.72,31785.8229470679,163726.38888888888,-1801140.0,2156.494166666667,1029300.5555555555,36
5min,20,200.0,150.0,150.0,False,500000.0,424,418,6,98.58,-518550.0,0.84,1560400.0,44.21,-1223.0,15,1.76,-0.33,-17.29,-1000000.0,-41184.72222222222,-2181670.0,29.04555555555556,1231940.4166666667,36
5min,20,200.0,150.0,200.0,False,500000.0,399,388,11,97.24,-2181670.0,0.64,3073510.0,97.48,-5467.8,15,2.24,-0.71,-72.72,-1000000.0,-140084.44444444444,-2181670.0,1.2541666666666667,1624239.861111111,36
5min,20,200.0,200.0,100.0,True,500000.0,448,443,5,98.88,-943450.0,0.53,1243230.0,40.82,-2105.9,15,0.99,-0.76,-31.45,53699.59837020061,238849.44444444444,-943450.0,1206.4266666666665,875869.3055555555,36
5min,20,200.0,150.0,200.0,True,500000.0,409,401,8,98.04,-1379300.0,0.66,2380640.0,75.5,-3372.4,15,2.18,-0.58,-45.98,23120.431106921293,159325.83333333334,-1801140.0,1974.6255555555554,1274429.3055555555,36
5min,20,200.0,150.0,250.0,False,500000.0,389,377,12,96.92,-1464380.0,0.78,2878775.0,83.0,-3764.5,15,2.46,-0.51,-48.81,-1000000.0,-180332.91666666666,-2181670.0,1.2054166666666666,1817831.4583333333,24
5min,20,200.0,200.0,100.0,False,500000.0,447,443,4,99.11,-730570.0,0.64,1098915.0,35.28,-1634.4,15,1.0,-0.66,-24.35,25275.07011154321,129224.44444444444,-1278850.0,140.04027777777776,1022047.6388888889,36
5min,20,200.0,150.0,250.0,True,500000.0,401,392,9,97.76,-847970.0,0.79,2145140.0,67.35,-2114.6,15,2.36,-0.4,-28.27,15574.700685416665,132879.16666666666,-1801140.0,1988.04125,1413952.5,24
5min,20,200.0,200.0,150.0,False,500000.0,423,419,4,99.05,29540.0,1.01,771865.0,22.6,69.8,15,1.3,0.04,0.98,10953.872061069958,67902.22222222222,-2181670.0,112.28574074074074,1193408.4259259258,54
5min,20,200.0,200.0,150.0,True,500000.0,426,421,5,98.83,-452410.0,0.77,982395.0,30.99,-1062.0,15,1.28,-0.46,-15.08,41808.60475835048,210876.85185185185,-1801140.0,1530.57962962963,1008696.2037037037,54
5min,20,200.0,200.0,200.0,False,500000.0,388,381,7,98.2,-527420.0,0.85,1952875.0,50.26,-1359.3,15,1.73,-0.27,-17.58,-1000000.0,-10330.37037037037,-2181670.0,56.74555555555557,1521874.8148148148,54
5min,20,200.0,200.0,200.0,True,500000.0,393,386,7,98.22,-928110.0,0.69,1825785.0,53.8,-2361.6,15,1.72,-0.51,-30.94,34820.39644811729,222752.40740740742,-1801140.0,1372.403888888889,1218405.8333333333,54
5min,20,200.0,200.0,250.0,False,500000.0,381,373,8,97.9,-227180.0,0.94,1753355.0,45.07,-596.3,15,1.85,-0.13,-7.57,-1000000.0,-59637.77777777778,-2181670.0,28.94833333333333,1681040.8333333333,36
5min,20,200.0,200.0,250.0,True,500000.0,388,381,7,98.2,-488700.0,0.84,1600605.0,45.47,-1259.5,15,1.81,-0.31,-16.29,26647.458895115735,201684.16666666666,-1801140.0,1353.6352777777777,1339376.5277777778,36
5min,20,200.0,250.0,100.0,False,500000.0,441,440,1,99.77,686550.0,2.37,842365.0,21.91,1556.8,14,0.81,0.82,22.88,73130.72127030864,323291.94444444444,-1278850.0,223.4083333333333,868967.7777777778,36
5min,20,200.0,250.0,100.0,True,500000.0,442,440,2,99.55,422470.0,1.85,842365.0,23.24,955.8,14,0.81,0.5,14.08,79160.61721361111,324125.55555555556,-943450.0,1190.2136111111108,778858.75,36
5min,20,200.0,250.0,150.0,False,500000.0,409,406,3,99.27,222910.0,1.14,1773505.0,42.42,545.0,15,1.1,0.13,7.43,59009.75185657065,295065.3703703704,-1278850.0,186.3812962962963,1000056.2962962963,54
5min,20,200.0,250.0,150.0,True,500000.0,412,409,3,99.27,320490.0,1.3,1316225.0,33.85,777.9,15,1.09,0.24,10.68,80370.9949176886,354095.9259259259,-943450.0,1469.975555555556,865123.9814814815,54
5min,20,200.0,250.0,200.0,False,500000.0,380,374,6,98.42,-502300.0,0.84,2047185.0,57.17,-1321.8,15,1.47,-0.25,-16.74,50636.987157517135,320128.14814814815,-1278850.0,112.38481481481482,1209113.7962962964,54
5min,20,200.0,250.0,250.0,False,500000.0,373,367,6,98.39,137820.0,1.05,1883565.0,47.52,369.5,15,1.54,0.07,4.59,45247.62033592592,326049.44444444444,-1135660.0,56.91861111111112,1306123.3333333333,36
5min,20,200.0,250.0,200.0,True,500000.0,383,377,6,98.43,-48080.0,0.98,1290945.0,42.23,-125.5,15,1.47,-0.04,-1.6,93143.87399403291,466702.037037037,-928110.0,1845.0042592592595,1002105.5555555555,54
5min,20,200.0,300.0,100.0,False,500000.0,431,430,1,99.77,531460.0,2.06,718215.0,19.34,1233.1,11,0.69,0.74,17.72,151371.60408651183,557042.7777777778,-1278850.0,389.96194444444444,763021.5277777778,36
5min,20,200.0,250.0,250.0,True,500000.0,376,370,6,98.4,349140.0,1.17,1282445.0,41.8,928.6,15,1.54,0.27,11.64,102556.66598611108,543916.6666666666,-928110.0,1991.7336111111108,1057239.1666666667,36
5min,20,200.0,300.0,100.0,True,500000.0,433,431,2,99.54,420010.0,1.84,718215.0,19.77,970.0,11,0.69,0.58,14.0,130925.84597047363,457188.05555555556,-639200.0,1055.8263888888887,716712.3611111111,36
5min,20,200.0,300.0,150.0,True,500000.0,405,402,3,99.26,325850.0,1.33,1155925.0,29.72,804.6,13,0.91,0.28,10.86,132476.20668771822,497812.962962963,-639200.0,1134.5368518518517,784924.074074074,54
5min,20,200.0,300.0,150.0,False,500000.0,403,401,2,99.5,518050.0,1.52,1155925.0,28.66,1285.5,13,0.91,0.45,17.27,111926.9871111111,511040.0,-1278850.0,315.90759259259255,904909.7222222222,54
5min,20,200.0,300.0,200.0,False,500000.0,371,367,4,98.92,162030.0,1.08,1219880.0,40.09,436.7,13,1.19,0.13,5.4,104467.21856252743,589063.1481481482,-1278850.0,168.0361111111111,1113276.5740740742,54
5min,20,200.0,300.0,200.0,True,500000.0,374,370,4,98.93,205250.0,1.14,1085835.0,29.96,548.8,13,1.18,0.19,6.84,158512.02039566424,643745.5555555555,-687290.0,1512.242592592593,894987.5,54
5min,20,200.0,300.0,250.0,False,500000.0,365,361,4,98.9,701930.0,1.35,1212880.0,39.78,1923.1,13,1.26,0.58,23.4,93583.51813675924,597932.2222222222,-1135660.0,84.83194444444445,1217440.4166666667,36
5min,20,200.0,300.0,250.0,True,500000.0,368,364,4,98.91,658420.0,1.44,1003845.0,25.43,1789.2,13,1.25,0.66,21.95,187649.0941837353,738012.7777777778,-687290.0,1582.7663888888885,925043.75,36
5min,20,200.0,350.0,100.0,False,500000.0,433,433,0,100.0,943280.0,999.99,282045.0,9.16,2178.5,10,0.57,3.34,31.44,273130.47571838595,642512.0833333334,23290.0,417.7575,646551.4583333334,24
5min,20,200.0,350.0,100.0,True,500000.0,434,434,0,100.0,854000.0,999.99,282045.0,9.16,1967.7,10,0.57,3.03,28.47,190279.9242769265,522995.8333333333,-267180.0,1416.622083333333,643467.9166666666,24
5min,20,200.0,350.0,150.0,False,500000.0,398,397,1,99.75,912440.0,2.82,794020.0,20.08,2292.6,12,0.79,1.15,30.41,226560.40865986492,623521.9444444445,23290.0,334.4783333333333,799192.3611111111,36
5min,20,200.0,350.0,150.0,True,500000.0,400,399,1,99.75,741870.0,2.48,794020.0,20.59,1854.7,12,0.79,0.93,24.73,210274.65684998085,594130.5555555555,-267180.0,1562.4299999999998,693642.3611111111,36
5min,20,250.0,150.0,100.0,False,500000.0,264,263,1,99.62,578300.0,2.15,554570.0,14.15,2190.5,14,1.36,1.04,19.28,92097.76990578126,351341.25,-730570.0,126.43875000000001,689340.2083333334,24
5min,20,200.0,350.0,200.0,True,500000.0,373,369,4,98.93,687410.0,1.69,712310.0,22.64,1842.9,12,1.02,0.97,22.91,263037.66375622514,790815.5555555555,-267180.0,2184.3836111111113,789301.8055555555,36
5min,20,200.0,350.0,200.0,False,500000.0,371,368,3,99.19,464030.0,1.31,1198795.0,39.08,1250.8,12,1.03,0.39,15.47,225484.96875934352,759005.8333333334,23290.0,168.19,1011342.5,36
5min,20,250.0,150.0,100.0,True,500000.0,264,262,2,99.24,720600.0,2772.54,276585.0,8.08,2729.5,14,1.34,2.61,24.02,139585.19503749997,469783.3333333333,-943450.0,3881.0266666666666,514366.25,24
5min,20,200.0,350.0,250.0,False,500000.0,359,356,3,99.16,928150.0,1.62,1193795.0,38.84,2585.4,12,1.12,0.78,30.94,244273.049640688,806022.0833333334,130450.0,85.03083333333333,1122430.8333333333,24
5min,20,200.0,350.0,250.0,True,500000.0,362,358,4,98.9,1086560.0,2.09,690880.0,22.5,3001.5,12,1.11,1.57,36.22,423883.9072594876,937372.0833333334,205250.0,2331.7379166666665,792453.3333333334,24
5min,20,250.0,150.0,150.0,False,500000.0,257,255,2,99.22,917400.0,1.92,766770.0,17.49,3569.6,14,1.85,1.2,30.58,95166.23583001543,406684.72222222225,-2181670.0,85.03805555555556,829975.2777777778,36
5min,20,250.0,150.0,200.0,False,500000.0,248,245,3,98.79,1435940.0,1.95,1013020.0,20.36,5790.1,14,2.38,1.42,47.86,68241.29050411981,427986.94444444444,-2181670.0,1.802777777777778,1115547.5,36
5min,20,250.0,150.0,150.0,True,500000.0,258,256,2,99.22,1284170.0,4940.12,324360.0,8.39,4977.4,14,1.81,3.96,42.81,146251.5226540741,523376.1111111111,-1379300.0,4809.789722222222,602806.6666666666,36
5min,20,250.0,150.0,200.0,True,500000.0,250,249,1,99.6,1765800.0,12613.86,324360.0,7.8,7063.2,14,2.31,5.44,58.86,168593.97190756944,673860.8333333334,-1379300.0,5474.524444444444,749044.5833333334,36
5min,20,250.0,150.0,250.0,False,500000.0,237,231,6,97.47,834470.0,1.28,2240865.0,41.62,3521.0,15,2.81,0.37,27.82,52539.32846098263,420203.3333333333,-2181670.0,1.7641666666666664,1291262.5,24
5min,20,250.0,150.0,250.0,True,500000.0,242,239,3,98.76,1102510.0,2.1,1286955.0,30.23,4555.8,15,2.7,0.86,36.75,160419.4267072222,702173.3333333334,-1379300.0,5962.102083333334,857693.5416666666,24
5min,20,250.0,200.0,100.0,False,500000.0,261,260,1,99.62,414830.0,1.83,538840.0,14.25,1589.4,13,1.12,0.77,13.83,128172.40285664352,482445.27777777775,-730570.0,306.75194444444446,671637.9166666666,36
5min,20,250.0,200.0,100.0,True,500000.0,262,260,2,99.24,705080.0,3205.91,220220.0,6.63,2691.1,10,1.1,3.2,23.5,166000.45373095994,515201.94444444444,-943450.0,2809.7688888888893,542286.3888888889,36
5min,20,250.0,200.0,150.0,False,500000.0,256,254,2,99.22,374710.0,1.37,797775.0,20.24,1463.7,13,1.39,0.47,12.49,125777.26617190671,520779.25925925927,-2181670.0,260.62185185185183,792412.8703703703,54
5min,20,250.0,200.0,150.0,True,500000.0,257,254,3,98.83,1000590.0,3228.71,220220.0,6.39,3893.3,10,1.35,4.54,33.35,155727.26052345676,562646.6666666666,-1379300.0,3410.4505555555547,616118.5185185185,54
5min,20,250.0,200.0,200.0,False,500000.0,247,245,2,99.19,1080400.0,2.08,657475.0,14.97,4374.1,13,1.72,1.64,36.01,110885.59198938271,572410.5555555555,-2181670.0,149.67629629629627,1031415.5555555555,54
5min,20,250.0,200.0,200.0,True,500000.0,248,245,3,98.79,1403910.0,4529.74,414200.0,10.96,5660.9,12,1.67,3.39,46.8,178993.9293867901,707796.1111111111,-1379300.0,3798.212777777778,735554.4444444445,54
5min,20,250.0,250.0,100.0,False,500000.0,262,262,0,100.0,753580.0,999.99,451385.0,12.49,2876.3,11,0.85,1.67,25.12,193444.28489643664,540932.2222222222,-730570.0,473.12472222222215,582097.7777777778,36
5min,20,250.0,200.0,250.0,False,500000.0,237,233,4,98.31,796050.0,1.4,1123055.0,26.57,3358.9,13,2.11,0.71,26.54,93423.83649239969,565831.9444444445,-2181670.0,112.65972222222223,1174455.9722222222,36
5min,20,250.0,200.0,250.0,True,500000.0,241,237,4,98.34,1792990.0,3660.16,414200.0,10.5,7439.8,12,2.05,4.33,59.77,173644.42181383484,736295.2777777778,-1379300.0,4086.318055555555,820823.4722222222,36
5min,20,250.0,250.0,100.0,True,500000.0,262,262,0,100.0,666180.0,999.99,451385.0,12.67,2542.7,11,0.85,1.48,22.21,191739.21678082744,520399.1666666667,-943450.0,2279.444166666667,509369.30555555556,36
5min,20,250.0,250.0,150.0,False,500000.0,253,253,0,100.0,1269590.0,999.99,451385.0,11.13,5018.1,11,1.15,2.81,42.32,190926.1526011312,600107.7777777778,-730570.0,426.9320370370373,658548.9814814815,54
5min,20,250.0,250.0,150.0,True,500000.0,255,255,0,100.0,1003580.0,999.99,451385.0,11.74,3935.6,11,1.14,2.22,33.45,202942.77735498984,594297.9629629629,-943450.0,2716.049259259258,554683.6111111111,54
5min,20,250.0,250.0,200.0,True,500000.0,244,243,1,99.59,897930.0,2.8,538405.0,17.78,3680.0,12,1.5,1.67,29.93,293753.83124806336,809497.5925925926,-928110.0,3410.7887037037026,606419.6296296297,54
5min,20,250.0,250.0,200.0,False,500000.0,242,240,2,99.17,751610.0,1.75,666710.0,18.26,3105.8,12,1.48,1.13,25.05,233577.05126586193,735097.0370370371,-527420.0,297.60185185185185,780195.7407407408,54
5min,20,250.0,250.0,250.0,False,500000.0,233,230,3,98.71,847950.0,1.57,1194355.0,30.56,3639.3,12,1.76,0.71,28.26,219306.21687677674,764715.0,-527420.0,223.67666666666665,857842.9166666666,36
5min,20,250.0,250.0,250.0,True,500000.0,235,234,1,99.57,1357810.0,3.72,529605.0,17.46,5777.9,12,1.76,2.56,45.26,312817.39759951335,892102.7777777778,-928110.0,3737.587222222221,649600.0,36
5min,20,250.0,300.0,100.0,False,500000.0,261,261,0,100.0,655880.0,999.99,337320.0,9.53,2513.0,9,0.69,1.94,21.86,449918.57772941695,691503.3333333334,222910.0,722.8186111111113,488031.25,36
5min,20,250.0,300.0,100.0,True,500000.0,262,262,0,100.0,630250.0,999.99,337320.0,9.53,2405.5,9,0.69,1.87,21.01,452583.2528534043,603321.9444444445,296580.0,1388.7236111111108,473273.3333333333,36
5min,20,250.0,300.0,150.0,False,500000.0,249,249,0,100.0,1043430.0,999.99,411325.0,11.26,4190.5,10,0.92,2.54,34.78,295057.61821634346,710905.3703703703,-502300.0,648.8016666666667,564163.3333333334,54
5min,20,250.0,300.0,150.0,True,500000.0,252,251,1,99.6,970360.0,10782.78,337320.0,8.81,3850.6,9,0.91,2.88,32.35,300529.69521733775,671632.7777777778,-48080.0,1467.4466666666674,502312.68518518517,54
5min,20,250.0,300.0,200.0,True,500000.0,242,241,1,99.59,1330620.0,14785.67,427330.0,14.14,5498.4,10,1.16,3.11,44.35,378893.14231234905,868951.4814814815,-48080.0,1826.712407407408,550920.7407407408,54
5min,20,250.0,300.0,200.0,False,500000.0,240,239,1,99.58,931110.0,2.86,530625.0,17.55,3879.6,11,1.17,1.75,31.04,324216.32540291495,844315.1851851852,-502300.0,445.594814814815,692643.3333333334,54
5min,20,250.0,350.0,100.0,False,500000.0,262,262,0,100.0,589820.0,999.99,264245.0,7.6,2251.2,8,0.6,2.23,19.66,526473.7626170279,664928.3333333334,376130.0,750.53875,413930.2083333333,24
5min,20,250.0,300.0,250.0,False,500000.0,230,229,1,99.57,1496730.0,3.99,522825.0,17.27,6507.5,11,1.39,2.86,49.89,303608.19551486656,865674.1666666666,-502300.0,334.68583333333333,764689.5833333334,36
5min,20,250.0,300.0,250.0,True,500000.0,233,231,2,99.14,1653030.0,9184.5,427330.0,14.12,7094.5,10,1.36,3.87,55.1,411391.32579898625,954842.2222222222,-48080.0,1887.9713888888894,566863.6111111111,36
5min,20,250.0,350.0,100.0,True,500000.0,262,261,1,99.62,567970.0,6311.78,264245.0,7.6,2167.8,8,0.6,2.15,18.93,472164.24161814555,601963.3333333334,296580.0,1749.4587499999998,410846.6666666667,24
5min,20,250.0,350.0,150.0,False,500000.0,251,251,0,100.0,955890.0,999.99,264245.0,7.13,3808.3,8,0.81,3.62,31.86,390887.64828064025,691873.8888888889,130450.0,667.3077777777778,487600.97222222225,36
5min,20,250.0,350.0,150.0,True,500000.0,251,250,1,99.6,889190.0,9880.89,264245.0,7.13,3542.6,8,0.81,3.37,29.64,441650.2314459613,686855.2777777778,205250.0,1895.2838888888894,432097.9166666667,36
5min,20,250.0,350.0,200.0,False,500000.0,238,237,1,99.58,825750.0,2.65,548980.0,18.01,3469.5,10,1.05,1.5,27.53,427461.42588822707,835843.8888888889,130450.0,445.68055555555554,607389.1666666666,36
5min,20,250.0,350.0,200.0,True,500000.0,240,238,2,99.17,1253680.0,5451.78,337455.0,11.17,5223.7,9,1.05,3.72,41.79,539863.4995250915,915593.8888888889,205250.0,2517.2738888888894,472094.02777777775,36
5min,20,250.0,350.0,250.0,False,500000.0,230,229,1,99.57,1278730.0,3.56,543430.0,17.8,5559.7,10,1.22,2.35,42.62,412332.7188214236,869966.6666666666,130450.0,334.80333333333334,676612.9166666666,24
5min,20,250.0,350.0,250.0,True,500000.0,233,231,2,99.14,1618530.0,7038.09,337455.0,11.15,6946.5,9,1.21,4.8,53.95,600046.2702924896,1029993.75,205250.0,2664.5820833333332,476753.75,24
5min,20,300.0,150.0,100.0,False,500000.0,184,184,0,100.0,982700.0,999.99,248085.0,7.18,5340.8,13,1.48,3.96,32.76,402441.5720342995,660721.25,223930.0,189.21687500000002,528794.375,16
5min,20,300.0,150.0,100.0,True,500000.0,184,183,1,99.46,700550.0,5004.93,248085.0,7.23,3807.3,13,1.47,2.82,23.35,693476.9154811869,786075.0,505220.0,5821.07625,244676.25,16
5min,20,300.0,150.0,150.0,False,500000.0,181,180,1,99.45,974640.0,2.95,574355.0,13.28,5384.8,14,1.85,1.7,32.49,470993.1006634414,858190.0,223930.0,127.12666666666667,570720.4166666666,24
5min,20,300.0,150.0,150.0,True,500000.0,181,180,1,99.45,952280.0,6803.0,274525.0,8.32,5261.2,13,1.8,3.47,31.74,809873.0968805737,953886.25,505220.0,7214.2375,262466.6666666667,24
5min,20,300.0,150.0,200.0,False,500000.0,179,178,1,99.44,1646120.0,4.29,574355.0,11.64,9196.2,14,2.22,2.87,54.87,480927.28409130615,936187.9166666666,349700.0,2.25625,819465.8333333334,24
5min,20,300.0,150.0,200.0,True,500000.0,180,179,1,99.44,1312580.0,9376.57,286050.0,8.04,7292.1,13,2.16,4.59,43.75,976986.1183544731,1190191.6666666667,659920.0,8211.316666666668,368042.0833333333,24
5min,20,300.0,150.0,250.0,True,500000.0,176,175,1,99.43,1613030.0,11522.64,310140.0,8.9,9164.9,13,2.65,5.2,53.77,1058203.1170178726,1316684.375,745350.0,8942.705625,426581.5625,16
5min,20,300.0,150.0,250.0,False,500000.0,174,171,3,98.28,1554400.0,2.03,1078995.0,20.81,8933.3,14,2.83,1.44,51.81,474281.6855355834,1028685.0,349700.0,2.215625,922531.5625,16
5min,20,300.0,200.0,100.0,False,500000.0,182,181,1,99.45,223930.0,1.45,535695.0,14.71,1230.4,13,1.24,0.42,7.46,442748.7922412468,710259.1666666666,223930.0,459.4745833333333,495766.25,24
5min,20,300.0,200.0,100.0,True,500000.0,182,181,1,99.45,576260.0,7204.25,208635.0,6.31,3166.3,10,1.21,2.76,19.21,643001.9474644999,755205.8333333334,468240.0,4214.0475,306354.1666666667,24
5min,20,300.0,200.0,150.0,False,500000.0,180,179,1,99.44,554280.0,2.1,535695.0,13.65,3079.3,13,1.4,1.03,18.48,506612.9674199235,886258.6111111111,223930.0,390.3522222222222,529698.1944444445,36
5min,20,300.0,200.0,150.0,True,500000.0,181,180,1,99.45,756480.0,9457.0,208635.0,6.14,4179.4,10,1.36,3.63,25.22,745376.2465585265,905407.7777777778,468240.0,5115.121944444443,320631.6666666667,36
5min,20,300.0,200.0,200.0,False,500000.0,176,175,1,99.43,1019270.0,3.03,535695.0,12.33,5791.3,13,1.68,1.9,33.98,554117.3969361085,1001334.1666666666,349700.0,223.97555555555553,726758.75,36
5min,20,300.0,200.0,200.0,True,500000.0,177,176,1,99.44,1041220.0,13016.25,294220.0,7.81,5882.6,11,1.64,3.54,34.71,908911.8517532042,1126616.388888889,659920.0,5696.776666666666,398927.5,36
5min,20,300.0,200.0,250.0,False,500000.0,175,172,3,98.29,502130.0,1.33,628155.0,19.94,2869.3,13,1.99,0.8,16.74,553161.1342001943,1087397.0833333333,349700.0,168.51916666666668,814075.0,24
5min,20,300.0,200.0,250.0,True,500000.0,177,176,1,99.44,1351470.0,16894.37,405075.0,13.39,7635.4,12,1.93,3.34,45.05,985241.7596034874,1239470.0,745350.0,6128.987083333333,443118.5416666667,24
5min,20,300.0,250.0,100.0,False,500000.0,182,182,0,100.0,592200.0,999.99,433385.0,12.43,3253.8,11,0.96,1.37,19.74,437834.0417780931,651346.6666666666,223930.0,708.8491666666667,430772.0833333333,24
5min,20,300.0,250.0,100.0,True,500000.0,182,182,0,100.0,519050.0,999.99,433385.0,12.56,2851.9,11,0.96,1.2,17.3,582657.4162347842,685696.6666666666,424250.0,3418.4266666666667,322127.5,24
5min,20,300.0,250.0,150.0,False,500000.0,181,181,0,100.0,862450.0,999.99,433385.0,11.73,4764.9,11,1.08,1.99,28.75,501242.7344021412,799898.0555555555,223930.0,639.668888888889,445522.22222222225,36
5min,20,300.0,250.0,150.0,True,500000.0,181,181,0,100.0,750800.0,999.99,433385.0,11.91,4148.1,11,1.08,1.73,25.03,676762.7387536898,822297.2222222222,424250.0,4073.3961111111107,337188.05555555556,36
5min,20,300.0,250.0,200.0,False,500000.0,174,174,0,100.0,1370820.0,999.99,433385.0,10.55,7878.3,11,1.44,3.16,45.69,626619.9054054263,957746.6666666666,349700.0,445.73333333333335,528564.4444444445,36
5min,20,300.0,250.0,200.0,True,500000.0,175,175,0,100.0,1105090.0,999.99,433385.0,10.97,6314.8,11,1.43,2.55,36.84,890013.3746966094,1082234.4444444445,606590.0,5115.508888888888,365763.3333333333,36
5min,20,300.0,250.0,250.0,False,500000.0,172,171,1,99.42,1330220.0,3.66,535085.0,17.72,7733.8,12,1.69,2.49,44.34,664085.1957428613,1049216.25,349700.0,334.9504166666666,563432.2916666666,24
5min,20,300.0,250.0,250.0,True,500000.0,173,172,1,99.42,868670.0,2.74,535085.0,17.72,5021.2,12,1.71,1.62,28.96,1010269.9430078912,1217616.6666666667,868670.0,5605.761666666666,387581.25,24
5min,20,300.0,300.0,100.0,False,500000.0,183,183,0,100.0,510750.0,999.99,324820.0,9.5,2791.0,9,0.75,1.57,17.02,578543.3854910405,703171.25,377840.0,999.9900000000001,337816.875,24
5min,20,300.0,300.0,100.0,True,500000.0,183,183,0,100.0,484150.0,999.99,324820.0,9.5,2645.6,9,0.75,1.49,16.14,535122.8384659702,641507.9166666666,355990.0,1998.9683333333332,334733.3333333333,24
5min,20,300.0,300.0,150.0,False,500000.0,179,179,0,100.0,741120.0,999.99,324820.0,9.0,4140.3,9,0.88,2.28,24.7,643121.0257370595,821558.6111111111,377840.0,916.8591666666669,356049.1666666667,36
5min,20,300.0,300.0,150.0,True,500000.0,180,180,0,100.0,701990.0,999.99,324820.0,9.0,3899.9,9,0.87,2.16,23.4,613657.3054591019,776410.8333333334,355990.0,2144.8722222222227,341684.44444444444,36
5min,20,300.0,300.0,200.0,False,500000.0,174,174,0,100.0,1108890.0,999.99,324820.0,8.26,6372.9,9,1.13,3.41,36.96,809521.4608281967,1018046.6666666666,569940.0,667.5991666666669,428977.5,36
5min,20,300.0,300.0,200.0,True,500000.0,175,175,0,100.0,1056260.0,999.99,324820.0,8.26,6035.8,9,1.12,3.25,35.21,852100.3493521403,1033985.2777777778,536590.0,2739.2441666666673,358591.6666666667,36
5min,20,300.0,300.0,250.0,False,500000.0,173,172,1,99.42,961080.0,2.92,536955.0,17.73,5555.4,11,1.36,1.79,32.04,859825.0314537577,1100419.1666666667,750340.0,501.40375,473016.0416666667,24
5min,20,300.0,300.0,250.0,True,500000.0,173,173,0,100.0,1398300.0,999.99,324820.0,7.71,8082.7,9,1.35,4.3,46.61,976403.8331218469,1165487.0833333333,749360.0,2831.2175,370520.8333333333,24
5min,20,300.0,350.0,100.0,False,500000.0,182,182,0,100.0,431290.0,999.99,254245.0,7.58,2369.7,8,0.61,1.7,14.38,553257.663675771,650089.375,377840.0,999.99,291870.3125,16
5min,20,300.0,350.0,100.0,True,500000.0,182,182,0,100.0,409440.0,999.99,254245.0,7.58,2249.7,8,0.61,1.61,13.65,526182.387008688,615528.125,355990.0,2498.4575,287245.0,16
5min,20,300.0,350.0,150.0,False,500000.0,181,181,0,100.0,646900.0,999.99,254245.0,7.19,3574.0,8,0.72,2.54,21.56,635464.7287998542,761140.0,377840.0,916.8870833333334,310246.875,24
5min,20,300.0,350.0,150.0,True,500000.0,181,181,0,100.0,613550.0,999.99,254245.0,7.19,3389.8,8,0.72,2.41,20.45,616370.5795321568,760390.8333333334,355990.0,2758.8629166666665,294045.8333333333,24
5min,20,300.0,350.0,200.0,False,500000.0,172,172,0,100.0,926910.0,999.99,254245.0,6.84,5389.0,8,0.95,3.65,30.9,796922.35154438,961256.6666666666,569940.0,667.6916666666667,372793.9583333333,24
5min,20,300.0,350.0,200.0,True,500000.0,173,173,0,100.0,884030.0,999.99,254245.0,6.84,5110.0,8,0.94,3.48,29.47,884012.7576622013,1051245.0,536590.0,3775.017916666666,307538.3333333333,24
5min,20,300.0,350.0,250.0,False,500000.0,171,170,1,99.42,750340.0,2.5,557710.0,18.26,4388.0,10,1.18,1.35,25.01,861391.1340374751,1048218.125,750340.0,501.5425,410943.125,16
5min,20,300.0,350.0,250.0,True,500000.0,171,171,0,100.0,1197960.0,999.99,332835.0,11.01,7005.6,9,1.18,3.6,39.93,1038379.3149496809,1205710.0,749360.0,3996.05125,317685.0,16
5min,40,100.0,150.0,100.0,False,500000.0,1155,1148,7,99.39,-26060.0,0.99,1868050.0,51.48,-22.6,15,1.26,-0.01,-0.87,-1000000.0,-484733.3333333333,-1868000.0,0.9058333333333334,1777534.1666666667,24
5min,40,100.0,150.0,100.0,True,500000.0,1160,1151,9,99.22,-444400.0,0.87,2125220.0,55.6,-383.1,15,1.26,-0.21,-14.81,-1000000.0,-417413.3333333333,-1272650.0,0.8975,1615565.2083333333,24
5min,40,100.0,150.0,150.0,False,500000.0,1097,1085,12,98.91,-876290.0,0.86,2224410.0,57.9,-798.8,15,1.43,-0.39,-29.21,-1000000.0,-593370.8333333334,-1899210.0,0.8905555555555554,1952830.5555555555,36
5min,40,100.0,150.0,150.0,True,500000.0,1115,1103,12,98.92,-760880.0,0.84,1863700.0,56.09,-682.4,15,1.4,-0.41,-25.36,-1000000.0,-527410.2777777778,-2290560.0,0.8780555555555556,1739798.1944444445,36
5min,40,100.0,150.0,200.0,False,500000.0,1041,1026,15,98.56,-673430.0,0.92,2519255.0,63.77,-646.9,15,1.59,-0.27,-22.45,-1000000.0,-813308.0555555555,-3091910.0,0.8627777777777778,2404547.361111111,36
5min,40,100.0,150.0,200.0,True,500000.0,1067,1054,13,98.78,-394870.0,0.93,1671810.0,47.12,-370.1,15,1.55,-0.24,-13.16,-1000000.0,-652428.3333333334,-2290560.0,0.8533333333333334,1964898.75,36
5min,40,100.0,150.0,250.0,False,500000.0,995,976,19,98.09,-964120.0,0.9,3580065.0,69.39,-969.0,15,1.71,-0.27,-32.14,-1000000.0,-900170.4166666666,-3091910.0,0.8620833333333334,2570757.2916666665,24
5min,40,100.0,150.0,250.0,True,500000.0,1025,1007,18,98.24,-1034300.0,0.85,2543550.0,62.2,-1009.1,15,1.66,-0.41,-34.48,-1000000.0,-729864.1666666666,-2290560.0,0.8516666666666666,2099492.9166666665,24
5min,40,100.0,200.0,100.0,False,500000.0,1129,1123,6,99.47,-77650.0,0.97,1245180.0,38.78,-68.8,15,0.94,-0.06,-2.59,-1000000.0,-401491.94444444444,-1868000.0,0.9308333333333333,1641957.9166666667,36
5min,40,100.0,200.0,100.0,True,500000.0,1136,1130,6,99.47,-88520.0,0.97,1362635.0,42.63,-77.9,15,0.94,-0.06,-2.95,-1000000.0,-266088.8888888889,-1272650.0,0.9502777777777776,1481984.1666666667,36
5min,40,100.0,200.0,150.0,False,500000.0,1056,1048,8,99.24,15300.0,1.0,1891095.0,45.49,14.5,15,1.08,0.01,0.51,-1000000.0,-529673.8888888889,-1899210.0,0.904074074074074,1831634.0740740742,54
5min,40,100.0,200.0,150.0,True,500000.0,1069,1061,8,99.25,107890.0,1.03,1281120.0,36.05,100.9,15,1.07,0.08,3.6,-1000000.0,-393647.4074074074,-2290560.0,0.9174074074074073,1633186.7592592593,54
5min,40,100.0,200.0,200.0,True,500000.0,1007,997,10,99.01,-715560.0,0.85,1873995.0,59.37,-710.6,15,1.22,-0.38,-23.85,-1000000.0,-524540.5555555555,-2290560.0,0.8794444444444444,1873456.6666666667,54
5min,40,100.0,200.0,200.0,False,500000.0,994,983,11,98.89,-202460.0,0.96,1871580.0,55.54,-203.7,15,1.22,-0.11,-6.75,-1000000.0,-702841.8518518518,-3091910.0,0.8703703703703702,2214803.888888889,54
5min,40,100.0,200.0,250.0,False,500000.0,959,946,13,98.64,-223430.0,0.97,1889510.0,58.68,-233.0,15,1.28,-0.12,-7.45,-1000000.0,-762827.2222222222,-3091910.0,0.8722222222222222,2368546.388888889,36
5min,40,100.0,200.0,250.0,True,500000.0,977,967,10,98.98,83430.0,1.02,1830915.0,57.52,85.4,15,1.27,0.05,2.78,-1000000.0,-606723.6111111111,-2290560.0,0.8680555555555556,2012263.3333333333,36
5min,40,100.0,250.0,100.0,False,500000.0,1087,1083,4,99.63,568630.0,1.28,1130005.0,35.51,523.1,14,0.77,0.5,18.95,-1000000.0,-45205.833333333336,-1278850.0,1.1375,1330913.611111111,36
5min,40,100.0,250.0,100.0,True,500000.0,1089,1083,6,99.45,747930.0,1.5,1130005.0,35.67,686.8,14,0.77,0.66,24.93,-1000000.0,-9657.222222222223,-713240.0,1.1158333333333335,1238568.888888889,36
5min,40,100.0,250.0,150.0,False,500000.0,1022,1016,6,99.41,389980.0,1.13,1502940.0,48.04,381.6,14,0.88,0.26,13.0,-1000000.0,-116987.5925925926,-1383100.0,1.0824074074074075,1498365.0,54
5min,40,100.0,250.0,150.0,True,500000.0,1027,1019,8,99.22,865430.0,1.43,1524690.0,48.74,842.7,14,0.88,0.57,28.85,-1000000.0,-102418.33333333333,-1598920.0,1.056851851851852,1388437.7777777778,54
5min,40,100.0,250.0,200.0,False,500000.0,965,956,9,99.07,-226660.0,0.95,2170325.0,69.44,-234.9,14,0.96,-0.1,-7.56,-1000000.0,-117358.33333333333,-1460990.0,1.009259259259259,1753879.9074074074,54
5min,40,100.0,250.0,200.0,True,500000.0,970,959,11,98.87,-137890.0,0.96,2200360.0,70.4,-142.2,14,0.96,-0.06,-4.6,-1000000.0,-134268.5185185185,-1598920.0,0.9746296296296296,1610294.537037037,54
5min,40,100.0,250.0,250.0,False,500000.0,925,916,9,99.03,638240.0,1.14,2139365.0,67.92,690.0,14,1.01,0.3,21.27,-1000000.0,-48679.444444444445,-1460990.0,1.0455555555555556,1829220.6944444445,36
5min,40,100.0,250.0,250.0,True,500000.0,930,919,11,98.82,397810.0,1.11,2176115.0,69.09,427.8,14,1.02,0.18,13.26,-1000000.0,-110727.22222222222,-1598920.0,0.9961111111111113,1692170.8333333333,36
5min,40,100.0,300.0,100.0,False,500000.0,1057,1054,3,99.72,632320.0,1.41,1173400.0,37.13,598.2,13,0.65,0.54,21.08,9013.052721788194,104978.88888888889,-1278850.0,1.1916666666666667,1279531.25,36
5min,40,100.0,300.0,100.0,True,500000.0,1063,1059,4,99.62,448850.0,1.29,1173400.0,37.13,422.2,13,0.64,0.38,14.96,4732.478809488233,54176.666666666664,-713240.0,1.1308333333333336,1227536.8055555555,36
5min,40,100.0,300.0,150.0,False,500000.0,998,993,5,99.5,351900.0,1.14,1715335.0,55.27,352.6,13,0.72,0.21,11.73,9260.070572342935,137266.66666666666,-1383100.0,1.1737037037037037,1425234.4444444445,54
5min,40,100.0,300.0,150.0,True,500000.0,1003,998,5,99.5,-24890.0,0.99,1715335.0,55.27,-24.8,13,0.72,-0.01,-0.83,5490.848694174554,73943.51851851853,-1263330.0,1.1179629629629628,1335780.0,54
5min,40,100.0,300.0,200.0,False,500000.0,950,945,5,99.47,1144150.0,1.45,1651560.0,53.31,1204.4,13,0.78,0.69,38.14,15797.505148831096,348959.0740740741,-1383100.0,1.1866666666666665,1618508.148148148,54
5min,40,100.0,300.0,200.0,True,500000.0,959,954,5,99.48,592920.0,1.23,1671115.0,53.71,618.3,13,0.79,0.35,19.76,10332.941330530677,187835.37037037036,-1263330.0,1.1157407407407407,1506958.7037037036,54
5min,40,100.0,300.0,250.0,False,500000.0,889,884,5,99.44,2139910.0,1.84,1619190.0,51.98,2407.1,13,0.85,1.32,71.33,20098.914142968704,516908.8888888889,-1383100.0,1.2602777777777776,1691473.611111111,36
5min,40,100.0,300.0,250.0,True,500000.0,892,887,5,99.44,1190510.0,1.47,1657085.0,52.97,1334.7,13,0.88,0.72,39.68,16204.177312462323,308114.44444444444,-1263330.0,1.1802777777777778,1554414.861111111,36
5min,40,100.0,350.0,100.0,False,500000.0,1023,1019,4,99.61,-14680.0,0.99,1645715.0,53.65,-14.3,12,0.58,-0.01,-0.49,27324.14419036726,274972.9166666667,-499600.0,1.2970833333333334,1233894.1666666667,24
5min,40,100.0,350.0,100.0,True,500000.0,1024,1020,4,99.61,-166940.0,0.92,1645715.0,53.65,-163.0,12,0.58,-0.1,-5.56,5637.579385777081,62985.0,-713240.0,1.1683333333333332,1233894.1666666667,24
5min,40,100.0,350.0,150.0,False,500000.0,947,943,4,99.58,614570.0,1.31,1624815.0,52.73,649.0,12,0.64,0.38,20.49,34619.39150506667,407040.0,-499600.0,1.2950000000000002,1343231.111111111,36
5min,40,100.0,350.0,150.0,True,500000.0,953,949,4,99.58,416690.0,1.21,1624815.0,52.73,437.2,12,0.64,0.26,13.89,14486.352338960409,173976.11111111112,-713240.0,1.1788888888888889,1293688.0555555555,36
5min,40,100.0,350.0,200.0,False,500000.0,907,903,4,99.56,1236580.0,1.62,1619680.0,52.16,1363.4,12,0.68,0.76,41.22,59102.693776222135,764393.3333333334,-499600.0,1.337222222222222,1510103.75,36
5min,40,100.0,350.0,200.0,True,500000.0,916,910,6,99.34,859480.0,1.43,1608225.0,52.14,938.3,12,0.69,0.53,28.65,29394.427941538037,416135.55555555556,-713240.0,1.2077777777777776,1415151.8055555555,36
5min,40,100.0,350.0,250.0,False,500000.0,878,874,4,99.54,1838120.0,1.92,1579670.0,50.64,2093.5,12,0.71,1.16,61.27,106297.09322696444,1019433.75,56850.0,1.4441666666666668,1555148.125,24
5min,40,150.0,150.0,100.0,False,500000.0,643,639,4,99.38,-116710.0,0.95,1344555.0,39.11,-181.5,15,1.22,-0.09,-3.89,-1000000.0,-387976.1111111111,-1868000.0,0.9122222222222222,1514049.0277777778,36
5min,40,100.0,350.0,250.0,True,500000.0,885,879,6,99.32,1355470.0,1.68,1570215.0,50.67,1531.6,12,0.72,0.86,45.18,66975.78399623971,642392.9166666666,-354740.0,1.32,1412720.2083333333,24
5min,40,150.0,150.0,100.0,True,500000.0,645,640,5,99.22,-115300.0,0.94,1436935.0,43.25,-178.8,15,1.21,-0.08,-3.84,-1000000.0,-343404.72222222225,-1272650.0,0.8947222222222222,1423060.2777777778,36
5min,40,150.0,150.0,150.0,False,500000.0,603,595,8,98.67,-555100.0,0.87,1771650.0,50.35,-920.6,15,1.73,-0.31,-18.5,-1000000.0,-530992.7777777778,-2181670.0,0.8914814814814813,1737026.2962962964,54
5min,40,150.0,150.0,150.0,True,500000.0,612,604,8,98.69,-667420.0,0.8,1648405.0,51.59,-1090.6,15,1.69,-0.4,-22.25,-1000000.0,-459008.3333333333,-2290560.0,0.8749999999999999,1568068.9814814816,54
5min,40,150.0,150.0,200.0,False,500000.0,587,575,12,97.96,-1169580.0,0.82,2587490.0,73.41,-1992.5,15,1.94,-0.45,-38.99,-1000000.0,-719292.9629629629,-3091910.0,0.8792592592592592,2163487.037037037,54
5min,40,150.0,150.0,200.0,True,500000.0,597,584,13,97.82,-1801140.0,0.66,2954435.0,91.08,-3017.0,15,1.9,-0.61,-60.04,-1000000.0,-545877.2222222222,-2290560.0,0.8762962962962961,1788174.6296296297,54
5min,40,150.0,150.0,250.0,False,500000.0,568,554,14,97.54,-920100.0,0.88,3104375.0,75.3,-1619.9,15,2.11,-0.3,-30.67,-1000000.0,-846300.5555555555,-3091910.0,0.8625,2379902.5,36
5min,40,150.0,150.0,250.0,True,500000.0,578,564,14,97.58,-1390060.0,0.74,2716175.0,82.47,-2404.9,15,2.05,-0.51,-46.34,-1000000.0,-639587.7777777778,-2290560.0,0.8641666666666666,1935296.9444444445,36
5min,40,150.0,200.0,100.0,False,500000.0,634,631,3,99.53,189050.0,1.12,665155.0,21.62,298.2,15,0.96,0.28,6.3,-1000000.0,-246632.22222222222,-1868000.0,1.0599999999999998,1412002.5925925926,54
5min,40,150.0,200.0,100.0,True,500000.0,636,631,5,99.21,-117290.0,0.92,665155.0,21.62,-184.4,15,0.94,-0.18,-3.91,-1000000.0,-177958.33333333334,-1272650.0,1.0218518518518518,1308212.3148148148,54
5min,40,150.0,200.0,150.0,False,500000.0,579,572,7,98.79,-561970.0,0.84,1555185.0,49.31,-970.6,15,1.4,-0.36,-18.73,-1000000.0,-401434.44444444444,-2181670.0,0.995432098765432,1631517.962962963,81
5min,40,150.0,200.0,150.0,True,500000.0,586,579,7,98.81,-377420.0,0.85,1583710.0,50.21,-644.1,15,1.37,-0.24,-12.58,-1000000.0,-299808.76543209876,-2290560.0,0.9741975308641977,1461439.2592592593,81
5min,40,150.0,200.0,200.0,False,500000.0,568,559,9,98.42,-804480.0,0.82,1760520.0,52.98,-1416.3,15,1.5,-0.46,-26.82,-1000000.0,-542398.3950617284,-3091910.0,0.9525925925925925,1995339.6296296297,81
5min,40,150.0,200.0,200.0,True,500000.0,575,567,8,98.61,-306550.0,0.9,1555710.0,48.52,-533.1,15,1.48,-0.2,-10.22,-1000000.0,-382510.2469135802,-2290560.0,0.9524691358024692,1681564.5679012346,81
5min,40,150.0,200.0,250.0,False,500000.0,547,536,11,97.99,-849820.0,0.85,1890400.0,58.09,-1553.6,15,1.63,-0.45,-28.33,-1000000.0,-643613.8888888889,-3091910.0,0.9033333333333332,2183793.796296296,54
5min,40,150.0,200.0,250.0,True,500000.0,560,552,8,98.57,-183400.0,0.95,1510620.0,46.42,-327.5,15,1.59,-0.12,-6.11,-1000000.0,-471647.962962963,-2290560.0,0.9151851851851852,1820685.0,54
5min,40,150.0,250.0,100.0,True,500000.0,629,627,2,99.68,221220.0,1.22,821060.0,24.7,351.7,14,0.77,0.27,7.37,5811.280397034669,52588.7037037037,-943450.0,1.221296296296296,1095188.0555555555,54
5min,40,150.0,250.0,100.0,False,500000.0,626,624,2,99.68,509110.0,1.51,806810.0,22.7,813.3,14,0.78,0.63,16.97,8598.843808045522,77569.81481481482,-1278850.0,1.3098148148148145,1153674.537037037,54
5min,40,150.0,250.0,150.0,False,500000.0,577,572,5,99.13,-20870.0,0.99,1414630.0,43.02,-36.2,14,1.09,-0.01,-0.7,-1000000.0,-544.6913580246913,-1383100.0,1.2093827160493829,1325233.4567901234,81
5min,40,150.0,250.0,150.0,True,500000.0,582,577,5,99.14,-23230.0,0.99,1342810.0,43.02,-39.9,14,1.09,-0.02,-0.77,-1000000.0,-21804.074074074073,-1598920.0,1.147037037037037,1224222.9012345679,81
5min,40,150.0,250.0,200.0,False,500000.0,553,546,7,98.73,-423380.0,0.88,1862860.0,57.36,-765.6,14,1.21,-0.23,-14.11,1798.2417618718212,35416.79012345679,-1460990.0,1.1404938271604936,1554809.4444444445,81
5min,40,150.0,250.0,200.0,True,500000.0,561,555,6,98.93,-44260.0,0.98,1765685.0,57.36,-78.9,14,1.2,-0.03,-1.48,1.9592514329812718,29.506172839506174,-1598920.0,1.1017283950617283,1397297.8395061728,81
5min,40,150.0,250.0,250.0,False,500000.0,534,526,8,98.5,-51740.0,0.99,1749685.0,56.54,-96.9,14,1.34,-0.03,-1.72,2066.183022539287,55033.7037037037,-1460990.0,1.0948148148148147,1657074.8148148148,54
5min,40,150.0,300.0,100.0,False,500000.0,621,620,1,99.84,811140.0,2.62,699425.0,17.9,1306.2,11,0.63,1.16,27.04,49129.969623302466,270084.6296296296,-1278850.0,56.92388888888889,1090470.8333333333,54
5min,40,150.0,300.0,100.0,True,500000.0,621,620,1,99.84,708540.0,2.42,699425.0,18.23,1141.0,11,0.63,1.01,23.62,36584.80094521604,192013.88888888888,-713240.0,56.805740740740745,1047339.7222222222,54
5min,40,150.0,250.0,250.0,True,500000.0,544,536,8,98.53,-137270.0,0.95,1794835.0,58.0,-252.3,14,1.33,-0.08,-4.58,518.6994859028097,9178.148148148148,-1598920.0,1.0796296296296297,1476537.037037037,54
5min,40,150.0,300.0,150.0,False,500000.0,565,561,4,99.29,23290.0,1.01,1279640.0,41.21,41.2,13,0.92,0.02,0.78,37415.818951761925,245956.9135802469,-1383100.0,38.3316049382716,1239382.6543209876,81
5min,40,150.0,300.0,150.0,True,500000.0,571,567,4,99.3,-267180.0,0.87,1279640.0,41.21,-467.9,13,0.91,-0.21,-8.91,32032.706187861604,186248.64197530865,-1263330.0,38.2562962962963,1140055.3086419753,81
5min,40,150.0,300.0,200.0,False,500000.0,543,538,5,99.08,190500.0,1.08,1720200.0,56.07,350.8,13,1.03,0.11,6.35,30309.992798695537,401331.1111111111,-1383100.0,1.3298765432098765,1432100.2469135802,81
5min,40,150.0,300.0,200.0,True,500000.0,551,547,4,99.27,241210.0,1.12,1276640.0,40.81,437.8,13,1.02,0.19,8.04,26284.111492510132,287632.83950617287,-1263330.0,1.2790123456790123,1285536.4197530865,81
5min,40,150.0,300.0,250.0,True,500000.0,538,534,4,99.26,693340.0,1.34,1273640.0,40.42,1288.7,13,1.06,0.54,23.11,31264.44361415492,365110.3703703704,-1263330.0,1.2675925925925926,1324466.5740740742,54
5min,40,150.0,350.0,100.0,False,500000.0,614,612,2,99.67,188070.0,1.19,650455.0,19.56,306.3,12,0.53,0.29,6.27,74961.64609745369,387099.1666666667,-499600.0,84.70805555555555,1031751.3888888889,36
5min,40,150.0,300.0,250.0,False,500000.0,526,521,5,99.05,762750.0,1.3,1707200.0,55.42,1450.1,13,1.08,0.45,25.43,30290.104344844316,488804.81481481483,-1383100.0,1.2794444444444446,1515667.2222222222,54
5min,40,150.0,350.0,100.0,True,500000.0,615,613,2,99.67,122580.0,1.12,650455.0,19.83,199.3,12,0.54,0.19,4.09,40967.29802677468,211553.61111111112,-713240.0,84.57055555555556,1031751.3888888889,36
5min,40,150.0,350.0,150.0,False,500000.0,551,548,3,99.46,350610.0,1.23,1206490.0,39.0,636.3,12,0.78,0.29,11.69,79941.13688826018,440094.25925925927,-499600.0,56.89574074074074,1148823.3333333333,54
5min,40,150.0,350.0,150.0,True,500000.0,551,548,3,99.46,120080.0,1.08,1206490.0,39.0,217.9,12,0.78,0.1,4.0,49370.59288580246,270077.77777777775,-713240.0,56.79814814814816,1085993.0555555555,54
5min,40,150.0,350.0,200.0,False,500000.0,522,518,4,99.23,358900.0,1.18,1678905.0,54.53,687.5,12,0.88,0.21,11.96,84603.17044709926,696301.2962962963,-499600.0,1.4451851851851851,1318627.962962963,54
5min,40,150.0,350.0,200.0,True,500000.0,527,523,4,99.24,561680.0,1.37,1204490.0,38.78,1065.8,12,0.87,0.47,18.72,50568.66979885141,459337.4074074074,-713240.0,1.366111111111111,1194132.4074074074,54
5min,40,150.0,350.0,250.0,False,500000.0,509,505,4,99.21,975510.0,1.49,1668405.0,54.04,1916.5,12,0.94,0.58,32.52,118921.29091620595,852327.5,56850.0,1.4266666666666667,1377712.638888889,36
5min,40,200.0,150.0,100.0,True,500000.0,368,365,3,99.18,-175620.0,0.87,1033760.0,33.31,-477.2,15,1.37,-0.17,-5.85,28252.733958217596,125690.27777777778,-943450.0,1652.6225000000002,876097.0833333334,36
5min,40,200.0,150.0,100.0,False,500000.0,368,365,3,99.18,-292270.0,0.84,1033760.0,31.38,-794.2,15,1.38,-0.28,-9.74,16797.38860935185,82175.83333333333,-1201400.0,139.91555555555556,977960.5555555555,36
5min,40,150.0,350.0,250.0,True,500000.0,514,510,4,99.22,1002970.0,1.67,1202490.0,38.5,1951.3,12,0.93,0.83,33.43,96666.81826416925,615549.7222222222,-354740.0,1.392777777777778,1190969.3055555555,36
5min,40,200.0,150.0,150.0,False,500000.0,352,347,5,98.58,-433920.0,0.85,1310530.0,38.01,-1232.7,15,1.81,-0.33,-14.46,534.1807780521261,3298.1481481481483,-2181670.0,112.23537037037035,1190180.7407407407,54
5min,40,200.0,150.0,150.0,True,500000.0,355,351,4,98.87,-106540.0,0.94,1420105.0,43.43,-300.1,15,1.76,-0.08,-3.55,16244.176169790806,82422.03703703704,-2290560.0,2112.275555555555,1014573.2407407408,54
5min,40,200.0,150.0,200.0,False,500000.0,337,329,8,97.63,-1202850.0,0.74,1904920.0,60.56,-3569.3,15,2.24,-0.63,-40.1,-1000000.0,-171591.85185185185,-2476990.0,56.70759259259259,1612224.537037037,54
5min,40,200.0,150.0,200.0,True,500000.0,343,337,6,98.25,-724170.0,0.77,1797535.0,57.15,-2111.3,15,2.17,-0.4,-24.14,7867.178639629628,52864.07407407407,-2290560.0,1922.618333333333,1255905.0,54
5min,40,200.0,150.0,250.0,False,500000.0,330,320,10,96.97,-1191010.0,0.79,2399840.0,72.35,-3609.1,15,2.47,-0.5,-39.7,-1000000.0,-276935.0,-2476990.0,28.94805555555556,1839496.9444444445,36
5min,40,200.0,150.0,250.0,True,500000.0,337,329,8,97.63,-797440.0,0.78,2079315.0,65.45,-2366.3,15,2.36,-0.38,-26.58,1342.5786222376541,10978.611111111111,-2290560.0,1907.644722222222,1388548.0555555555,36
5min,40,200.0,200.0,100.0,False,500000.0,365,362,3,99.18,-388130.0,0.74,657195.0,21.6,-1063.4,15,1.08,-0.59,-12.94,37289.109211522635,174948.14814814815,-1278850.0,204.72814814814814,934281.1111111111,54
5min,40,200.0,200.0,100.0,True,500000.0,366,363,3,99.18,-85480.0,0.91,748875.0,24.67,-233.6,15,1.06,-0.11,-2.85,41594.460417558286,178474.07407407407,-943450.0,1213.1498148148148,834719.8148148148,54
5min,40,200.0,200.0,150.0,False,500000.0,350,347,3,99.14,236030.0,1.16,619940.0,20.22,674.4,15,1.34,0.38,7.87,17112.32340555555,97721.6049382716,-2181670.0,173.90518518518522,1124435.0,81
5min,40,200.0,200.0,150.0,True,500000.0,351,348,3,99.15,326580.0,1.33,619940.0,20.22,930.4,15,1.32,0.53,10.89,31452.501643013256,151060.37037037036,-2290560.0,1507.2525925925927,958942.6543209876,81
5min,40,200.0,200.0,200.0,True,500000.0,331,327,4,98.79,282250.0,1.19,967910.0,31.18,852.7,15,1.71,0.29,9.41,25160.44510951074,150662.96296296295,-2290560.0,1356.196049382716,1165008.950617284,81
5min,40,200.0,200.0,200.0,False,500000.0,328,323,5,98.48,95380.0,1.04,1167060.0,31.51,290.8,15,1.73,0.08,3.18,-1000000.0,-23940.246913580246,-2476990.0,99.90123456790123,1477832.9012345679,81
5min,40,200.0,200.0,250.0,False,500000.0,326,320,6,98.16,325050.0,1.11,1099460.0,30.79,997.1,15,1.84,0.3,10.83,-1000000.0,-107693.88888888889,-2476990.0,56.719074074074065,1668340.9259259258,54
5min,40,200.0,250.0,100.0,False,500000.0,360,359,1,99.72,497990.0,2.0,826980.0,22.36,1383.3,14,0.86,0.6,16.6,77283.58843432784,314087.962962963,-1278850.0,260.352962962963,769714.2592592592,54
5min,40,200.0,200.0,250.0,True,500000.0,330,326,4,98.79,668650.0,1.44,962410.0,30.79,2026.2,15,1.78,0.69,22.29,18461.382489670777,128013.70370370371,-2290560.0,1327.7344444444445,1278929.4444444445,54
5min,40,200.0,250.0,100.0,True,500000.0,360,358,2,99.44,307990.0,1.62,826980.0,23.33,855.5,14,0.86,0.37,10.27,71531.56624821329,276996.48148148146,-943450.0,1149.1662962962962,708800.0925925926,54
5min,40,200.0,250.0,150.0,False,500000.0,343,342,1,99.71,1053710.0,3.11,754270.0,18.46,3072.0,14,1.1,1.4,35.12,64278.012457378434,292985.43209876545,-1278850.0,235.64246913580251,903051.0493827161,81
5min,40,200.0,250.0,150.0,True,500000.0,344,342,2,99.42,673780.0,2.35,754270.0,20.05,1958.7,14,1.1,0.89,22.46,73711.88116400853,303468.02469135803,-943450.0,1392.6525925925928,785508.2716049383,81
5min,40,200.0,250.0,200.0,False,500000.0,325,321,4,98.77,213820.0,1.11,1295035.0,42.45,657.9,14,1.42,0.17,7.13,56066.93489849414,317100.987654321,-1460990.0,161.6711111111111,1115945.12345679,81
5min,40,200.0,250.0,200.0,True,500000.0,327,322,5,98.47,163320.0,1.11,1295035.0,42.45,499.4,14,1.43,0.13,5.44,87448.48493825026,401826.9135802469,-928110.0,1773.3088888888892,911863.7654320988,81
5min,40,200.0,250.0,250.0,False,500000.0,322,318,4,98.76,797160.0,1.4,1287035.0,42.05,2475.7,14,1.49,0.62,26.57,51294.57665931071,330303.51851851854,-1460990.0,112.36222222222221,1223523.611111111,54
5min,40,200.0,250.0,250.0,True,500000.0,324,319,5,98.46,509760.0,1.34,1287035.0,42.05,1573.3,14,1.49,0.4,16.99,98344.27217940327,473512.77777777775,-928110.0,1942.8918518518522,961545.7407407408,54
5min,40,200.0,300.0,100.0,False,500000.0,356,355,1,99.72,376130.0,1.75,731040.0,20.23,1056.5,11,0.72,0.51,12.54,124734.3814586454,474347.5925925926,-1278850.0,389.893888888889,685200.6481481482,54
5min,40,200.0,300.0,150.0,False,500000.0,339,338,1,99.71,807570.0,2.61,666775.0,17.15,2382.2,11,0.92,1.21,26.92,107824.46639211095,453767.16049382713,-1278850.0,334.33901234567907,811896.5432098765,81
5min,40,200.0,300.0,100.0,True,500000.0,356,355,1,99.72,296580.0,1.59,731040.0,20.53,833.1,11,0.72,0.41,9.89,102791.45503885116,381324.25925925927,-713240.0,833.7679629629628,652177.8703703703,54
5min,40,200.0,300.0,150.0,True,500000.0,339,338,1,99.71,665240.0,2.33,666775.0,17.61,1962.4,11,0.92,1.0,22.17,107635.15437849106,419324.44444444444,-713240.0,880.0630864197531,716564.7530864198,81
5min,40,200.0,300.0,200.0,False,500000.0,321,318,3,99.07,326740.0,1.22,1223820.0,40.27,1017.9,13,1.17,0.27,10.89,109793.9278215455,550718.2716049383,-1278850.0,211.12753086419755,1003175.1851851852,81
5min,40,200.0,300.0,200.0,True,500000.0,323,321,2,99.38,537110.0,1.54,742400.0,24.27,1662.9,13,1.15,0.72,17.9,129260.38411716811,550953.2098765433,-713240.0,1272.451111111111,826938.6419753087,81
5min,40,200.0,300.0,250.0,False,500000.0,316,313,3,99.05,845520.0,1.56,1217820.0,39.99,2675.7,13,1.25,0.69,28.18,106601.95347182784,588774.6296296297,-1135660.0,149.4925925925926,1094713.4259259258,54
5min,40,200.0,300.0,250.0,True,500000.0,318,316,2,99.37,983890.0,1.98,739400.0,24.09,3094.0,13,1.23,1.33,32.8,159552.43297165135,643047.7777777778,-687290.0,1395.9153703703705,855866.574074074,54
5min,40,200.0,350.0,100.0,False,500000.0,357,357,0,100.0,793470.0,999.99,277765.0,9.17,2222.6,10,0.6,2.86,26.45,194463.25978631654,531275.0,-499600.0,417.6641666666667,604339.8611111111,36
5min,40,200.0,350.0,100.0,True,500000.0,357,357,0,100.0,725070.0,999.99,277765.0,9.17,2031.0,10,0.6,2.61,24.17,133049.3779570985,429965.55555555556,-713240.0,1083.549722222222,602284.1666666666,36
5min,40,200.0,350.0,150.0,False,500000.0,339,338,1,99.71,674450.0,2.35,638615.0,16.74,1989.5,10,0.77,1.06,22.48,180469.3540474076,537366.4814814815,-499600.0,352.8861111111112,721373.0555555555,54
5min,40,200.0,350.0,150.0,True,500000.0,339,338,1,99.71,570050.0,2.14,638615.0,17.06,1681.6,10,0.77,0.89,19.0,148272.92086455497,484818.14814814815,-713240.0,1171.491296296296,651006.3888888889,54
5min,40,200.0,350.0,200.0,False,500000.0,321,318,3,99.07,130450.0,1.09,1200815.0,39.19,406.4,12,0.99,0.11,4.35,206018.39247715712,690395.925925926,-499600.0,223.54703703703703,900237.9629629629,54
5min,40,200.0,350.0,250.0,False,500000.0,312,309,3,99.04,548860.0,1.37,1195815.0,38.96,1759.2,12,1.09,0.46,18.3,243721.1511472633,767767.7777777778,56850.0,168.10833333333332,979055.6944444445,36
5min,40,200.0,350.0,200.0,True,500000.0,321,317,4,98.75,448970.0,1.45,693480.0,22.69,1398.7,12,0.99,0.65,14.97,194689.25604228038,653299.4444444445,-713240.0,1797.0009259259261,748799.5370370371,54
5min,40,200.0,350.0,250.0,True,500000.0,312,308,4,98.72,820880.0,1.82,690980.0,22.55,2631.0,12,1.09,1.19,27.36,260087.07323201068,783529.7222222222,-354740.0,2009.9161111111114,753953.75,36
5min,40,250.0,150.0,100.0,False,500000.0,219,219,0,100.0,1002640.0,999.99,361695.0,10.59,4578.3,14,1.47,2.77,33.42,118850.90842157407,432000.27777777775,-730570.0,306.6247222222222,624411.6666666666,36
5min,40,250.0,150.0,100.0,True,500000.0,219,217,2,99.09,614570.0,2364.73,276650.0,8.19,2806.3,14,1.46,2.22,20.49,124935.26385521606,418566.1111111111,-943450.0,3733.321111111111,507580.27777777775,36
5min,40,250.0,150.0,150.0,False,500000.0,215,214,1,99.53,1211740.0,3.41,587385.0,12.99,5636.0,14,1.91,2.06,40.39,121019.30153820988,487338.14814814815,-2181670.0,260.57425925925924,758364.1666666666,54
5min,40,250.0,150.0,150.0,True,500000.0,215,213,2,99.07,1116570.0,4295.5,276585.0,8.17,5193.3,14,1.87,4.04,37.22,135875.4898102366,478354.6296296296,-1379300.0,4568.674074074073,579761.9444444445,54
5min,40,250.0,150.0,200.0,False,500000.0,210,208,2,99.05,1449330.0,2.44,811340.0,16.61,6901.6,14,2.29,1.79,48.31,91107.91459086418,484950.18518518517,-2181670.0,131.1611111111111,1060646.6666666667,54
5min,40,250.0,150.0,200.0,True,500000.0,211,209,2,99.05,1524050.0,5862.73,276585.0,7.84,7223.0,14,2.22,5.51,50.8,157465.6375944753,614109.8148148148,-1379300.0,5162.465,717935.8333333334,54
5min,40,250.0,150.0,250.0,False,500000.0,204,199,5,97.55,648450.0,1.26,1900390.0,37.4,3178.7,15,2.69,0.34,21.61,68481.72114296295,455468.8888888889,-2181670.0,84.9438888888889,1248228.3333333333,36
5min,40,250.0,200.0,100.0,False,500000.0,216,215,1,99.54,301840.0,1.6,541595.0,14.7,1397.4,13,1.2,0.56,10.06,152763.9263550433,515767.4074074074,-730570.0,426.8703703703705,590864.2592592592,54
5min,40,250.0,150.0,250.0,True,500000.0,206,202,4,98.06,745350.0,1.74,1057735.0,25.89,3618.2,15,2.56,0.7,24.85,153643.82899412033,646780.8333333334,-1379300.0,5583.3325,812241.9444444445,36
5min,40,250.0,200.0,100.0,True,500000.0,217,216,1,99.54,615590.0,7695.87,220220.0,6.67,2836.8,10,1.17,2.8,20.52,147020.5084538439,465164.0740740741,-943450.0,2711.291481481481,503384.9074074074,54
5min,40,250.0,200.0,150.0,False,500000.0,214,213,1,99.53,688700.0,2.38,541595.0,13.5,3218.2,13,1.39,1.27,22.96,145201.51787867243,562699.1358024691,-2181670.0,383.80641975308635,709776.6049382716,81
5min,40,250.0,200.0,150.0,True,500000.0,215,214,1,99.53,872050.0,10901.62,220220.0,6.47,4056.0,10,1.36,3.96,29.07,149304.7940302469,521516.6666666667,-1379300.0,3255.861234567901,568552.0370370371,81
5min,40,250.0,200.0,200.0,False,500000.0,210,209,1,99.52,1214920.0,3.43,541595.0,12.13,5785.3,13,1.62,2.24,40.5,126960.62451604175,609978.3950617284,-2181670.0,248.25481481481486,959302.2839506173,81
5min,40,250.0,200.0,200.0,True,500000.0,211,210,1,99.53,1215920.0,15200.0,220220.0,6.26,5762.7,10,1.59,5.52,40.53,174960.93339297816,663965.061728395,-1379300.0,3614.7959259259255,682453.7654320988,81
5min,40,250.0,200.0,250.0,False,500000.0,203,199,4,98.03,349700.0,1.17,698435.0,19.9,1722.7,13,2.09,0.5,11.66,105744.00985964334,597127.4074074074,-2181670.0,186.6159259259259,1114560.7407407407,54
5min,40,250.0,200.0,250.0,True,500000.0,205,203,2,99.02,1515080.0,5828.23,398075.0,13.12,7390.6,12,2.04,3.81,50.5,173639.0914778875,700684.8148148148,-1379300.0,3870.737592592592,760932.9629629629,54
5min,40,250.0,250.0,100.0,True,500000.0,217,217,0,100.0,581010.0,999.99,426185.0,12.22,2677.5,11,0.92,1.36,19.37,186901.5539906054,482611.2962962963,-943450.0,2174.845740740741,449957.31481481483,54
5min,40,250.0,250.0,100.0,False,500000.0,217,217,0,100.0,668410.0,999.99,426185.0,12.04,3080.2,11,0.92,1.57,22.28,211787.26757542742,534852.4074074074,-730570.0,537.8155555555558,496290.74074074073,54
5min,40,250.0,250.0,150.0,False,500000.0,212,212,0,100.0,1057680.0,999.99,426185.0,11.02,4989.1,11,1.15,2.48,35.26,215270.7183444537,604368.1481481482,-730570.0,507.005061728395,569367.4074074074,81
5min,40,250.0,250.0,150.0,True,500000.0,213,213,0,100.0,885950.0,999.99,426185.0,11.36,4159.4,11,1.14,2.08,29.53,200727.12745796252,554890.0,-943450.0,2560.6923456790128,492744.0740740741,81
5min,40,250.0,250.0,200.0,False,500000.0,206,206,0,100.0,1526160.0,999.99,426185.0,10.44,7408.5,11,1.39,3.58,50.87,270665.77869735577,758324.3209876543,-527420.0,383.8583950617284,690807.9629629629,81
5min,40,250.0,250.0,200.0,True,500000.0,207,207,0,100.0,1199520.0,999.99,426185.0,10.65,5794.8,11,1.41,2.81,39.98,294070.7237726408,763031.2345679012,-928110.0,3244.2825925925927,541864.1975308642,81
5min,40,250.0,250.0,250.0,False,500000.0,202,200,2,99.01,1069380.0,2.07,705805.0,18.8,5294.0,12,1.71,1.52,35.65,260647.9983999259,799964.8148148148,-527420.0,316.08518518518514,773041.2962962963,54
5min,40,250.0,300.0,100.0,False,500000.0,217,217,0,100.0,570400.0,999.99,319820.0,9.24,2628.6,9,0.75,1.78,19.01,413199.2882065434,626892.4074074074,190080.0,722.7894444444443,421713.98148148146,54
5min,40,250.0,250.0,250.0,True,500000.0,203,202,1,99.51,1093050.0,3.18,531105.0,17.53,5384.5,12,1.72,2.06,36.44,315020.48455042875,842687.2222222222,-928110.0,3581.869999999999,584638.1481481482,54
5min,40,250.0,300.0,100.0,True,500000.0,217,217,0,100.0,543800.0,999.99,319820.0,9.24,2506.0,9,0.75,1.7,18.13,348723.3719001843,552191.2962962963,133310.0,1166.702222222222,410751.75925925927,54
5min,40,250.0,300.0,150.0,False,500000.0,210,210,0,100.0,897000.0,999.99,319820.0,8.57,4271.4,9,0.94,2.8,29.9,289376.8132758113,662767.6543209876,-502300.0,667.262098765432,488584.44444444444,81
5min,40,250.0,300.0,150.0,True,500000.0,210,210,0,100.0,856400.0,999.99,319820.0,8.57,4078.1,9,0.94,2.68,28.55,283218.41800657875,617591.8518518518,-48080.0,1213.0075308641976,441760.0,81
5min,40,250.0,300.0,200.0,False,500000.0,205,205,0,100.0,1214040.0,999.99,319820.0,8.03,5922.1,9,1.09,3.8,40.47,339767.6918725236,819199.1358024691,-502300.0,507.1644444444444,603305.987654321,81
5min,40,250.0,300.0,200.0,True,500000.0,205,205,0,100.0,1161410.0,999.99,319820.0,8.03,5665.4,9,1.1,3.63,38.71,362953.5775537661,807879.012345679,-48080.0,1593.1080246913582,492525.987654321,81
5min,40,250.0,300.0,250.0,True,500000.0,202,201,1,99.5,1482830.0,16476.89,319820.0,7.51,7340.7,9,1.28,4.64,49.43,394491.19583771523,889593.5185185185,-48080.0,1710.3861111111119,511883.3333333333,54
5min,40,250.0,300.0,250.0,False,500000.0,201,200,1,99.5,1140630.0,3.28,534375.0,17.58,5674.8,11,1.31,2.13,38.02,334232.8248975275,861194.6296296297,-502300.0,427.04777777777804,667091.1111111111,54
5min,40,250.0,350.0,100.0,False,500000.0,217,217,0,100.0,515930.0,999.99,250245.0,7.33,2377.6,8,0.65,2.06,17.2,416809.39920164045,598687.7777777778,190080.0,750.5033333333336,370686.25,36
5min,40,250.0,350.0,100.0,True,500000.0,217,217,0,100.0,494080.0,999.99,250245.0,7.33,2276.9,8,0.65,1.97,16.47,360101.6041879775,549106.9444444445,137130.0,1416.4372222222219,368630.55555555556,36
5min,40,250.0,350.0,150.0,False,500000.0,211,211,0,100.0,797200.0,999.99,250245.0,6.85,3778.2,8,0.82,3.19,26.57,376883.7973919849,637440.925925926,130450.0,685.7577777777776,426575.9259259259,54
5min,40,250.0,350.0,150.0,True,500000.0,211,211,0,100.0,763850.0,999.99,250245.0,6.85,3620.1,8,0.82,3.05,25.46,375800.2953786609,622467.4074074074,137130.0,1504.3935185185192,389573.8888888889,54
5min,40,250.0,350.0,200.0,False,500000.0,206,206,0,100.0,1112620.0,999.99,250245.0,6.47,5401.1,8,0.97,4.45,37.09,432326.9629600195,798781.2962962963,130450.0,519.5255555555558,526652.2222222222,54
5min,40,250.0,350.0,200.0,True,500000.0,206,206,0,100.0,1067770.0,999.99,250245.0,6.47,5183.3,8,0.97,4.27,35.59,480665.53569929104,829980.7407407408,165660.0,2129.933148148149,433044.1666666667,54
5min,40,250.0,350.0,250.0,False,500000.0,199,198,1,99.5,1002420.0,3.0,556530.0,18.16,5037.3,10,1.2,1.8,33.41,437434.5409597293,851569.7222222222,130450.0,445.59166666666664,577023.8888888889,36
5min,40,300.0,150.0,100.0,False,500000.0,153,152,1,99.35,385330.0,1.77,564920.0,14.91,2518.5,14,1.68,0.68,12.84,470806.670271115,745231.25,223930.0,459.4745833333334,443078.125,24
5min,40,250.0,350.0,250.0,True,500000.0,200,200,0,100.0,1384160.0,999.99,332255.0,10.75,6920.8,9,1.19,4.17,46.14,530556.5950793674,930143.8888888889,165660.0,2342.8052777777784,438667.5,36
5min,40,300.0,150.0,100.0,True,500000.0,153,152,1,99.35,641680.0,4584.43,248085.0,7.25,4194.0,13,1.64,2.59,21.39,636557.2157699877,725542.9166666666,418790.0,5599.537083333334,242345.20833333334,24
5min,40,300.0,150.0,150.0,False,500000.0,150,149,1,99.33,877770.0,2.75,554045.0,13.12,5851.8,14,2.08,1.58,29.26,543253.7074706858,934125.5555555555,223930.0,390.4147222222222,484837.3611111111,36
5min,40,300.0,150.0,150.0,True,500000.0,150,149,1,99.33,855590.0,6112.36,274525.0,8.32,5703.9,13,2.01,3.12,28.52,731218.5880791437,878634.1666666666,418790.0,6852.576666666666,257337.63888888888,36
5min,40,300.0,150.0,200.0,False,500000.0,148,147,1,99.32,1370130.0,3.74,554045.0,11.89,9257.6,14,2.34,2.47,45.67,376823.1971429149,993056.6666666666,-86040.0,196.28555555555556,750286.8055555555,36
5min,40,300.0,150.0,200.0,True,500000.0,149,148,1,99.33,1167420.0,8339.71,274525.0,8.09,7835.0,13,2.26,4.25,38.91,825209.8943392591,1087552.2222222222,437800.0,7743.236388888889,359540.55555555556,36
5min,40,300.0,150.0,250.0,False,500000.0,145,142,3,97.93,1011820.0,1.67,1225875.0,24.94,6978.1,14,2.84,0.83,33.73,359630.00218065333,1052483.75,-86040.0,126.98416666666667,873246.0416666666,24
5min,40,300.0,150.0,250.0,True,500000.0,147,146,1,99.32,1439770.0,10285.07,274525.0,7.89,9794.4,13,2.63,5.24,47.99,864967.1738249618,1199688.75,437800.0,8374.554166666667,414910.4166666667,24
5min,40,300.0,200.0,100.0,False,500000.0,151,151,0,100.0,672420.0,999.99,208635.0,6.21,4453.1,10,1.32,3.22,22.41,486103.9038376604,742107.5,223930.0,639.646388888889,410250.4166666667,36
5min,40,300.0,200.0,100.0,True,500000.0,151,150,1,99.34,505220.0,6316.25,208635.0,6.35,3345.8,10,1.32,2.42,16.84,602074.2743706162,698594.7222222222,395570.0,4066.354722222222,274743.05555555556,36
5min,40,300.0,200.0,150.0,True,500000.0,150,149,1,99.33,659920.0,8250.0,208635.0,6.21,4399.5,10,1.44,3.16,22.0,683257.5886047295,838340.7407407408,395570.0,4883.247962962962,293855.9259259259,54
5min,40,300.0,200.0,150.0,False,500000.0,149,148,1,99.33,410310.0,1.82,549055.0,14.39,2753.8,12,1.48,0.75,13.68,552863.6732055687,916526.4814814815,223930.0,575.1205555555557,449022.037037037,54
5min,40,300.0,200.0,200.0,False,500000.0,146,145,1,99.32,808910.0,2.61,549055.0,13.17,5540.5,12,1.75,1.47,26.96,428922.63539776084,1025723.3333333334,-86040.0,371.8237037037038,660747.8703703703,54
5min,40,300.0,200.0,200.0,True,500000.0,147,146,1,99.32,885170.0,11065.62,294220.0,8.06,6021.6,11,1.7,3.01,29.51,800051.0132021571,1045172.4074074074,437800.0,5421.64462962963,374790.462962963,54
5min,40,300.0,200.0,250.0,False,500000.0,144,142,2,98.61,736920.0,1.74,628155.0,17.45,5117.5,13,2.01,1.17,24.56,426094.5077981917,1098284.7222222222,-86040.0,279.4411111111111,764696.8055555555,36
5min,40,300.0,200.0,250.0,True,500000.0,146,145,1,99.32,1190680.0,14884.5,294220.0,7.65,8155.3,11,1.95,4.05,39.69,842205.3443524609,1151775.5555555555,437800.0,5805.601666666666,422635.27777777775,36
5min,40,300.0,250.0,100.0,False,500000.0,151,151,0,100.0,519540.0,999.99,407885.0,11.92,3440.7,11,1.05,1.27,17.32,461336.099838183,640718.0555555555,223930.0,805.8961111111113,344837.9166666667,36
5min,40,300.0,250.0,100.0,True,500000.0,151,151,0,100.0,468240.0,999.99,407885.0,11.97,3100.9,11,1.05,1.15,15.61,552593.3267532341,635376.6666666666,359680.0,3261.5525000000002,270722.77777777775,36
5min,40,300.0,250.0,150.0,False,500000.0,150,150,0,100.0,751230.0,999.99,407885.0,11.32,5008.2,11,1.15,1.84,25.04,524590.523956079,790381.6666666666,223930.0,759.7759259259257,364565.9259259259,54
5min,40,300.0,250.0,150.0,True,500000.0,150,150,0,100.0,672930.0,999.99,407885.0,11.39,4486.2,11,1.15,1.65,22.43,628159.1641392502,762622.7777777778,359680.0,3840.3748148148143,291219.537037037,54
5min,40,300.0,250.0,200.0,True,500000.0,146,146,0,100.0,951130.0,999.99,407885.0,10.72,6514.6,11,1.49,2.33,31.7,845486.9956305689,1010234.074074074,521020.0,4865.745925925926,327144.0740740741,54
5min,40,300.0,250.0,200.0,False,500000.0,146,146,0,100.0,1185480.0,999.99,407885.0,10.72,8119.7,11,1.49,2.91,39.52,668292.5610542034,967002.9629629629,349700.0,575.0861111111112,457877.68518518517,54
5min,40,300.0,250.0,250.0,False,500000.0,143,143,0,100.0,1556950.0,999.99,407885.0,10.52,10887.8,11,1.66,3.82,51.9,712092.4383756263,1068717.2222222222,349700.0,473.5311111111111,503170.4166666667,36
5min,40,300.0,300.0,100.0,False,500000.0,152,152,0,100.0,450850.0,999.99,307020.0,9.12,2966.1,9,0.85,1.47,15.03,523714.59088178433,640190.5555555555,291330.0,999.9899999999998,276395.97222222225,36
5min,40,300.0,250.0,250.0,True,500000.0,144,144,0,100.0,1207130.0,999.99,407885.0,10.52,8382.8,11,1.67,2.96,40.24,959586.3606095678,1139536.388888889,732030.0,5372.181666666666,354322.5,36
5min,40,300.0,300.0,100.0,True,500000.0,152,152,0,100.0,424250.0,999.99,307020.0,9.12,2791.1,9,0.85,1.38,14.14,507323.9322123843,594442.7777777778,291330.0,1665.9755555555553,272654.8611111111,36
5min,40,300.0,300.0,150.0,False,500000.0,150,150,0,100.0,647190.0,999.99,307020.0,8.71,4314.6,9,0.94,2.11,21.57,576065.1775472948,762482.7777777778,291330.0,944.5694444444442,299037.1296296296,54
5min,40,300.0,300.0,150.0,True,500000.0,150,150,0,100.0,606590.0,999.99,307020.0,8.71,4043.9,9,0.94,1.98,20.22,561004.2527012378,720958.3333333334,291330.0,1763.2448148148153,288337.037037037,54
5min,40,300.0,300.0,200.0,False,500000.0,145,145,0,100.0,952400.0,999.99,307020.0,8.1,6568.3,9,1.17,3.1,31.75,774158.189292655,975761.1111111111,449020.0,759.9385185185184,375316.75925925927,54
5min,40,300.0,300.0,200.0,True,500000.0,145,145,0,100.0,897800.0,999.99,307020.0,8.1,6191.7,9,1.17,2.92,29.93,792296.7259183207,968204.6296296297,449020.0,2388.8592592592604,317443.05555555556,54
5min,40,300.0,300.0,250.0,False,500000.0,143,143,0,100.0,1229440.0,999.99,307020.0,7.62,8597.5,9,1.3,4.0,40.98,870530.812312545,1075493.611111111,653530.0,639.912777777778,418609.44444444444,36
5min,40,300.0,300.0,250.0,True,500000.0,143,143,0,100.0,1165780.0,999.99,307020.0,7.62,8152.3,9,1.31,3.8,38.86,931572.6898377028,1094839.1666666667,653530.0,2564.858055555557,335540.0,36
5min,40,300.0,350.0,100.0,False,500000.0,151,151,0,100.0,377840.0,999.99,240245.0,7.26,2502.3,8,0.67,1.57,12.59,510498.46454790706,592355.8333333334,291330.0,999.9900000000001,242296.45833333334,24
5min,40,300.0,350.0,100.0,True,500000.0,151,151,0,100.0,355990.0,999.99,240245.0,7.26,2357.5,8,0.67,1.48,11.87,496839.6456223764,569315.0,291330.0,1998.9683333333335,239212.91666666666,24
5min,40,300.0,350.0,150.0,False,500000.0,150,150,0,100.0,569940.0,999.99,240245.0,6.93,3799.6,8,0.79,2.37,19.0,563128.6959410008,703060.0,291330.0,944.5880555555555,259860.0,36
5min,40,300.0,350.0,150.0,True,500000.0,150,150,0,100.0,536590.0,999.99,240245.0,6.93,3577.3,8,0.79,2.23,17.89,558334.5672541199,702560.5555555555,291330.0,2172.5719444444453,249059.30555555556,36
5min,40,300.0,350.0,200.0,False,500000.0,145,145,0,100.0,794210.0,999.99,240245.0,6.62,5477.3,8,0.98,3.31,26.47,769829.4030066656,918113.3333333334,449020.0,778.457777777778,322140.1388888889,36
5min,40,300.0,350.0,200.0,True,500000.0,145,145,0,100.0,749360.0,999.99,240245.0,6.62,5168.0,8,0.98,3.12,24.98,806354.8375519335,972100.5555555555,449020.0,3194.0583333333343,273519.44444444444,36
5min,40,300.0,350.0,250.0,False,500000.0,142,142,0,100.0,1046190.0,999.99,240245.0,6.53,7367.5,8,1.14,4.35,34.87,861648.3088611126,1018297.0833333334,653530.0,667.6916666666667,354115.0,24
5min,40,300.0,350.0,250.0,True,500000.0,142,142,0,100.0,989840.0,999.99,240245.0,6.53,6970.7,8,1.14,4.12,32.99,970373.3990458024,1114284.1666666667,653530.0,3513.43875,284267.5,24
5min,80,100.0,150.0,100.0,False,500000.0,863,856,7,99.19,-921830.0,0.76,2181010.0,65.64,-1068.2,15,1.31,-0.42,-30.73,-1000000.0,-373192.9166666667,-1629500.0,0.9179166666666667,1549275.4166666667,24
5min,80,100.0,150.0,100.0,True,500000.0,867,857,10,98.85,-1129390.0,0.67,2350885.0,65.12,-1302.6,15,1.3,-0.48,-37.65,-1000000.0,-466280.0,-1207980.0,0.8316666666666667,1506406.25,24
5min,80,100.0,150.0,150.0,False,500000.0,828,817,11,98.67,-1629500.0,0.73,2823020.0,70.77,-1968.0,15,1.49,-0.58,-54.32,-1000000.0,-493530.0,-1899210.0,0.9036111111111114,1728557.9166666667,36
5min,80,100.0,150.0,150.0,True,500000.0,837,825,12,98.57,-1207980.0,0.72,2011980.0,58.75,-1443.2,15,1.46,-0.6,-40.27,-1000000.0,-587526.9444444445,-2290560.0,0.8208333333333333,1636700.2777777778,36
5min,80,100.0,150.0,200.0,False,500000.0,798,784,14,98.25,-1763950.0,0.76,2790440.0,77.26,-2210.5,15,1.64,-0.63,-58.8,-1000000.0,-827763.6111111111,-3091910.0,0.8600000000000001,2164093.75,36
5min,80,100.0,150.0,200.0,True,500000.0,811,799,12,98.52,-566860.0,0.87,1836200.0,49.82,-699.0,15,1.6,-0.31,-18.9,-1000000.0,-754111.3888888889,-2290560.0,0.818888888888889,1877268.3333333333,36
5min,80,100.0,150.0,250.0,False,500000.0,773,754,19,97.54,-3091910.0,0.69,4798310.0,109.04,-3999.9,15,1.74,-0.64,-103.06,-1000000.0,-988521.6666666666,-3091910.0,0.8433333333333334,2365307.7083333335,24
5min,80,100.0,200.0,100.0,False,500000.0,842,836,6,99.29,-730410.0,0.76,1435345.0,44.25,-867.5,15,1.0,-0.51,-24.35,-1000000.0,-199000.55555555556,-1629500.0,28.723888888888894,1404937.361111111,36
5min,80,100.0,200.0,100.0,True,500000.0,847,841,6,99.29,-671130.0,0.73,1590690.0,45.32,-792.4,15,0.99,-0.42,-22.37,-1000000.0,-250772.77777777778,-1207980.0,28.66444444444444,1375031.6666666667,36
5min,80,100.0,150.0,250.0,True,500000.0,787,770,17,97.84,-1882460.0,0.71,3302300.0,79.56,-2391.9,15,1.71,-0.57,-62.75,-1000000.0,-875960.0,-2290560.0,0.80625,2014992.7083333333,24
5min,80,100.0,200.0,150.0,False,500000.0,806,798,8,99.01,-858440.0,0.79,2155040.0,57.16,-1065.1,15,1.12,-0.4,-28.61,-1000000.0,-352130.0,-1899210.0,19.438148148148148,1599170.0925925926,54
5min,80,100.0,200.0,200.0,False,500000.0,769,759,10,98.7,-767010.0,0.85,2321910.0,60.29,-997.4,15,1.26,-0.33,-25.57,-1000000.0,-637672.9629629629,-3091910.0,0.8835185185185185,1989062.3148148148,54
5min,80,100.0,200.0,150.0,True,500000.0,813,805,8,99.02,-624480.0,0.8,1975040.0,51.64,-768.1,15,1.1,-0.32,-20.82,-1000000.0,-379395.74074074073,-2290560.0,19.39222222222222,1516389.0740740742,54
5min,80,100.0,200.0,200.0,True,500000.0,776,766,10,98.71,-1598920.0,0.65,2370265.0,75.4,-2060.5,15,1.25,-0.67,-53.3,-1000000.0,-552710.925925926,-2290560.0,0.8651851851851851,1765110.2777777778,54
5min,80,100.0,200.0,250.0,False,500000.0,748,736,12,98.4,-1020720.0,0.83,2050735.0,64.61,-1364.6,15,1.31,-0.5,-34.02,-1000000.0,-772173.3333333334,-3091910.0,0.8605555555555555,2171978.472222222,36
5min,80,100.0,200.0,250.0,True,500000.0,758,748,10,98.68,-975910.0,0.79,2057570.0,60.48,-1287.5,15,1.3,-0.47,-32.53,-1000000.0,-667190.2777777778,-2290560.0,0.8441666666666666,1891054.5833333333,36
5min,80,100.0,250.0,100.0,False,500000.0,821,817,4,99.51,10320.0,1.01,1130975.0,35.92,12.6,14,0.79,0.01,0.34,12192.504107615738,70525.83333333333,-858440.0,56.654722222222226,1135600.138888889,36
5min,80,100.0,250.0,100.0,True,500000.0,822,817,5,99.39,270330.0,1.18,1130975.0,36.08,328.9,14,0.79,0.24,9.01,4720.290675069444,26702.5,-713240.0,84.29305555555555,1116133.1944444445,36
5min,80,100.0,250.0,150.0,False,500000.0,774,768,6,99.22,-321200.0,0.89,1519640.0,49.03,-415.0,14,0.92,-0.21,-10.71,-1000000.0,-10767.037037037036,-1112390.0,38.10074074074075,1304475.2777777778,54
5min,80,100.0,250.0,150.0,True,500000.0,779,772,7,99.1,215850.0,1.11,1541390.0,49.74,277.1,14,0.91,0.14,7.2,-1000000.0,-61184.25925925926,-1598920.0,56.51685185185186,1243071.0185185184,54
5min,80,100.0,250.0,200.0,False,500000.0,745,737,8,98.93,-627810.0,0.84,1813900.0,56.77,-842.7,14,0.99,-0.35,-20.93,-1000000.0,-95990.74074074074,-1460990.0,1.027037037037037,1573851.7592592593,54
5min,80,100.0,250.0,200.0,True,500000.0,750,741,9,98.8,-436940.0,0.85,1760130.0,56.39,-582.6,14,0.98,-0.25,-14.56,-1000000.0,-140342.96296296295,-1598920.0,0.9885185185185185,1464274.1666666667,54
5min,80,100.0,250.0,250.0,False,500000.0,720,712,8,98.89,120220.0,1.03,1671180.0,49.57,167.0,14,1.04,0.07,4.01,-1000000.0,-68973.33333333333,-1460990.0,1.0491666666666666,1662833.75,36
5min,80,100.0,250.0,250.0,True,500000.0,726,716,10,98.62,-95830.0,0.97,1719000.0,54.72,-132.0,14,1.04,-0.06,-3.19,-1000000.0,-127255.0,-1598920.0,1.0111111111111108,1520126.111111111,36
5min,80,100.0,300.0,100.0,True,500000.0,809,805,4,99.51,-21020.0,0.99,1176310.0,37.56,-26.0,13,0.66,-0.02,-0.7,27128.301182499992,145755.0,-713240.0,112.10750000000002,1069386.9444444445,36
5min,80,100.0,300.0,100.0,False,500000.0,804,801,3,99.63,132070.0,1.09,1176310.0,37.56,164.3,13,0.66,0.11,4.4,43263.21573162036,233031.66666666666,-682800.0,84.4836111111111,1071730.9722222222,36
5min,80,100.0,300.0,150.0,False,500000.0,764,759,5,99.35,-268560.0,0.89,1602385.0,51.97,-351.5,13,0.76,-0.17,-8.95,35249.35500171468,222088.5185185185,-843240.0,56.72648148148148,1206412.037037037,54
5min,80,100.0,300.0,150.0,True,500000.0,769,764,5,99.35,-632590.0,0.75,1602385.0,51.97,-822.6,13,0.75,-0.39,-21.09,23709.45933765089,142681.2962962963,-983090.0,75.12666666666668,1169146.2037037036,54
5min,80,100.0,300.0,200.0,False,500000.0,740,735,5,99.32,392390.0,1.15,1561085.0,50.38,530.3,13,0.8,0.25,13.08,23849.107123656184,326529.25925925927,-879010.0,1.2453703703703705,1413522.3148148148,54
5min,80,100.0,300.0,200.0,True,500000.0,749,744,5,99.33,-135660.0,0.95,1561085.0,50.38,-181.1,13,0.8,-0.09,-4.52,13314.384203555881,178021.2962962963,-983090.0,1.1603703703703705,1355456.111111111,54
5min,80,100.0,300.0,250.0,False,500000.0,693,688,5,99.28,1297890.0,1.51,1619355.0,51.99,1872.9,13,0.9,0.8,43.26,29726.804894169953,441496.94444444444,-879010.0,1.2977777777777777,1481175.8333333333,36
5min,80,100.0,300.0,250.0,True,500000.0,704,699,5,99.29,424290.0,1.17,1700315.0,54.58,602.7,13,0.9,0.25,14.14,19987.725727928526,271519.1666666667,-983090.0,1.2141666666666666,1393704.1666666667,36
5min,80,100.0,350.0,100.0,False,500000.0,784,780,4,99.49,-472700.0,0.76,1557525.0,50.99,-602.9,12,0.59,-0.3,-15.76,52251.89288701389,274855.4166666667,-499600.0,84.5575,1049465.8333333333,24
5min,80,100.0,350.0,150.0,False,500000.0,734,730,4,99.46,68890.0,1.03,1565310.0,51.01,93.9,12,0.66,0.04,2.3,63303.821020370364,367797.77777777775,-499600.0,56.836111111111116,1139420.8333333333,36
5min,80,100.0,350.0,100.0,True,500000.0,784,779,5,99.36,-610450.0,0.69,1557525.0,50.99,-778.6,12,0.59,-0.39,-20.35,24470.184891944446,128511.66666666667,-713240.0,125.99624999999999,1047939.1666666666,24
5min,80,100.0,350.0,150.0,True,500000.0,739,734,5,99.32,-121350.0,0.94,1565310.0,51.01,-164.2,12,0.65,-0.08,-4.05,34586.48283749228,195588.61111111112,-713240.0,84.4225,1115835.9722222222,36
5min,80,100.0,350.0,200.0,False,500000.0,713,709,4,99.44,592090.0,1.3,1609585.0,52.23,830.4,12,0.69,0.37,19.74,66411.16548355242,618539.7222222222,-499600.0,1.4027777777777777,1300783.75,36
5min,80,100.0,350.0,200.0,True,500000.0,720,714,6,99.17,253320.0,1.13,1609585.0,52.23,351.8,12,0.69,0.16,8.44,31808.785821881385,341986.94444444444,-713240.0,1.2616666666666665,1262787.0833333333,36
5min,80,100.0,350.0,250.0,False,500000.0,692,688,4,99.42,1097580.0,1.55,1545495.0,49.94,1586.1,12,0.73,0.71,36.59,123632.13125573959,831983.75,23790.0,1.4991666666666668,1329103.75,24
5min,80,150.0,150.0,100.0,False,500000.0,457,454,3,99.34,-108260.0,0.94,1384865.0,42.34,-236.9,15,1.3,-0.08,-3.61,-1000000.0,-291792.77777777775,-1629500.0,0.9255555555555554,1342056.9444444445,36
5min,80,150.0,150.0,100.0,True,500000.0,457,453,4,99.12,-536460.0,0.71,1478215.0,46.41,-1173.9,15,1.3,-0.36,-17.88,-1000000.0,-391767.22222222225,-1207980.0,0.8305555555555556,1336585.5555555555,36
5min,80,100.0,350.0,250.0,True,500000.0,698,692,6,99.14,661560.0,1.33,1545495.0,49.94,947.8,12,0.73,0.43,22.05,68833.48980484507,532104.1666666666,-354740.0,1.3612499999999998,1268967.0833333333,24
5min,80,150.0,150.0,150.0,False,500000.0,431,425,6,98.61,-355730.0,0.89,2110735.0,55.87,-825.4,15,1.87,-0.17,-11.86,-1000000.0,-388717.77777777775,-1899210.0,0.9251851851851852,1516675.0,54
5min,80,150.0,150.0,150.0,True,500000.0,434,428,6,98.62,-886310.0,0.69,2051715.0,58.46,-2042.2,15,1.84,-0.43,-29.54,-1000000.0,-473092.962962963,-2290560.0,0.8324074074074076,1453596.2962962964,54
5min,80,150.0,150.0,200.0,False,500000.0,420,409,11,97.38,-1899210.0,0.68,3162070.0,86.31,-4521.9,15,2.09,-0.6,-63.31,-1000000.0,-627215.925925926,-3091910.0,0.9122222222222222,1898604.0740740742,54
5min,80,150.0,150.0,200.0,True,500000.0,425,414,11,97.41,-2290560.0,0.53,3092135.0,95.93,-5389.6,15,2.05,-0.74,-76.35,-1000000.0,-570017.4074074074,-2290560.0,0.861851851851852,1665996.0185185184,54
5min,80,150.0,150.0,250.0,False,500000.0,410,396,14,96.59,-2476990.0,0.66,3709960.0,105.36,-6041.4,15,2.27,-0.67,-82.57,-1000000.0,-765737.7777777778,-3091910.0,0.8963888888888888,2095615.5555555555,36
5min,80,150.0,150.0,250.0,True,500000.0,416,405,11,97.36,-1963970.0,0.6,2952725.0,88.69,-4721.1,15,2.21,-0.67,-65.47,-1000000.0,-655151.9444444445,-2290560.0,0.8580555555555556,1786104.1666666667,36
5min,80,150.0,200.0,100.0,False,500000.0,450,448,2,99.56,342270.0,1.34,666125.0,21.78,760.6,15,1.04,0.51,11.41,-1000000.0,-82359.25925925926,-1629500.0,56.56388888888888,1209535.648148148,54
5min,80,150.0,200.0,100.0,True,500000.0,451,447,4,99.11,104310.0,1.1,666125.0,21.78,231.3,15,1.03,0.16,3.48,-1000000.0,-168236.11111111112,-1207980.0,56.462777777777774,1205003.888888889,54
5min,80,150.0,200.0,150.0,False,500000.0,415,409,6,98.55,-645600.0,0.79,1277360.0,40.97,-1555.7,15,1.54,-0.51,-21.52,-1000000.0,-198450.1234567901,-1899210.0,50.35111111111111,1388950.9259259258,81
5min,80,150.0,200.0,150.0,True,500000.0,420,413,7,98.33,-407440.0,0.8,1171125.0,37.57,-970.1,15,1.5,-0.35,-13.58,-1000000.0,-252537.40740740742,-2290560.0,50.273456790123454,1327695.12345679,81
5min,80,150.0,200.0,200.0,False,500000.0,412,404,8,98.06,-1112390.0,0.73,1904945.0,56.67,-2700.0,15,1.6,-0.58,-37.08,-1000000.0,-374612.5925925926,-3091910.0,37.98382716049383,1721903.4567901234,81
5min,80,150.0,200.0,200.0,True,500000.0,417,409,8,98.08,-498670.0,0.8,1164125.0,36.81,-1195.9,15,1.56,-0.43,-16.62,-1000000.0,-341922.962962963,-2290560.0,37.94271604938271,1536009.6296296297,81
5min,80,150.0,250.0,100.0,False,500000.0,441,439,2,99.55,188780.0,1.19,632880.0,20.47,428.1,14,0.89,0.3,6.29,39127.15766689299,188256.85185185185,-858440.0,112.2685185185185,960803.8888888889,54
5min,80,150.0,200.0,250.0,False,500000.0,400,390,10,97.5,-1460990.0,0.71,2316410.0,69.49,-3652.5,15,1.72,-0.63,-48.7,-1000000.0,-487285.3703703704,-3091910.0,37.928148148148146,1898944.4444444445,54
5min,80,150.0,200.0,250.0,True,500000.0,409,401,8,98.04,-599610.0,0.8,1325310.0,41.37,-1466.0,15,1.67,-0.45,-19.99,-1000000.0,-420195.9259259259,-2290560.0,37.91222222222222,1647518.888888889,54
5min,80,150.0,250.0,100.0,True,500000.0,443,441,2,99.55,-27880.0,0.97,632880.0,20.72,-62.9,14,0.88,-0.04,-0.93,23390.797037098764,112136.66666666667,-713240.0,130.63166666666666,957040.6481481482,54
5min,80,150.0,250.0,150.0,True,500000.0,415,411,4,99.04,-566300.0,0.73,1127125.0,36.46,-1364.6,15,1.19,-0.5,-18.88,12144.275278792866,64414.32098765432,-1598920.0,112.0958024691358,1057331.111111111,81
5min,80,150.0,250.0,150.0,False,500000.0,412,407,5,98.79,-682800.0,0.73,1182550.0,37.63,-1657.3,15,1.2,-0.58,-22.76,25736.384004554184,144215.55555555556,-1112390.0,99.86432098765432,1107711.2345679011,81
5min,80,150.0,250.0,200.0,False,500000.0,397,391,6,98.49,-710190.0,0.77,1948080.0,55.89,-1788.9,15,1.32,-0.36,-23.67,21541.824424569426,158652.46913580247,-1460990.0,75.15765432098766,1321100.2469135802,81
5min,80,150.0,250.0,200.0,True,500000.0,402,398,4,99.0,-244390.0,0.88,1213700.0,36.9,-607.9,15,1.3,-0.2,-8.15,11472.370263703702,73081.11111111111,-1598920.0,75.10456790123456,1215093.3333333333,81
5min,80,150.0,250.0,250.0,False,500000.0,391,384,7,98.21,-604340.0,0.83,1794720.0,54.38,-1545.6,15,1.42,-0.34,-20.14,21137.28206610082,181369.44444444444,-1460990.0,75.115,1417286.5740740742,54
5min,80,150.0,250.0,250.0,True,500000.0,396,391,5,98.74,-478440.0,0.81,1417135.0,44.98,-1208.2,15,1.4,-0.34,-15.95,13522.587026858706,92576.29629629629,-1598920.0,75.09074074074073,1269651.7592592593,54
5min,80,150.0,300.0,100.0,False,500000.0,442,441,1,99.77,477380.0,1.95,516455.0,13.93,1080.0,11,0.68,0.92,15.91,81599.31721659806,367325.18518518517,-682800.0,204.85999999999999,889276.8518518518,54
5min,80,150.0,300.0,100.0,True,500000.0,442,441,1,99.77,406130.0,1.81,516455.0,14.2,918.8,11,0.68,0.79,13.54,59086.5184721605,265608.51851851854,-713240.0,223.21888888888887,887714.1666666666,54
5min,80,150.0,300.0,150.0,False,500000.0,404,400,4,99.01,-499600.0,0.75,1117415.0,36.31,-1236.6,13,0.99,-0.45,-16.65,70062.82338013717,353875.6790123457,-843240.0,173.969012345679,1010064.4444444445,81
5min,80,150.0,300.0,200.0,False,500000.0,392,388,4,98.98,56850.0,1.03,1114415.0,35.9,145.0,13,1.1,0.05,1.89,78245.87882158208,478151.85185185185,-879010.0,112.32185185185185,1181788.3950617283,81
5min,80,150.0,300.0,150.0,True,500000.0,409,405,4,99.02,-713240.0,0.65,1117415.0,36.31,-1743.9,13,0.98,-0.64,-23.77,55004.19769160188,266537.65432098764,-983090.0,186.20419753086418,968172.0987654321,81
5min,80,150.0,300.0,200.0,True,500000.0,397,393,4,98.99,-354740.0,0.82,1114415.0,35.9,-893.6,13,1.09,-0.32,-11.82,59895.35664703704,336390.0,-983090.0,112.2506172839506,1109733.3950617283,81
5min,80,150.0,300.0,250.0,False,500000.0,386,382,4,98.96,518560.0,1.26,1111415.0,35.58,1343.4,13,1.14,0.47,17.29,83166.53407336076,557216.2962962963,-879010.0,112.28018518518518,1253732.037037037,54
5min,80,150.0,300.0,250.0,True,500000.0,395,391,4,98.99,-2150.0,1.0,1111415.0,35.58,-5.4,13,1.11,-0.0,-0.07,69771.93866287377,408214.6296296296,-983090.0,112.24259259259259,1145401.2962962964,54
5min,80,150.0,350.0,100.0,False,500000.0,436,434,2,99.54,-110800.0,0.89,647965.0,20.74,-254.1,12,0.61,-0.17,-3.69,88145.97474019873,382733.8888888889,-499600.0,223.3697222222222,861668.75,36
5min,80,150.0,350.0,100.0,True,500000.0,437,435,2,99.54,-155410.0,0.84,647965.0,21.04,-355.6,12,0.61,-0.24,-5.18,59018.216341720676,258999.72222222222,-713240.0,250.9647222222222,860650.9722222222,36
5min,80,150.0,350.0,150.0,False,500000.0,400,397,3,99.25,-134800.0,0.91,1079725.0,35.17,-337.0,12,0.83,-0.12,-4.49,101698.7224600106,439770.9259259259,-499600.0,186.352037037037,948345.2777777778,54
5min,80,150.0,350.0,150.0,True,500000.0,400,397,3,99.25,-310300.0,0.79,1079725.0,35.17,-775.8,12,0.83,-0.29,-10.34,66339.81384087105,305519.6296296296,-713240.0,204.72851851851848,914311.7592592592,54
5min,80,150.0,350.0,200.0,False,500000.0,385,382,3,99.22,307390.0,1.2,1135590.0,36.75,798.4,12,0.92,0.27,10.25,141788.02763196753,651930.7407407408,-499600.0,112.41925925925925,1088431.4814814816,54
5min,80,150.0,350.0,200.0,True,500000.0,386,383,3,99.22,72360.0,1.05,1135590.0,36.75,187.5,12,0.92,0.06,2.41,87111.6032278395,447452.037037037,-713240.0,112.3237037037037,1026581.6666666666,54
5min,80,150.0,350.0,250.0,False,500000.0,372,369,3,99.19,910590.0,1.61,1197915.0,38.55,2447.8,12,1.04,0.76,30.35,193010.71051502766,801014.7222222222,23790.0,112.42444444444443,1127796.9444444445,36
5min,80,150.0,350.0,250.0,True,500000.0,375,372,3,99.2,504930.0,1.34,1197915.0,38.55,1346.5,12,1.03,0.42,16.83,146009.46515692087,587463.8888888889,-354740.0,112.35361111111109,1032927.7777777778,36
5min,80,200.0,150.0,100.0,False,500000.0,265,263,2,99.25,-79920.0,0.94,1045500.0,32.54,-301.6,15,1.5,-0.08,-2.66,45935.76366222222,199386.66666666666,-645600.0,250.84694444444443,848073.3333333334,36
5min,80,200.0,150.0,100.0,True,500000.0,265,262,3,98.87,-379340.0,0.71,1045500.0,34.27,-1431.5,15,1.49,-0.36,-12.64,5887.097484645062,25247.222222222223,-886310.0,1768.4952777777778,834109.8611111111,36
5min,80,200.0,150.0,150.0,False,500000.0,255,251,4,98.43,-385030.0,0.83,1388905.0,41.61,-1509.9,15,1.98,-0.28,-12.83,33206.86316794924,166807.59259259258,-1899210.0,223.1775925925926,1004635.7407407408,54
5min,80,200.0,150.0,150.0,True,500000.0,256,252,4,98.44,-443260.0,0.76,1477155.0,45.95,-1731.5,15,1.95,-0.3,-14.78,693.9749189643346,3278.703703703704,-2290560.0,2135.185925925926,941693.1481481482,54
5min,80,200.0,150.0,200.0,False,500000.0,246,239,7,97.15,-1222500.0,0.68,2193350.0,61.9,-4969.5,15,2.41,-0.56,-40.75,-1000000.0,-1111.851851851852,-2476990.0,130.72740740740738,1357453.4259259258,54
5min,80,200.0,150.0,200.0,True,500000.0,249,244,5,97.99,-562520.0,0.76,1575465.0,47.58,-2259.1,15,2.31,-0.36,-18.75,-1000000.0,-3806.1111111111113,-2290560.0,2048.1537037037037,1139789.1666666667,54
5min,80,200.0,150.0,250.0,True,500000.0,244,237,7,97.13,-746030.0,0.74,1986415.0,58.6,-3057.5,15,2.52,-0.38,-24.87,-1000000.0,-41529.72222222222,-2290560.0,2034.8825000000002,1248363.888888889,36
5min,80,200.0,150.0,250.0,False,500000.0,241,232,9,96.27,-1502980.0,0.69,2783475.0,74.42,-6236.4,15,2.65,-0.54,-50.1,-1000000.0,-125515.83333333333,-2476990.0,84.48944444444446,1560048.75,36
5min,80,200.0,200.0,100.0,False,500000.0,263,261,2,99.24,-101170.0,0.9,692445.0,22.87,-384.7,15,1.19,-0.15,-3.37,78355.57699802467,316154.44444444444,-682800.0,334.1733333333334,760802.2222222222,54
5min,80,200.0,200.0,100.0,True,500000.0,264,261,3,98.86,-272200.0,0.73,812175.0,26.82,-1031.1,15,1.17,-0.34,-9.07,36841.58836276063,147163.5185185185,-886310.0,1345.8866666666668,748277.1296296297,54
5min,80,200.0,200.0,150.0,False,500000.0,255,253,2,99.22,371930.0,1.37,634640.0,20.34,1458.5,15,1.43,0.59,12.4,62435.86982291115,286625.06172839506,-1899210.0,309.5213580246914,910844.1975308642,81
5min,80,200.0,200.0,150.0,True,500000.0,256,253,3,98.83,52550.0,1.05,691805.0,22.68,205.3,15,1.42,0.08,1.75,33715.43263617741,146372.96296296295,-2290560.0,1584.1690123456792,848303.9506172839,81
5min,80,200.0,200.0,200.0,False,500000.0,241,237,4,98.34,60340.0,1.03,1360860.0,39.75,250.4,15,1.87,0.04,2.01,28787.09223589849,182626.2962962963,-2476990.0,210.90703703703704,1211857.962962963,81
5min,80,200.0,200.0,250.0,False,500000.0,240,235,5,97.92,176490.0,1.07,1410835.0,41.44,735.4,15,2.0,0.13,5.88,11847.741400072015,96849.44444444444,-2476990.0,167.72462962962962,1388342.3148148148,54
5min,80,200.0,200.0,200.0,True,500000.0,243,239,4,98.35,-143180.0,0.9,1039050.0,33.04,-589.2,15,1.85,-0.14,-4.77,30402.06975455723,156006.7901234568,-2290560.0,1501.49987654321,1025617.0987654321,81
5min,80,200.0,200.0,250.0,True,500000.0,243,239,4,98.35,158100.0,1.11,922590.0,28.76,650.6,15,1.93,0.17,5.27,25192.030443525382,143517.40740740742,-2290560.0,1486.4803703703703,1122335.3703703703,54
5min,80,200.0,250.0,100.0,False,500000.0,261,260,1,99.62,272010.0,1.54,543740.0,15.34,1042.2,14,0.93,0.5,9.07,117357.1416328395,416771.1111111111,-682800.0,408.2694444444446,592067.2222222222,54
5min,80,200.0,250.0,100.0,True,500000.0,261,260,1,99.62,133310.0,1.27,543740.0,15.79,510.8,14,0.93,0.25,4.44,87302.53484733196,308185.3703703704,-713240.0,1182.7392592592594,583603.5185185185,54
5min,80,200.0,250.0,150.0,False,500000.0,246,245,1,99.59,735940.0,2.47,551850.0,15.24,2991.6,14,1.25,1.33,24.53,111727.35352592594,430360.0,-1112390.0,395.8876543209877,701931.4814814815,81
5min,80,200.0,250.0,150.0,True,500000.0,247,246,1,99.6,456060.0,1.91,551850.0,15.24,1846.4,14,1.24,0.83,15.2,94852.31236317025,349648.64197530865,-713240.0,1343.0465432098765,643605.3086419753,81
5min,80,200.0,250.0,200.0,False,500000.0,236,233,3,98.73,217830.0,1.15,1112265.0,30.88,923.0,14,1.53,0.2,7.26,106691.13164663313,477355.8024691358,-1460990.0,309.6181481481482,882477.9012345679,81
5min,80,200.0,250.0,200.0,True,500000.0,237,235,2,99.16,342790.0,1.34,720095.0,21.26,1446.4,14,1.52,0.48,11.43,112884.40107214144,450327.9012345679,-713240.0,1679.0555555555557,746642.1604938272,81
5min,80,200.0,250.0,250.0,False,500000.0,236,233,3,98.73,705030.0,1.47,1053795.0,27.33,2987.4,14,1.58,0.67,23.5,102270.9613647325,501721.1111111111,-1460990.0,278.7764814814815,980798.7037037037,54
5min,80,200.0,250.0,250.0,True,500000.0,237,235,2,99.16,564550.0,1.56,717095.0,20.38,2382.1,14,1.58,0.79,18.82,126389.9345795199,520805.3703703704,-599610.0,1877.9518518518523,786591.4814814815,54
5min,80,200.0,300.0,100.0,False,500000.0,258,257,1,99.61,190080.0,1.38,674685.0,19.27,736.7,11,0.81,0.28,6.34,188479.0310277136,505569.44444444444,-682800.0,537.7883333333335,523639.0740740741,54
5min,80,200.0,300.0,150.0,False,500000.0,249,248,1,99.6,506150.0,2.01,671185.0,18.06,2032.7,11,0.98,0.75,16.87,164905.09186142616,522790.3703703704,-710190.0,506.89456790123455,620273.024691358,81
5min,80,200.0,300.0,100.0,True,500000.0,258,257,1,99.61,137130.0,1.27,674685.0,19.56,531.5,11,0.81,0.2,4.57,132027.48753097234,402072.22222222225,-713240.0,537.6885185185187,520422.962962963,54
5min,80,200.0,300.0,150.0,True,500000.0,249,248,1,99.6,402950.0,1.8,671185.0,18.57,1618.3,11,0.98,0.6,13.43,144780.26818414943,451345.55555555556,-713240.0,506.8392592592592,576154.6296296297,81
5min,80,200.0,300.0,200.0,False,500000.0,236,234,2,99.15,410610.0,1.41,667685.0,19.22,1739.9,13,1.2,0.61,13.69,170388.94455168475,628809.7530864198,-879010.0,395.982962962963,778014.5061728396,81
5min,80,200.0,300.0,200.0,True,500000.0,237,235,2,99.16,165660.0,1.17,667685.0,20.22,699.0,13,1.19,0.25,5.52,164299.0131937867,561380.987654321,-713240.0,776.86987654321,682407.8395061728,81
5min,80,200.0,300.0,250.0,False,500000.0,234,232,2,99.15,805430.0,1.8,664685.0,18.41,3442.0,13,1.28,1.21,26.85,176754.4538692867,686930.1851851852,-879010.0,371.29444444444454,852172.5,54
5min,80,200.0,300.0,250.0,True,500000.0,235,233,2,99.15,500980.0,1.5,664685.0,18.77,2131.8,13,1.26,0.75,16.7,202395.8551713455,649536.4814814815,-499570.0,942.6896296296295,712242.5,54
5min,80,200.0,350.0,100.0,True,500000.0,260,260,0,100.0,590520.0,999.99,277765.0,9.18,2271.2,10,0.67,2.13,19.68,138608.8135905789,407610.27777777775,-713240.0,556.1980555555558,492328.6111111111,36
5min,80,200.0,350.0,100.0,False,500000.0,260,260,0,100.0,637070.0,999.99,277765.0,9.18,2450.3,10,0.67,2.29,21.24,191349.26284318406,483509.1666666667,-499600.0,556.2694444444446,492328.6111111111,36
5min,80,200.0,350.0,150.0,False,500000.0,246,245,1,99.59,446070.0,1.89,641555.0,17.52,1813.3,10,0.89,0.7,14.87,193191.71369923893,521055.55555555556,-499600.0,519.2374074074075,568778.9814814815,54
5min,80,200.0,350.0,150.0,True,500000.0,246,245,1,99.59,375020.0,1.75,641555.0,17.87,1524.5,10,0.89,0.58,12.5,157822.5046579241,460737.5925925926,-713240.0,519.1912962962965,533469.1666666666,54
5min,80,200.0,350.0,200.0,False,500000.0,236,234,2,99.15,281570.0,1.28,639555.0,18.86,1193.1,12,1.06,0.44,9.39,233184.16591500794,668163.3333333334,-499600.0,408.34129629629643,706688.2407407408,54
5min,80,200.0,350.0,200.0,True,500000.0,236,233,3,98.73,172370.0,1.17,639555.0,19.49,730.4,12,1.06,0.27,5.75,203198.94573107176,604255.1851851852,-713240.0,961.2087037037035,624975.2777777778,54
5min,80,250.0,150.0,100.0,True,500000.0,164,162,2,98.78,491620.0,1891.85,257835.0,7.89,2997.7,13,1.48,1.91,16.39,97825.30273393517,324281.6666666667,-735720.0,3518.965833333333,491661.52777777775,36
5min,80,200.0,350.0,250.0,False,500000.0,230,228,2,99.13,612060.0,1.61,638555.0,20.47,2661.1,12,1.17,0.96,20.4,280276.2546677343,759605.2777777778,23790.0,389.84416666666664,755794.0277777778,36
5min,80,250.0,150.0,100.0,False,500000.0,164,164,0,100.0,789390.0,999.99,361695.0,10.67,4813.4,13,1.49,2.18,26.31,142971.45996169752,489132.22222222225,-433920.0,500.6900000000001,538519.3055555555,36
5min,80,200.0,350.0,250.0,True,500000.0,230,227,3,98.7,474860.0,1.47,638555.0,20.47,2064.6,12,1.17,0.74,15.83,267846.44450459717,717498.8888888889,-354740.0,1219.1963888888886,633224.5833333334,36
5min,80,250.0,150.0,150.0,False,500000.0,160,160,0,100.0,1444360.0,999.99,361695.0,9.61,9027.3,13,2.01,3.99,48.15,163298.86848342934,588763.7037037037,-1222500.0,463.83574074074096,613205.3703703703,54
5min,80,250.0,150.0,150.0,True,500000.0,160,157,3,98.12,894370.0,2982.23,274525.0,8.29,5589.8,13,1.98,3.26,29.81,119824.70609777776,406524.44444444444,-735720.0,4178.920555555555,526230.0,54
5min,80,250.0,150.0,200.0,False,500000.0,157,156,1,99.36,1505120.0,4.0,714055.0,15.62,9586.8,14,2.39,2.11,50.17,138934.12536951303,609778.7037037037,-1502980.0,279.0662962962963,860782.4074074074,54
5min,80,250.0,150.0,200.0,True,500000.0,158,155,3,98.1,1241470.0,4139.23,274525.0,8.0,7857.4,13,2.32,4.52,41.38,145703.78264958845,531908.8888888889,-797440.0,4722.667592592593,630368.9814814815,54
5min,80,250.0,150.0,250.0,True,500000.0,155,150,5,96.77,437800.0,1.44,1065145.0,27.32,2824.5,15,2.69,0.41,14.59,154603.4414083333,587870.0,-797440.0,5064.937777777778,685054.1666666666,36
5min,80,250.0,150.0,250.0,False,500000.0,153,148,5,96.73,-86040.0,0.97,2109040.0,45.03,-562.4,15,2.87,-0.04,-2.87,120033.31620628087,600436.9444444445,-1502980.0,195.9175,1000450.2777777778,36
5min,80,250.0,200.0,100.0,False,500000.0,161,161,0,100.0,678440.0,999.99,220220.0,6.55,4213.9,10,1.22,3.08,22.61,187938.4548010527,541066.4814814815,-433920.0,593.2188888888891,481349.537037037,54
5min,80,250.0,200.0,100.0,True,500000.0,162,161,1,99.38,512410.0,6406.12,220220.0,6.72,3163.0,10,1.22,2.33,17.08,121734.26790990398,392434.81481481483,-735720.0,2605.366296296296,448987.4074074074,54
5min,80,250.0,200.0,150.0,False,500000.0,159,159,0,100.0,988820.0,999.99,220220.0,6.3,6219.0,10,1.43,4.49,32.96,197273.58469704184,642672.9629629629,-1222500.0,568.620987654321,553982.1604938272,81
5min,80,250.0,200.0,150.0,True,500000.0,160,159,1,99.38,702890.0,8787.12,220220.0,6.56,4393.1,10,1.42,3.19,23.43,143289.4383462033,474596.5432098765,-735720.0,3045.322222222222,490407.9012345679,81
5min,80,250.0,200.0,200.0,True,500000.0,157,156,1,99.36,976960.0,12213.0,220220.0,6.38,6222.7,10,1.63,4.44,32.57,193912.26030809124,621167.1604938272,-797440.0,3395.5140740740744,578981.4814814815,81
5min,80,250.0,200.0,200.0,False,500000.0,156,156,0,100.0,1389890.0,999.99,220220.0,6.06,8909.6,10,1.64,6.31,46.33,194559.42143582046,738073.7037037037,-1502980.0,420.808024691358,748771.2962962963,81
5min,80,250.0,200.0,250.0,False,500000.0,152,150,2,98.68,987590.0,1.99,708715.0,18.96,6497.3,13,2.2,1.39,32.92,172791.83733669747,763343.8888888889,-1502980.0,353.02574074074084,868191.3888888889,54
5min,80,250.0,200.0,250.0,True,500000.0,153,151,2,98.69,1196340.0,4602.31,435165.0,10.93,7819.2,12,2.16,2.75,39.88,206944.10792549938,683118.3333333334,-797440.0,3617.5214814814817,634779.6296296297,54
5min,80,250.0,250.0,100.0,False,500000.0,161,161,0,100.0,526390.0,999.99,159710.0,4.87,3269.5,8,0.96,3.3,17.55,245682.75103520823,536099.2592592592,-388130.0,685.711111111111,367530.64814814815,54
5min,80,250.0,250.0,100.0,True,500000.0,161,161,0,100.0,490290.0,999.99,159710.0,4.87,3045.3,8,0.96,3.07,16.34,203568.80217890104,453637.962962963,-402530.0,2048.5490740740747,357414.9074074074,54
5min,80,250.0,250.0,150.0,False,500000.0,158,158,0,100.0,815300.0,999.99,222330.0,6.18,5160.1,9,1.17,3.67,27.18,281023.1597421481,645534.4444444445,-388130.0,679.5422222222221,416390.43209876545,81
5min,80,250.0,250.0,150.0,True,500000.0,158,158,0,100.0,720400.0,999.99,161655.0,4.73,4559.5,8,1.16,4.46,24.01,235463.8753497931,538809.1358024691,-402530.0,2336.4143209876547,386945.8024691358,81
5min,80,250.0,250.0,200.0,True,500000.0,153,153,0,100.0,987620.0,999.99,361870.0,10.58,6455.0,10,1.52,2.73,32.92,344433.9859294256,745184.3209876543,-164110.0,2963.6617283950623,423229.44444444444,81
5min,80,250.0,250.0,200.0,False,500000.0,153,153,0,100.0,1224720.0,999.99,361870.0,10.58,8004.7,10,1.52,3.38,40.82,407554.8325804646,846013.086419753,60340.0,581.0438271604937,506466.60493827163,81
5min,80,250.0,250.0,250.0,False,500000.0,151,150,1,99.34,1140110.0,3.28,708275.0,17.66,7550.4,12,1.8,1.61,38.0,425972.6239356739,928516.4814814815,60340.0,537.9007407407408,573723.3333333334,54
5min,80,250.0,250.0,250.0,True,500000.0,151,151,0,100.0,1273850.0,999.99,361870.0,10.33,8436.1,10,1.78,3.52,42.46,382682.2149879308,832953.8888888889,-143180.0,3307.9959259259253,459183.05555555556,54
5min,80,250.0,300.0,100.0,False,500000.0,162,162,0,100.0,448410.0,999.99,125895.0,3.9,2768.0,6,0.75,3.56,14.95,409877.08243623824,566576.1111111111,190080.0,815.1975925925923,314029.9074074074,54
5min,80,250.0,300.0,100.0,True,500000.0,162,162,0,100.0,448410.0,999.99,125895.0,3.9,2768.0,6,0.75,3.56,14.95,348888.1101648596,505863.7037037037,133310.0,815.1405555555552,312906.2962962963,54
5min,80,250.0,300.0,150.0,False,500000.0,157,157,0,100.0,709510.0,999.99,172025.0,4.88,4519.2,7,0.97,4.12,23.65,388549.7421765697,648582.0987654321,130450.0,802.8113580246912,359310.18518518517,81
5min,80,250.0,300.0,150.0,True,500000.0,157,157,0,100.0,709510.0,999.99,172025.0,4.88,4519.2,7,0.97,4.12,23.65,369947.45701180765,583581.6049382716,133310.0,802.7797530864198,341512.65432098764,81
5min,80,250.0,300.0,200.0,False,500000.0,154,154,0,100.0,938390.0,999.99,172025.0,4.67,6093.4,7,1.12,5.45,31.28,481366.86955433915,855770.2469135802,130450.0,728.9129629629629,431724.81481481483,81
5min,80,250.0,300.0,250.0,False,500000.0,150,150,0,100.0,1354680.0,999.99,418620.0,11.17,9031.2,11,1.41,3.24,45.16,508966.0731195146,941819.074074074,130450.0,704.2170370370368,478875.0925925926,54
5min,80,250.0,300.0,200.0,True,500000.0,154,154,0,100.0,938390.0,999.99,172025.0,4.67,6093.4,7,1.12,5.45,31.28,481828.2334531536,776508.6419753087,163320.0,1109.8145679012348,383506.2962962963,81
5min,80,250.0,300.0,250.0,True,500000.0,151,150,1,99.34,1204630.0,13385.78,234410.0,5.76,7977.7,8,1.38,5.14,40.15,521182.68543544284,862330.7407407408,163320.0,1275.6094444444448,407670.9259259259,54
5min,80,250.0,350.0,150.0,False,500000.0,159,159,0,100.0,634730.0,999.99,214950.0,6.67,3992.0,7,0.84,2.95,21.16,379538.48146509234,597627.4074074074,130450.0,815.1212962962961,321197.4074074074,54
5min,80,250.0,350.0,100.0,False,500000.0,161,161,0,100.0,401410.0,999.99,99380.0,3.12,2493.2,6,0.67,4.04,13.38,398644.6721277116,527396.6666666666,190080.0,833.6580555555557,287539.8611111111,36
5min,80,250.0,350.0,100.0,True,500000.0,161,161,0,100.0,401410.0,999.99,99380.0,3.12,2493.2,6,0.67,4.04,13.38,350463.26898319036,494425.0,137130.0,833.6272222222225,287539.8611111111,36
5min,80,250.0,350.0,150.0,True,500000.0,159,159,0,100.0,634730.0,999.99,214950.0,6.67,3992.0,7,0.84,2.95,21.16,375411.26801812544,570002.0370370371,137130.0,815.1068518518516,302887.1296296296,54
5min,80,250.0,350.0,200.0,False,500000.0,155,155,0,100.0,870580.0,999.99,214950.0,6.55,5616.6,7,1.01,4.05,29.02,467821.71813902044,786323.5185185185,130450.0,741.2237037037034,385212.68518518517,54
5min,80,250.0,350.0,200.0,True,500000.0,155,155,0,100.0,870580.0,999.99,214950.0,6.55,5616.6,7,1.01,4.05,29.02,489278.8874578376,764921.1111111111,165660.0,1294.1183333333338,337156.2037037037,54
5min,80,250.0,350.0,250.0,False,500000.0,148,148,0,100.0,1228400.0,999.99,332255.0,8.98,8300.0,9,1.3,3.7,40.95,502392.1587020965,868149.7222222222,130450.0,722.7044444444447,416475.8333333333,36
5min,80,250.0,350.0,250.0,True,500000.0,149,149,0,100.0,1162270.0,999.99,332255.0,8.98,7800.5,9,1.29,3.5,38.74,540567.0649010848,856688.6111111111,165660.0,1552.069722222222,344391.1111111111,36
5min,80,300.0,150.0,100.0,False,500000.0,112,112,0,100.0,801160.0,999.99,236870.0,6.92,7153.2,13,1.92,3.38,26.71,585160.0059876958,798194.5833333334,301840.0,750.5645833333334,343968.9583333333,24
5min,80,300.0,150.0,100.0,True,500000.0,112,111,1,99.11,551310.0,3938.93,236870.0,6.97,4922.4,13,1.9,2.33,18.38,531804.8607696887,607793.3333333334,350340.0,5278.034583333333,239020.20833333334,24
5min,80,300.0,150.0,150.0,False,500000.0,110,110,0,100.0,1239830.0,999.99,355195.0,9.55,11271.2,13,2.36,3.49,41.33,657585.6215224954,972692.2222222222,301840.0,695.2694444444446,373353.47222222225,36
5min,80,300.0,150.0,150.0,True,500000.0,110,109,1,99.09,708950.0,5064.93,274525.0,8.42,6445.0,13,2.31,2.58,23.63,611985.9917953714,731899.1666666666,350340.0,6267.953055555555,245650.83333333334,36
5min,80,300.0,150.0,200.0,False,500000.0,108,108,0,100.0,1665180.0,999.99,355195.0,9.11,15418.3,13,2.65,4.69,55.51,442743.0549579989,1027728.3333333334,-86040.0,418.0911111111111,607361.25,36
5min,80,300.0,150.0,200.0,True,500000.0,109,108,1,99.08,951270.0,6795.79,274525.0,8.2,8727.2,13,2.57,3.47,31.71,737607.9566563878,898778.0555555555,437800.0,7083.5275,323827.77777777775,36
5min,80,300.0,150.0,250.0,True,500000.0,108,107,1,99.07,1189160.0,8495.0,274525.0,8.03,11010.7,13,2.92,4.33,39.64,774812.8813470423,988572.9166666666,437800.0,7596.925833333335,363417.7083333333,24
5min,80,300.0,150.0,250.0,False,500000.0,106,104,2,98.11,1117450.0,2.11,1167800.0,24.98,10542.0,14,3.14,0.96,37.25,412984.4768986668,1060740.4166666667,-86040.0,293.375,722559.7916666666,24
5min,80,300.0,200.0,100.0,False,500000.0,112,112,0,100.0,564140.0,999.99,208635.0,6.25,5037.0,10,1.46,2.7,18.8,562080.7461696632,736138.0555555555,301840.0,833.7063888888891,312658.19444444444,36
5min,80,300.0,200.0,100.0,True,500000.0,112,111,1,99.11,418790.0,5235.87,208635.0,6.39,3739.2,10,1.46,2.01,13.96,517348.1899814373,590233.6111111111,345130.0,3852.019722222222,241006.94444444444,36
5min,80,300.0,200.0,150.0,False,500000.0,109,109,0,100.0,807870.0,999.99,208635.0,6.06,7411.7,10,1.69,3.87,26.93,631930.3007168982,909554.6296296297,301840.0,796.8429629629628,346716.94444444444,54
5min,80,300.0,200.0,150.0,True,500000.0,110,109,1,99.09,555490.0,6944.62,208635.0,6.26,5049.9,10,1.67,2.66,18.52,594629.7842318709,711305.1851851852,345130.0,4511.96537037037,260458.24074074073,54
5min,80,300.0,200.0,200.0,False,500000.0,107,107,0,100.0,1157760.0,999.99,294220.0,7.59,10820.2,11,1.98,3.94,38.59,477203.96753849904,1031356.4814814815,-86040.0,575.119814814815,529364.074074074,54
5min,80,300.0,200.0,250.0,False,500000.0,106,105,1,99.06,1063700.0,3.13,628155.0,17.68,10034.9,13,2.35,1.69,35.46,479654.87564985454,1103770.5555555555,-86040.0,473.50694444444446,625848.8888888889,36
5min,80,300.0,200.0,200.0,True,500000.0,108,107,1,99.07,732030.0,9151.37,294220.0,8.24,6778.1,11,1.95,2.49,24.4,736668.463453441,891924.2592592592,437800.0,5037.222222222223,329568.05555555556,54
5min,80,300.0,200.0,250.0,True,500000.0,107,106,1,99.07,1000550.0,12507.87,294220.0,7.85,9350.9,11,2.27,3.4,33.35,779536.878325792,987781.1111111111,437800.0,5370.258055555555,371945.69444444444,36
5min,80,300.0,250.0,100.0,False,500000.0,111,111,0,100.0,409820.0,999.99,157710.0,4.87,3692.1,8,1.16,2.6,13.66,514011.13781992625,592289.4444444445,298540.0,916.8186111111113,245690.27777777778,36
5min,80,300.0,250.0,100.0,True,500000.0,111,111,0,100.0,395570.0,999.99,157710.0,4.87,3563.7,8,1.16,2.51,13.19,481889.80437742826,538954.4444444445,298540.0,2961.1691666666675,216694.58333333334,36
5min,80,300.0,250.0,150.0,False,500000.0,109,109,0,100.0,604130.0,999.99,157710.0,4.75,5542.5,8,1.34,3.83,20.14,573481.2992449487,741211.2962962963,298540.0,907.6175925925925,267494.0740740741,54
5min,80,300.0,250.0,150.0,True,500000.0,109,109,0,100.0,582380.0,999.99,157710.0,4.75,5342.9,8,1.34,3.69,19.41,544239.5209254527,650407.9629629629,298540.0,3392.994629629629,237493.05555555556,54
5min,80,300.0,250.0,200.0,False,500000.0,107,107,0,100.0,974800.0,999.99,361870.0,10.82,9110.3,10,1.66,2.69,32.49,698091.9038155336,935050.1851851852,349700.0,759.8562962962961,351901.2962962963,54
5min,80,300.0,250.0,200.0,True,500000.0,107,107,0,100.0,761900.0,999.99,361870.0,10.82,7120.6,10,1.66,2.11,25.4,745250.8778806624,867811.8518518518,436030.0,4333.824259259259,276478.3333333333,54
5min,80,300.0,250.0,250.0,False,500000.0,105,105,0,100.0,1300440.0,999.99,361870.0,10.63,12385.1,10,1.9,3.59,43.35,757496.6106511564,1051747.2222222222,349700.0,695.227777777778,397488.8888888889,36
5min,80,300.0,250.0,250.0,True,500000.0,105,105,0,100.0,967690.0,999.99,361870.0,10.63,9216.1,10,1.9,2.67,32.26,850917.983289156,983311.3888888889,600020.0,4850.368888888888,304423.05555555556,36
5min,80,300.0,300.0,100.0,False,500000.0,111,111,0,100.0,359680.0,999.99,98150.0,3.17,3240.4,6,0.96,3.66,11.99,459934.8427633665,531908.0555555555,253960.0,999.9899999999998,208860.55555555556,36
5min,80,300.0,300.0,150.0,False,500000.0,109,109,0,100.0,521020.0,999.99,124395.0,3.79,4780.0,6,1.09,4.19,17.37,511905.91923647124,664148.1481481482,253960.0,999.9899999999997,230280.64814814815,54
5min,80,300.0,300.0,100.0,True,500000.0,111,111,0,100.0,359680.0,999.99,98150.0,3.17,3240.4,6,0.96,3.66,11.99,450402.9369753254,506137.77777777775,253960.0,999.9899999999998,207175.13888888888,36
5min,80,300.0,300.0,150.0,True,500000.0,109,109,0,100.0,521020.0,999.99,124395.0,3.79,4780.0,6,1.09,4.19,17.37,497175.41244899074,618247.2222222222,253960.0,999.9899999999997,229157.03703703705,54
5min,80,300.0,300.0,200.0,False,500000.0,106,106,0,100.0,765190.0,999.99,161920.0,4.53,7218.8,7,1.33,4.73,25.51,718619.4287066841,892956.8518518518,385160.0,926.1320370370368,288426.94444444444,54
5min,80,300.0,300.0,200.0,True,500000.0,106,106,0,100.0,765190.0,999.99,161920.0,4.53,7218.8,7,1.33,4.73,25.51,701596.1827473807,838199.2592592592,385160.0,1497.506296296297,266115.462962963,54
5min,80,300.0,300.0,250.0,False,500000.0,105,105,0,100.0,995360.0,999.99,194000.0,5.24,9479.6,7,1.49,5.13,33.18,869773.236968931,1018401.1111111111,546260.0,889.2030555555557,318890.4166666667,36
5min,80,300.0,300.0,250.0,True,500000.0,105,105,0,100.0,995360.0,999.99,194000.0,5.24,9479.6,7,1.49,5.13,33.18,831773.2876245896,952693.3333333334,546260.0,1746.264444444444,287108.6111111111,36
5min,80,300.0,350.0,100.0,False,500000.0,110,110,0,100.0,291330.0,999.99,95445.0,3.02,2648.5,5,0.75,3.05,9.71,438707.21579885384,491849.5833333333,253960.0,999.9900000000001,188272.5,24
5min,80,300.0,350.0,100.0,True,500000.0,110,110,0,100.0,291330.0,999.99,95445.0,3.02,2648.5,5,0.75,3.05,9.71,431329.94414872664,481649.5833333333,253960.0,999.9900000000001,188272.5,24
5min,80,300.0,350.0,150.0,True,500000.0,109,109,0,100.0,449020.0,999.99,214950.0,6.75,4119.4,7,0.9,2.09,14.97,489059.37011910765,592312.2222222222,253960.0,999.9899999999998,198699.02777777778,36
5min,80,300.0,350.0,150.0,False,500000.0,109,109,0,100.0,449020.0,999.99,214950.0,6.75,4119.4,7,0.9,2.09,14.97,494101.36927111266,604582.5,253960.0,999.9899999999998,198699.02777777778,36
5min,80,300.0,350.0,200.0,True,500000.0,107,107,0,100.0,653530.0,999.99,214950.0,6.68,6107.8,7,1.12,3.04,21.78,699497.6388140155,818190.5555555555,385160.0,1773.953611111111,228648.88888888888,36
5min,80,300.0,350.0,200.0,False,500000.0,107,107,0,100.0,653530.0,999.99,214950.0,6.68,6107.8,7,1.12,3.04,21.78,698685.0832637791,820128.8888888889,385160.0,944.6094444444445,245955.55555555556,36
5min,80,300.0,350.0,250.0,False,500000.0,104,104,0,100.0,861510.0,999.99,214950.0,6.6,8283.8,7,1.32,4.01,28.72,826469.855871426,932686.25,546260.0,916.9191666666667,262122.08333333334,24
5min,80,300.0,350.0,250.0,True,500000.0,104,104,0,100.0,861510.0,999.99,214950.0,6.6,8283.8,7,1.32,4.01,28.72,835069.8403551831,935941.25,546260.0,2160.9354166666667,236162.08333333334,24
5min,140,100.0,150.0,100.0,False,500000.0,679,674,5,99.26,-434950.0,0.85,1921440.0,60.37,-640.6,15,1.33,-0.23,-14.5,-1000000.0,-302702.5,-1629500.0,0.9429166666666667,1464821.25,24
5min,140,100.0,150.0,100.0,True,500000.0,683,675,8,98.83,-585010.0,0.75,1905115.0,55.44,-856.5,15,1.32,-0.31,-19.5,-1000000.0,-470544.1666666667,-1207980.0,0.8133333333333334,1417802.0833333333,24
5min,140,100.0,150.0,150.0,False,500000.0,657,650,7,98.93,-449960.0,0.88,1741355.0,47.93,-684.9,15,1.48,-0.26,-15.0,-1000000.0,-328465.8333333333,-1899210.0,0.9719444444444447,1578833.0555555555,36
5min,140,100.0,150.0,150.0,True,500000.0,663,654,9,98.64,-466110.0,0.84,1808055.0,48.86,-703.0,15,1.46,-0.26,-15.54,-1000000.0,-524761.3888888889,-2290560.0,0.8225,1503903.3333333333,36
5min,140,100.0,150.0,200.0,False,500000.0,638,629,9,98.59,-313820.0,0.94,1658245.0,52.02,-491.9,15,1.61,-0.19,-10.46,-1000000.0,-610200.2777777778,-3091910.0,0.946111111111111,1922172.9166666667,36
5min,140,100.0,150.0,200.0,True,500000.0,647,638,9,98.61,22040.0,1.01,1751285.0,44.32,34.1,15,1.58,0.01,0.73,-1000000.0,-628714.1666666666,-2290560.0,0.8461111111111111,1699264.861111111,36
5min,140,100.0,150.0,250.0,False,500000.0,623,611,12,98.07,-699570.0,0.89,2387460.0,53.46,-1122.9,15,1.71,-0.29,-23.32,-1000000.0,-790163.75,-3091910.0,0.9204166666666667,2098483.9583333335,24
5min,140,100.0,200.0,100.0,False,500000.0,667,662,5,99.25,-719350.0,0.72,1257775.0,40.07,-1078.5,15,0.99,-0.57,-23.98,-1000000.0,-79846.66666666667,-1629500.0,84.28888888888888,1286577.638888889,36
5min,140,100.0,150.0,250.0,True,500000.0,633,620,13,97.95,-802450.0,0.82,2080290.0,52.86,-1267.7,15,1.67,-0.39,-26.75,-1000000.0,-726476.25,-2290560.0,0.8416666666666667,1810963.125,24
5min,140,100.0,200.0,100.0,True,500000.0,672,667,5,99.26,-570920.0,0.72,1151040.0,34.85,-849.6,15,0.98,-0.5,-19.03,-1000000.0,-224805.0,-1207980.0,84.17027777777778,1256444.1666666667,36
5min,140,100.0,200.0,150.0,False,500000.0,641,635,6,99.06,-556160.0,0.82,1399620.0,40.24,-867.6,15,1.11,-0.4,-18.54,-1000000.0,-151337.40740740742,-1899210.0,56.56888888888888,1416267.2222222222,54
5min,140,100.0,200.0,150.0,True,500000.0,648,641,7,98.92,-700650.0,0.73,1602920.0,45.32,-1081.3,15,1.09,-0.44,-23.36,-1000000.0,-296557.77777777775,-2290560.0,630.2051851851852,1348167.8703703703,54
5min,140,100.0,200.0,200.0,False,500000.0,620,613,7,98.87,-162740.0,0.95,1574405.0,50.49,-262.5,15,1.22,-0.1,-5.42,-1000000.0,-397183.8888888889,-3091910.0,19.52185185185185,1725388.9814814816,54
5min,140,100.0,200.0,200.0,True,500000.0,629,621,8,98.73,-796030.0,0.74,1536385.0,46.94,-1265.5,15,1.2,-0.52,-26.53,-1000000.0,-432973.7037037037,-2290560.0,593.19,1544621.851851852,54
5min,140,100.0,200.0,250.0,False,500000.0,608,598,10,98.36,-1197720.0,0.77,1920310.0,61.18,-1969.9,15,1.28,-0.62,-39.92,-1000000.0,-549729.7222222222,-3091910.0,1.011388888888889,1880066.9444444445,36
5min,140,100.0,200.0,250.0,True,500000.0,616,606,10,98.38,-1357770.0,0.67,1984810.0,63.23,-2204.2,15,1.26,-0.68,-45.26,-1000000.0,-531367.5,-2290560.0,861.5761111111111,1638931.111111111,36
5min,140,100.0,250.0,100.0,False,500000.0,656,653,3,99.54,53710.0,1.04,1133380.0,36.23,81.9,14,0.79,0.05,1.79,40394.50592338734,195960.27777777778,-858440.0,139.99527777777777,969319.0277777778,36
5min,140,100.0,250.0,100.0,True,500000.0,656,651,5,99.24,-151640.0,0.9,1133380.0,36.39,-231.2,14,0.79,-0.13,-5.05,28025.952687499997,130916.66666666667,-713240.0,195.34666666666666,929626.25,36
5min,140,100.0,250.0,150.0,False,500000.0,625,620,5,99.2,-374330.0,0.85,1585085.0,51.38,-598.9,14,0.91,-0.24,-12.48,27405.4963735288,151195.74074074073,-1112390.0,93.75129629629629,1093708.0555555555,54
5min,140,100.0,250.0,200.0,False,500000.0,608,601,7,98.85,-843240.0,0.76,1794030.0,57.85,-1386.9,14,0.97,-0.47,-28.11,9174.350699334702,67202.4074074074,-1460990.0,19.711481481481474,1317409.0740740742,54
5min,140,100.0,250.0,150.0,True,500000.0,628,620,8,98.73,-283900.0,0.86,1606835.0,52.09,-452.1,14,0.91,-0.18,-9.46,12590.223338422495,64323.51851851852,-1598920.0,704.4216666666666,1021335.925925926,54
5min,140,100.0,250.0,200.0,True,500000.0,611,602,9,98.53,-983090.0,0.67,1803230.0,58.14,-1609.0,14,0.97,-0.55,-32.77,-1000000.0,-19499.62962962963,-1598920.0,593.5070370370371,1198962.6851851852,54
5min,140,100.0,250.0,250.0,False,500000.0,588,581,7,98.81,-256540.0,0.93,1629185.0,52.27,-436.3,14,1.03,-0.16,-8.55,4856.326717715295,64926.38888888889,-1460990.0,1.2391666666666667,1396389.3055555555,36
5min,140,100.0,250.0,250.0,True,500000.0,597,587,10,98.32,-683210.0,0.77,1747195.0,56.06,-1144.4,14,1.02,-0.39,-22.77,-1000000.0,-18378.333333333332,-1598920.0,861.9566666666667,1239251.8055555555,36
5min,140,100.0,300.0,100.0,False,500000.0,640,639,1,99.84,883370.0,2.77,570595.0,18.11,1380.3,13,0.66,1.55,29.45,74359.0801378395,332014.44444444444,-682800.0,195.56666666666666,880183.0555555555,36
5min,140,100.0,300.0,100.0,True,500000.0,645,644,1,99.84,1256080.0,999.99,435755.0,13.98,1947.4,12,0.66,2.88,41.87,56792.37141195988,251585.27777777778,-713240.0,250.9172222222222,871309.7222222222,36
5min,140,100.0,300.0,150.0,False,500000.0,618,615,3,99.51,316230.0,1.21,1034555.0,33.67,511.7,13,0.74,0.31,10.54,65306.72271532921,318190.74074074073,-843240.0,130.86166666666665,973780.2777777778,54
5min,140,100.0,300.0,150.0,True,500000.0,621,618,3,99.52,107460.0,1.07,1075155.0,34.99,173.0,13,0.74,0.1,3.58,50543.09202847737,240364.44444444444,-983090.0,741.5353703703703,948615.4629629629,54
5min,140,100.0,300.0,200.0,False,500000.0,598,595,3,99.5,899940.0,1.6,986915.0,32.0,1504.9,13,0.8,0.91,30.0,64673.58954897119,377723.14814814815,-879010.0,19.905370370370363,1143902.2222222222,54
5min,140,100.0,300.0,200.0,True,500000.0,602,599,3,99.5,517660.0,1.34,1037575.0,33.64,859.9,13,0.8,0.5,17.26,42193.795329218105,236527.03703703705,-983090.0,593.6687037037037,1108055.5555555555,54
5min,140,100.0,300.0,250.0,False,500000.0,576,573,3,99.48,1582800.0,2.05,1077545.0,34.8,2747.9,13,0.87,1.47,52.76,52963.498534219645,449663.3333333333,-879010.0,1.456388888888889,1191254.5833333333,36
5min,140,100.0,350.0,100.0,False,500000.0,625,623,2,99.68,211030.0,1.21,971285.0,31.88,337.6,12,0.58,0.22,7.03,72140.96445114583,315089.1666666667,-499600.0,167.85958333333332,855229.375,24
5min,140,100.0,350.0,100.0,True,500000.0,625,622,3,99.52,113180.0,1.11,994085.0,32.63,181.1,12,0.58,0.11,3.77,56612.66883822916,244041.25,-713240.0,250.93375,840100.4166666666,24
5min,140,100.0,300.0,250.0,True,500000.0,581,578,3,99.48,1062240.0,1.71,1177955.0,38.05,1828.3,13,0.87,0.9,35.41,50951.49686725308,295535.27777777775,-983090.0,862.1324999999999,1137979.4444444445,36
5min,140,100.0,350.0,150.0,False,500000.0,597,595,2,99.66,681480.0,1.68,1017145.0,33.26,1141.5,12,0.64,0.67,22.72,81546.61150829474,375826.3888888889,-499600.0,112.41111111111111,915102.6388888889,36
5min,140,100.0,350.0,150.0,True,500000.0,601,598,3,99.5,526430.0,1.53,1051945.0,34.4,875.9,12,0.64,0.5,17.55,61480.07428871913,280621.94444444444,-713240.0,167.8177777777778,904574.7222222222,36
5min,140,100.0,350.0,200.0,False,500000.0,581,578,3,99.48,596810.0,1.4,1109025.0,36.15,1027.2,12,0.69,0.54,19.89,94283.4015120344,552160.2777777778,-499600.0,1.521388888888889,1049942.7777777778,36
5min,140,100.0,350.0,200.0,True,500000.0,586,582,4,99.32,406430.0,1.27,1155825.0,37.68,693.6,12,0.68,0.35,13.55,56131.264956058294,375536.94444444444,-713240.0,1.5641666666666667,1044415.4166666666,36
5min,140,100.0,350.0,250.0,False,500000.0,563,560,3,99.47,1027190.0,1.68,1041655.0,33.84,1824.5,12,0.74,0.99,34.24,158503.94355934075,708925.8333333334,23790.0,1.5879166666666666,1065265.4166666667,24
5min,140,150.0,150.0,100.0,False,500000.0,340,337,3,99.12,-395260.0,0.79,1400205.0,44.02,-1162.5,15,1.45,-0.28,-13.18,-1000000.0,-249261.94444444444,-1629500.0,0.9319444444444444,1290853.611111111,36
5min,140,100.0,350.0,250.0,True,500000.0,568,564,4,99.3,782810.0,1.52,1100455.0,35.75,1378.2,12,0.74,0.71,26.09,92528.8243065002,513877.9166666667,-354740.0,1.6762500000000002,1059535.625,24
5min,140,150.0,150.0,100.0,True,500000.0,340,336,4,98.82,-793060.0,0.57,1493555.0,47.86,-2332.5,15,1.44,-0.53,-26.44,-1000000.0,-455407.22222222225,-1207980.0,0.7702777777777778,1289151.8055555555,36
5min,140,150.0,150.0,150.0,False,500000.0,323,319,4,98.76,83190.0,1.04,1314365.0,37.08,257.6,15,1.93,0.06,2.77,-1000000.0,-269902.22222222225,-1899210.0,0.9705555555555554,1405519.6296296297,54
5min,140,150.0,150.0,150.0,True,500000.0,325,321,4,98.77,-356710.0,0.81,1441845.0,43.31,-1097.6,15,1.9,-0.25,-11.89,-1000000.0,-486896.48148148146,-2290560.0,0.791296296296296,1370225.1851851852,54
5min,140,150.0,150.0,200.0,False,500000.0,319,313,6,98.12,-203040.0,0.94,1642200.0,42.22,-636.5,15,2.07,-0.12,-6.77,-1000000.0,-469745.74074074073,-3091910.0,0.9729629629629628,1709879.6296296297,54
5min,140,150.0,150.0,200.0,True,500000.0,321,314,7,97.82,-1011950.0,0.65,1901940.0,54.06,-3152.5,15,2.05,-0.53,-33.73,-1000000.0,-540225.3703703703,-2290560.0,0.8412962962962962,1538756.4814814816,54
5min,140,150.0,150.0,250.0,False,500000.0,313,303,10,96.81,-1754910.0,0.67,2731020.0,77.37,-5606.7,15,2.21,-0.64,-58.5,-1000000.0,-609720.0,-3091910.0,0.9586111111111109,1874142.638888889,36
5min,140,150.0,200.0,100.0,False,500000.0,335,333,2,99.4,117500.0,1.12,672915.0,22.05,350.7,15,1.16,0.17,3.92,-1000000.0,-6290.555555555556,-1629500.0,130.5424074074074,1121948.2407407407,54
5min,140,150.0,150.0,250.0,True,500000.0,316,308,8,97.47,-1221090.0,0.64,2304620.0,62.81,-3864.2,15,2.14,-0.53,-40.7,-1000000.0,-597920.2777777778,-2290560.0,0.8522222222222223,1629835.5555555555,36
5min,140,150.0,200.0,100.0,True,500000.0,335,331,4,98.81,-118580.0,0.88,706345.0,23.14,-354.0,15,1.14,-0.17,-3.95,-1000000.0,-188050.0,-1207980.0,130.39777777777778,1121622.1296296297,54
5min,140,150.0,200.0,150.0,False,500000.0,319,316,3,99.06,315290.0,1.21,876155.0,25.54,988.4,15,1.47,0.36,10.51,-1000000.0,-45590.61728395062,-1899210.0,112.06469135802469,1241148.4567901234,81
5min,140,150.0,200.0,150.0,True,500000.0,321,317,4,98.75,222540.0,1.22,782220.0,24.68,693.3,15,1.44,0.28,7.42,-1000000.0,-222518.02469135803,-2290560.0,494.42790123456797,1200679.7530864198,81
5min,140,150.0,200.0,200.0,False,500000.0,318,314,4,98.74,261660.0,1.13,1252415.0,34.09,822.8,15,1.52,0.21,8.72,-1000000.0,-182431.4814814815,-3091910.0,87.3788888888889,1503837.4074074074,81
5min,140,150.0,200.0,200.0,True,500000.0,320,315,5,98.44,-1180.0,1.0,1059175.0,31.87,-3.7,15,1.5,-0.0,-0.04,-1000000.0,-280716.6666666667,-2290560.0,469.77753086419756,1359315.7407407407,81
5min,140,150.0,200.0,250.0,False,500000.0,309,303,6,98.06,-253790.0,0.92,1343355.0,42.45,-821.3,15,1.65,-0.19,-8.46,-1000000.0,-285562.22222222225,-3091910.0,75.0261111111111,1644661.6666666667,54
5min,140,150.0,200.0,250.0,True,500000.0,314,309,5,98.41,264800.0,1.17,983480.0,28.46,843.3,15,1.59,0.27,8.83,-1000000.0,-332275.0,-2290560.0,648.7051851851851,1435322.5,54
5min,140,150.0,250.0,100.0,False,500000.0,328,328,0,100.0,1023190.0,999.99,482935.0,15.87,3119.5,14,0.96,2.12,34.11,63455.5019097668,270431.85185185185,-858440.0,241.72296296296295,826774.6296296297,54
5min,140,150.0,250.0,100.0,True,500000.0,329,329,0,100.0,805510.0,999.99,482935.0,15.87,2448.4,14,0.96,1.67,26.85,40418.39909634773,170237.22222222222,-713240.0,278.57666666666665,812880.0925925926,54
5min,140,150.0,250.0,150.0,False,500000.0,314,312,2,99.36,448090.0,1.42,873305.0,23.2,1427.0,15,1.18,0.51,14.94,59811.49281766802,278120.74074074073,-1112390.0,210.8951851851852,924720.7407407408,81
5min,140,150.0,250.0,200.0,False,500000.0,304,300,4,98.68,-209270.0,0.9,1142770.0,34.82,-688.4,15,1.31,-0.18,-6.98,55713.2645016156,306893.2098765432,-1460990.0,161.5564197530864,1092302.0987654321,81
5min,140,150.0,250.0,150.0,True,500000.0,316,314,2,99.37,89580.0,1.08,873305.0,25.29,283.5,15,1.17,0.1,2.99,33456.37981486054,149258.3950617284,-1598920.0,617.96012345679,879246.2962962963,81
5min,140,150.0,250.0,200.0,True,500000.0,309,306,3,99.03,347270.0,1.33,873305.0,23.82,1123.9,15,1.28,0.4,11.58,31430.585983703702,156810.0,-1598920.0,544.043950617284,997813.086419753,81
5min,140,150.0,250.0,250.0,False,500000.0,298,292,6,97.99,-879010.0,0.72,1707740.0,54.69,-2949.7,15,1.42,-0.51,-29.3,56375.439126913574,337093.3333333333,-1460990.0,149.2274074074074,1163800.7407407407,54
5min,140,150.0,300.0,100.0,False,500000.0,329,329,0,100.0,827960.0,999.99,359960.0,11.84,2516.6,11,0.77,2.3,27.6,109016.46651871743,429149.81481481483,-682800.0,371.28814814814825,729855.3703703703,54
5min,140,150.0,250.0,250.0,True,500000.0,303,298,5,98.35,-499570.0,0.76,1247450.0,39.95,-1648.7,15,1.38,-0.4,-16.65,35072.8061595336,180764.8148148148,-1598920.0,723.006111111111,1029877.4074074074,54
5min,140,150.0,300.0,100.0,True,500000.0,329,329,0,100.0,756710.0,999.99,359960.0,11.84,2300.0,11,0.77,2.1,25.22,86270.6954627915,338035.3703703704,-713240.0,408.16462962962976,723939.8148148148,54
5min,140,150.0,300.0,150.0,False,500000.0,311,309,2,99.36,228990.0,1.23,1144045.0,29.1,736.3,13,0.96,0.2,7.63,107159.62320771832,447011.48148148146,-843240.0,321.96876543209885,801377.2839506173,81
5min,140,150.0,300.0,150.0,True,500000.0,313,311,2,99.36,15230.0,1.02,1144045.0,30.5,48.7,13,0.95,0.01,0.51,85647.47095245846,350944.93827160494,-983090.0,729.0666666666667,779759.1358024691,81
5min,140,150.0,300.0,200.0,True,500000.0,307,305,2,99.35,289580.0,1.29,1108145.0,27.99,943.3,13,1.03,0.26,9.65,89725.1870757415,405088.02469135803,-983090.0,618.1679012345679,892522.3456790124,81
5min,140,150.0,300.0,200.0,False,500000.0,303,300,3,99.01,23790.0,1.02,1108145.0,30.37,78.5,13,1.04,0.02,0.79,121819.65105294925,566823.7037037037,-879010.0,235.67654320987654,925418.5185185185,81
5min,140,150.0,300.0,250.0,False,500000.0,299,296,3,99.0,375040.0,1.25,1064655.0,27.2,1254.3,13,1.08,0.35,12.5,134144.4729342284,647072.4074074074,-879010.0,223.35240740740738,963450.8333333334,54
5min,140,150.0,300.0,250.0,True,500000.0,304,302,2,99.34,580800.0,1.58,1064655.0,25.49,1910.5,13,1.07,0.55,19.36,101517.39717355279,467579.25925925927,-983090.0,797.1270370370368,914436.4814814815,54
5min,140,150.0,350.0,100.0,False,500000.0,327,327,0,100.0,731550.0,999.99,288365.0,9.49,2237.2,10,0.64,2.54,24.38,113847.78948946387,403898.6111111111,-499600.0,362.05055555555555,702714.3055555555,36
5min,140,150.0,350.0,100.0,True,500000.0,327,327,0,100.0,685000.0,999.99,288365.0,9.49,2094.8,10,0.64,2.38,22.83,87259.43241527776,333720.8333333333,-713240.0,417.42055555555555,692628.3333333334,36
5min,140,150.0,350.0,150.0,False,500000.0,307,306,1,99.67,566820.0,2.13,542865.0,17.58,1846.3,12,0.78,1.04,18.89,138980.7597448456,469000.9259259259,-499600.0,315.82666666666665,745862.8703703703,54
5min,140,150.0,350.0,150.0,True,500000.0,308,307,1,99.68,424690.0,1.85,542865.0,17.75,1378.9,12,0.77,0.78,14.16,94157.37379951302,373297.962962963,-713240.0,352.7494444444445,738844.2592592592,54
5min,140,150.0,350.0,200.0,False,500000.0,304,303,1,99.67,844800.0,2.69,536865.0,17.24,2778.9,12,0.81,1.57,28.16,193541.51205064365,654137.0370370371,-499600.0,223.41944444444445,842251.2962962963,54
5min,140,150.0,350.0,200.0,True,500000.0,305,304,1,99.67,652670.0,2.3,536865.0,17.46,2139.9,12,0.81,1.22,21.76,118013.37030045364,488481.6666666667,-713240.0,223.42685185185184,838566.3888888889,54
5min,140,150.0,350.0,250.0,False,500000.0,289,287,2,99.31,797480.0,1.8,834020.0,25.2,2759.4,12,0.97,0.96,26.58,264906.52167638106,789231.9444444445,23790.0,223.44805555555553,852326.3888888889,36
5min,140,200.0,150.0,100.0,False,500000.0,206,204,2,99.03,-227810.0,0.83,1047440.0,32.8,-1105.9,15,1.63,-0.22,-7.59,53469.470491049375,222144.44444444444,-645600.0,333.9786111111111,796515.6944444445,36
5min,140,150.0,350.0,250.0,True,500000.0,291,289,2,99.31,556820.0,1.56,834020.0,25.61,1913.5,12,0.96,0.67,18.56,172769.94828918867,601861.1111111111,-354740.0,223.485,848506.5277777778,36
5min,140,200.0,150.0,150.0,False,500000.0,197,194,3,98.48,-173880.0,0.9,1350875.0,41.44,-882.6,15,2.07,-0.13,-5.8,58453.96190388887,264943.3333333333,-1899210.0,315.5683333333333,896859.1666666666,54
5min,140,200.0,150.0,100.0,True,500000.0,206,202,4,98.06,-527230.0,0.6,1047440.0,34.55,-2559.4,15,1.61,-0.5,-17.57,-1000000.0,-84758.88888888889,-936470.0,1535.2605555555556,822255.2777777778,36
5min,140,200.0,150.0,150.0,True,500000.0,197,192,5,97.46,-735720.0,0.6,1487345.0,47.44,-3734.6,15,2.05,-0.49,-24.52,-1000000.0,-67017.22222222222,-2290560.0,1826.6694444444443,888061.1111111111,54
5min,140,200.0,150.0,200.0,False,500000.0,195,191,4,97.95,-107820.0,0.95,1273715.0,37.02,-552.9,15,2.32,-0.08,-3.59,22465.58257415638,139528.88888888888,-2476990.0,204.67444444444445,1194948.7037037036,54
5min,140,200.0,150.0,200.0,True,500000.0,195,190,5,97.44,-394760.0,0.78,1456685.0,44.53,-2024.4,15,2.26,-0.27,-13.16,-1000000.0,-44090.37037037037,-2290560.0,1866.1701851851851,1036047.8703703703,54
5min,140,200.0,200.0,100.0,False,500000.0,205,203,2,99.02,-230480.0,0.77,712630.0,23.59,-1124.3,15,1.29,-0.32,-7.68,92301.87458047326,349954.25925925927,-682800.0,463.526851851852,681229.4444444445,54
5min,140,200.0,150.0,250.0,False,500000.0,192,186,6,96.88,-583820.0,0.82,1596945.0,44.38,-3040.7,15,2.56,-0.37,-19.46,4909.005352160494,38594.444444444445,-2476990.0,139.99472222222224,1364026.9444444445,36
5min,140,200.0,150.0,250.0,True,500000.0,192,185,7,96.35,-665190.0,0.71,1668075.0,49.3,-3464.5,15,2.46,-0.4,-22.17,-1000000.0,-54065.833333333336,-2290560.0,1921.271111111111,1112983.888888889,36
5min,140,200.0,200.0,100.0,True,500000.0,205,202,3,98.54,-402530.0,0.6,833380.0,27.58,-1963.6,15,1.28,-0.48,-13.42,24947.560120709877,95675.37037037036,-936470.0,1264.3557407407409,696239.1666666666,54
5min,140,200.0,200.0,150.0,False,500000.0,197,195,2,98.98,156740.0,1.16,637580.0,20.41,795.6,15,1.55,0.25,5.22,95161.57015531321,390684.3209876543,-1899210.0,432.7675308641975,782116.8518518518,81
5min,140,200.0,200.0,150.0,True,500000.0,197,194,3,98.48,-164110.0,0.84,745850.0,24.53,-833.0,15,1.54,-0.22,-5.47,33345.203211327535,134050.1234567901,-2290560.0,1822.6633333333332,756241.2345679012,81
5min,140,200.0,200.0,200.0,True,500000.0,194,191,3,98.45,59230.0,1.06,773015.0,25.17,305.3,15,1.77,0.08,1.97,37849.88853188386,169862.83950617284,-2290560.0,1824.333827160494,885869.074074074,81
5min,140,200.0,200.0,200.0,False,500000.0,194,192,2,98.97,701680.0,1.7,641020.0,20.02,3616.9,15,1.78,1.09,23.39,64348.724909547316,332997.77777777775,-2476990.0,321.8625925925926,1033796.4814814815,81
5min,140,200.0,200.0,250.0,False,500000.0,194,191,3,98.45,610000.0,1.41,843295.0,26.34,3144.3,15,1.9,0.72,20.33,45322.1726180624,276566.85185185185,-2476990.0,260.2537037037037,1180628.9814814816,54
5min,140,200.0,200.0,250.0,True,500000.0,194,191,3,98.45,302630.0,1.3,711460.0,22.74,1559.9,15,1.87,0.43,10.09,38302.46258567901,182815.1851851852,-2290560.0,2039.9990740740743,952426.6666666666,54
5min,140,200.0,250.0,100.0,False,500000.0,204,204,0,100.0,660510.0,999.99,464450.0,15.36,3237.8,14,1.0,1.42,22.02,146814.22549472828,452044.81481481483,-682800.0,574.6166666666669,484201.48148148146,54
5min,140,200.0,250.0,100.0,True,500000.0,204,204,0,100.0,521810.0,999.99,464450.0,15.36,2557.9,14,1.0,1.12,17.39,93404.68305064812,310018.3333333333,-713240.0,1175.547037037037,493561.94444444444,54
5min,140,200.0,250.0,150.0,False,500000.0,193,193,0,100.0,1044370.0,999.99,464450.0,15.29,5411.2,14,1.3,2.25,34.81,147646.53234152732,508681.48148148146,-1112390.0,543.8064197530864,553565.1851851852,81
5min,140,200.0,250.0,150.0,True,500000.0,193,193,0,100.0,763020.0,999.99,464450.0,15.29,3953.5,14,1.3,1.64,25.43,108809.41701077882,369959.012345679,-713240.0,1664.7469135802469,529439.5679012346,81
5min,140,200.0,250.0,200.0,False,500000.0,191,191,0,100.0,1468060.0,999.99,464435.0,15.17,7686.2,14,1.45,3.16,48.94,156702.76705076816,600232.2222222222,-1460990.0,445.24370370370366,694648.8271604938,81
5min,140,200.0,250.0,200.0,True,500000.0,191,191,0,100.0,1065810.0,999.99,464435.0,15.17,5580.2,14,1.45,2.29,35.53,133292.02464982166,475952.0987654321,-713240.0,1883.7387654320987,599732.7777777778,81
5min,140,200.0,250.0,250.0,False,500000.0,191,191,0,100.0,1924970.0,999.99,464435.0,15.12,10078.4,14,1.52,4.14,64.17,160696.03163674552,652189.8148148148,-1460990.0,408.2794444444446,768027.1296296297,54
5min,140,200.0,250.0,250.0,True,500000.0,191,191,0,100.0,1244470.0,999.99,464435.0,15.12,6515.5,14,1.52,2.68,41.48,158572.4210030607,550531.2962962963,-599610.0,2213.8418518518524,625068.1481481482,54
5min,140,200.0,300.0,100.0,False,500000.0,204,204,0,100.0,592640.0,999.99,348975.0,11.55,2905.1,11,0.82,1.7,19.75,212172.3961216646,515201.85185185185,-682800.0,704.1477777777776,411934.9074074074,54
5min,140,200.0,300.0,100.0,True,500000.0,204,204,0,100.0,539690.0,999.99,348975.0,11.55,2645.5,11,0.82,1.55,17.99,164163.29522045047,425661.48148148146,-713240.0,704.0881481481479,409784.9074074074,54
5min,140,200.0,300.0,150.0,False,500000.0,196,196,0,100.0,844920.0,999.99,348975.0,11.51,4310.8,11,0.99,2.42,28.16,216058.31014377985,565866.5432098765,-710190.0,654.8432098765431,466685.3086419753,81
5min,140,200.0,300.0,150.0,True,500000.0,196,196,0,100.0,741720.0,999.99,348975.0,11.51,3784.3,11,0.99,2.13,24.72,187474.53633995654,488486.2962962963,-713240.0,1037.3148148148146,446675.06172839506,81
5min,140,200.0,300.0,200.0,False,500000.0,193,193,0,100.0,1141480.0,999.99,348960.0,11.45,5914.4,11,1.09,3.27,38.05,239309.5206009804,694667.4074074074,-879010.0,556.2414814814814,574372.0370370371,81
5min,140,200.0,300.0,200.0,True,500000.0,193,193,0,100.0,954430.0,999.99,348960.0,11.45,4945.2,11,1.09,2.74,31.81,211818.007854413,590594.4444444445,-713240.0,1103.9423456790123,529981.8518518518,81
5min,140,200.0,300.0,250.0,False,500000.0,191,191,0,100.0,1451400.0,999.99,348960.0,11.43,7599.0,11,1.18,4.16,48.38,266129.48363719496,774434.2592592592,-879010.0,537.7464814814817,614316.1111111111,54
5min,140,200.0,300.0,250.0,True,500000.0,191,191,0,100.0,1219850.0,999.99,348960.0,11.43,6386.6,11,1.18,3.5,40.66,255538.21402178885,675257.2222222222,-499570.0,1359.342777777778,549880.8333333334,54
5min,140,200.0,350.0,100.0,False,500000.0,202,202,0,100.0,524590.0,999.99,277780.0,9.2,2597.0,10,0.73,1.89,17.49,205187.0066798311,470015.8333333333,-499600.0,694.9100000000002,392573.8888888889,36
5min,140,200.0,350.0,100.0,True,500000.0,202,202,0,100.0,478040.0,999.99,277780.0,9.2,2366.5,10,0.73,1.72,15.93,162014.2150811495,410220.27777777775,-713240.0,694.8591666666669,392573.8888888889,36
5min,140,200.0,350.0,150.0,False,500000.0,193,193,0,100.0,788750.0,999.99,277780.0,9.17,4086.8,10,0.93,2.84,26.29,226869.5811728969,527716.6666666666,-499600.0,648.6818518518519,423711.85185185185,54
5min,140,200.0,350.0,150.0,True,500000.0,193,193,0,100.0,717700.0,999.99,277780.0,9.17,3718.7,10,0.93,2.58,23.92,183586.9849174364,464637.037037037,-713240.0,648.6466666666666,423711.85185185185,54
5min,140,200.0,350.0,200.0,False,500000.0,193,193,0,100.0,1034170.0,999.99,277765.0,9.12,5358.4,10,0.95,3.72,34.47,283948.79306650255,682033.3333333334,-499600.0,556.242777777778,505812.037037037,54
5min,140,200.0,350.0,200.0,True,500000.0,193,193,0,100.0,938620.0,999.99,277765.0,9.12,4863.3,10,0.95,3.38,31.29,227167.4577729543,587007.0370370371,-713240.0,785.5829629629629,502217.037037037,54
5min,140,200.0,350.0,250.0,False,500000.0,190,190,0,100.0,1280630.0,999.99,277765.0,9.1,6740.2,10,1.04,4.61,42.69,357091.61927325407,785395.5555555555,23790.0,556.233888888889,514557.6388888889,36
5min,140,250.0,150.0,100.0,False,500000.0,131,131,0,100.0,661630.0,999.99,361695.0,10.87,5050.6,13,1.53,1.83,22.05,147397.99323367284,489825.55555555556,-389740.0,666.9633333333336,495403.19444444444,36
5min,140,200.0,350.0,250.0,True,500000.0,190,190,0,100.0,1160580.0,999.99,277765.0,9.1,6108.3,10,1.04,4.18,38.69,287779.71021477086,684597.2222222222,-354740.0,900.2866666666669,509165.1388888889,36
5min,140,250.0,150.0,100.0,True,500000.0,131,130,1,99.24,391660.0,2798.57,257835.0,7.97,2989.8,13,1.51,1.52,13.06,59919.82420412036,200053.61111111112,-892130.0,3024.981666666666,502405.8333333333,36
5min,140,250.0,150.0,150.0,False,500000.0,126,126,0,100.0,1239140.0,999.99,361695.0,9.91,9834.4,13,2.15,3.43,41.3,174295.51111618313,599734.6296296297,-1222500.0,648.5383333333333,546894.7222222222,54
5min,140,250.0,150.0,150.0,True,500000.0,126,123,3,97.62,696150.0,3481.75,274525.0,8.56,5525.0,13,2.11,2.54,23.21,79504.64633060699,270536.1111111111,-1163870.0,3538.9412962962965,530609.3518518518,54
5min,140,250.0,150.0,200.0,False,500000.0,124,124,0,100.0,1705190.0,999.99,361695.0,9.44,13751.5,13,2.5,4.71,56.84,155343.43439006168,630779.074074074,-1502980.0,426.86666666666673,768638.3333333334,54
5min,140,250.0,150.0,200.0,True,500000.0,124,121,3,97.58,943950.0,4720.75,274525.0,8.32,7612.5,13,2.46,3.44,31.47,103616.30272927984,373721.1111111111,-1163870.0,4055.44537037037,613721.574074074,54
5min,140,250.0,150.0,250.0,False,500000.0,123,120,3,97.56,539800.0,1.36,1164210.0,26.16,4388.6,14,2.84,0.46,17.99,139429.531041358,628052.7777777778,-1502980.0,306.8016666666667,889985.5555555555,36
5min,140,250.0,200.0,100.0,False,500000.0,128,128,0,100.0,576640.0,999.99,220220.0,6.63,4505.0,10,1.29,2.62,19.22,185977.07386978753,519080.3703703704,-389740.0,741.0098148148145,421389.72222222225,54
5min,140,250.0,150.0,250.0,True,500000.0,123,119,4,96.75,620930.0,2.24,603145.0,16.17,5048.2,14,2.69,1.03,20.7,115457.9164132716,428493.8888888889,-1163870.0,4387.543055555555,652747.2222222222,36
5min,140,250.0,200.0,100.0,True,500000.0,128,127,1,99.22,412290.0,5154.62,220220.0,6.81,3221.0,10,1.29,1.87,13.74,93505.62795304868,296830.9259259259,-892130.0,2313.0066666666667,424934.537037037,54
5min,140,250.0,200.0,150.0,True,500000.0,126,125,1,99.21,550770.0,6885.62,220220.0,6.7,4371.2,10,1.52,2.5,18.36,115546.9597315089,375371.97530864197,-1163870.0,2655.643333333333,460900.55555555556,81
5min,140,250.0,200.0,150.0,False,500000.0,126,126,0,100.0,833820.0,999.99,220220.0,6.44,6617.6,10,1.52,3.79,27.79,210206.0505624236,635381.1111111111,-1222500.0,728.7159259259258,477348.14814814815,81
5min,140,250.0,200.0,200.0,False,500000.0,124,124,0,100.0,1168050.0,999.99,220220.0,6.23,9419.8,10,1.77,5.3,38.94,219618.26531114583,748012.0987654321,-1502980.0,568.6288888888888,650799.3209876543,81
5min,140,250.0,200.0,200.0,True,500000.0,124,123,1,99.19,759000.0,9488.5,220220.0,6.56,6121.0,10,1.77,3.45,25.3,149379.00416975765,509303.5802469136,-1163870.0,2999.982962962963,533497.4074074074,81
5min,140,250.0,200.0,250.0,False,500000.0,124,123,1,99.19,1095110.0,3.19,631905.0,17.93,8831.5,13,2.08,1.73,36.5,205824.87233040112,791615.1851851852,-1502980.0,482.4187037037038,754668.9814814815,54
5min,140,250.0,200.0,250.0,True,500000.0,124,123,1,99.19,893890.0,11174.62,435165.0,11.64,7208.8,12,2.04,2.05,29.8,164439.1193943678,576945.7407407408,-1163870.0,3221.3757407407397,576597.5925925926,54
5min,140,250.0,250.0,100.0,False,500000.0,128,128,0,100.0,443700.0,999.99,159710.0,4.93,3466.4,8,1.03,2.78,14.79,237796.54196380748,498335.9259259259,-316760.0,815.0527777777776,293287.22222222225,54
5min,140,250.0,250.0,100.0,True,500000.0,128,128,0,100.0,407600.0,999.99,159710.0,4.93,3184.4,8,1.03,2.55,13.59,168076.77732104782,390863.14814814815,-457460.0,1897.842592592593,304730.9259259259,54
5min,140,250.0,250.0,150.0,False,500000.0,126,126,0,100.0,652910.0,999.99,159710.0,4.82,5181.8,8,1.18,4.09,21.76,289872.9235683395,621831.975308642,-316760.0,815.0543209876543,327509.81481481483,81
5min,140,250.0,250.0,150.0,True,500000.0,126,126,0,100.0,597810.0,999.99,159710.0,4.82,4744.5,8,1.18,3.74,19.93,206988.0812767522,475451.1111111111,-457460.0,2130.263456790123,329534.3827160494,81
5min,140,250.0,250.0,200.0,False,500000.0,123,123,0,100.0,1006850.0,999.99,361870.0,10.83,8185.8,10,1.58,2.78,33.56,405180.0703659277,839285.061728395,6910.0,728.8955555555555,406766.97530864197,81
5min,140,250.0,250.0,200.0,True,500000.0,123,123,0,100.0,823550.0,999.99,361870.0,10.83,6695.5,10,1.58,2.28,27.45,312405.9926431665,662103.7037037037,-266090.0,2615.570987654322,362276.48148148146,81
5min,140,250.0,250.0,250.0,False,500000.0,123,123,0,100.0,1332280.0,999.99,361870.0,10.63,10831.5,10,1.72,3.68,44.41,479768.79729262646,945962.7777777778,60340.0,685.7914814814814,463162.31481481483,54
5min,140,250.0,250.0,250.0,True,500000.0,123,123,0,100.0,1033380.0,999.99,361870.0,10.63,8401.5,10,1.72,2.86,34.45,359723.8571201276,750433.7037037037,-143180.0,2885.2866666666664,391672.31481481483,54
5min,140,250.0,300.0,100.0,False,500000.0,129,129,0,100.0,362570.0,999.99,125895.0,3.94,2810.6,6,0.81,2.88,12.09,392105.41469377617,503938.51851851854,190080.0,907.5703703703701,242848.33333333334,54
5min,140,250.0,300.0,150.0,False,500000.0,126,126,0,100.0,566960.0,999.99,165525.0,4.91,4499.7,7,1.0,3.43,18.9,425294.35471999214,604625.5555555555,190080.0,901.3876543209877,273513.5802469136,81
5min,140,250.0,300.0,100.0,True,500000.0,129,129,0,100.0,362570.0,999.99,125895.0,3.94,2810.6,6,0.81,2.88,12.09,339420.7691754325,459662.037037037,133310.0,907.5464814814811,241724.72222222222,54
5min,140,250.0,300.0,200.0,False,500000.0,123,123,0,100.0,761470.0,999.99,165525.0,4.77,6190.8,7,1.18,4.6,25.38,553212.1103334285,831935.8024691358,217830.0,876.761234567901,323463.64197530865,81
5min,140,250.0,300.0,150.0,True,500000.0,126,126,0,100.0,566960.0,999.99,165525.0,4.91,4499.7,7,1.0,3.43,18.9,368700.1146209976,542593.2098765433,133310.0,901.3697530864197,267922.9012345679,81
5min,140,250.0,300.0,200.0,True,500000.0,123,123,0,100.0,761470.0,999.99,165525.0,4.77,6190.8,7,1.18,4.6,25.38,485990.42779420613,727210.0,165660.0,1041.9597530864198,307165.3703703704,81
5min,140,250.0,300.0,250.0,False,500000.0,122,122,0,100.0,1072230.0,999.99,234410.0,6.1,8788.8,8,1.37,4.57,35.74,612492.3980509317,944432.4074074074,217830.0,870.5838888888886,351374.35185185185,54
5min,140,250.0,300.0,250.0,True,500000.0,122,122,0,100.0,959530.0,999.99,234410.0,6.1,7865.0,8,1.37,4.09,31.98,536136.2282341399,816398.8888888889,165660.0,1118.3985185185184,328050.55555555556,54
5min,140,250.0,350.0,100.0,False,500000.0,128,128,0,100.0,333300.0,999.99,99380.0,3.14,2603.9,6,0.72,3.35,11.11,377708.2578288375,467112.77777777775,190080.0,916.8041666666668,227591.11111111112,36
5min,140,250.0,350.0,100.0,True,500000.0,128,128,0,100.0,333300.0,999.99,99380.0,3.14,2603.9,6,0.72,3.35,11.11,335148.0095985626,444300.27777777775,137130.0,916.7913888888891,227591.11111111112,36
5min,140,250.0,350.0,150.0,False,500000.0,126,126,0,100.0,526410.0,999.99,214950.0,6.73,4177.9,7,0.9,2.45,17.55,413405.1617582996,553601.2962962963,190080.0,907.5459259259255,241142.87037037036,54
5min,140,250.0,350.0,150.0,True,500000.0,126,126,0,100.0,526410.0,999.99,214950.0,6.73,4177.9,7,0.9,2.45,17.55,364344.06417804904,521367.962962963,137130.0,907.5309259259257,241142.87037037036,54
5min,140,250.0,350.0,200.0,False,500000.0,124,124,0,100.0,726320.0,999.99,214950.0,6.63,5857.4,7,1.08,3.38,24.21,574803.320410773,756664.6296296297,281570.0,889.065185185185,277634.81481481483,54
5min,140,250.0,350.0,250.0,False,500000.0,123,123,0,100.0,932930.0,999.99,214950.0,6.54,7584.8,7,1.19,4.34,31.1,638384.5137050727,857278.6111111111,281570.0,889.0494444444446,285043.6111111111,36
5min,140,250.0,350.0,200.0,True,500000.0,124,124,0,100.0,726320.0,999.99,214950.0,6.63,5857.4,7,1.08,3.38,24.21,478017.1932158828,700580.7407407408,165660.0,1118.4105555555552,274223.51851851854,54
5min,140,300.0,150.0,100.0,False,500000.0,90,90,0,100.0,701150.0,999.99,236870.0,7.03,7790.6,13,1.99,2.96,23.37,685982.4152625797,805928.75,454260.0,999.9900000000001,271645.625,24
5min,140,250.0,350.0,250.0,True,500000.0,123,123,0,100.0,932930.0,999.99,214950.0,6.54,7584.8,7,1.19,4.34,31.1,532227.8582138695,787673.6111111111,165660.0,1233.077222222222,279926.6666666667,36
5min,140,300.0,150.0,100.0,True,500000.0,90,89,1,98.89,451300.0,3224.57,236870.0,7.08,5014.4,13,1.97,1.91,15.04,455126.2917811362,512647.0833333333,349760.0,4537.130416666667,237683.125,24
5min,140,300.0,150.0,150.0,False,500000.0,88,88,0,100.0,1092570.0,999.99,355195.0,9.76,12415.6,13,2.51,3.08,36.42,790121.4473704658,975989.4444444445,454260.0,972.3236111111112,290895.69444444444,36
5min,140,300.0,150.0,150.0,True,500000.0,88,86,2,97.73,566040.0,3330.65,274525.0,8.62,6432.3,13,2.44,2.06,18.87,526089.62762406,611387.5,349760.0,5308.0475,244479.58333333334,36
5min,140,300.0,150.0,200.0,False,500000.0,87,87,0,100.0,1474100.0,999.99,355195.0,9.36,16943.7,13,2.83,4.15,49.14,484149.5652408531,1040586.9444444445,-86040.0,639.7866666666667,510310.97222222225,36
5min,140,300.0,150.0,200.0,True,500000.0,87,85,2,97.7,764070.0,4495.53,274525.0,8.45,8782.4,13,2.76,2.78,25.47,625745.0900924343,742205.5555555555,435100.0,6082.752222222222,311712.5,36
5min,140,300.0,150.0,250.0,False,500000.0,86,85,1,98.84,1352600.0,3.7,668880.0,14.96,15727.9,14,3.24,2.02,45.09,448763.45318169583,1066495.4166666667,-86040.0,459.685,622248.3333333334,24
5min,140,300.0,150.0,250.0,True,500000.0,86,84,2,97.67,924520.0,5439.35,274525.0,8.32,10750.2,13,3.1,3.37,30.82,677813.9056740341,813145.0,437800.0,6580.877916666667,345330.625,24
5min,140,300.0,200.0,100.0,False,500000.0,91,91,0,100.0,481440.0,999.99,208635.0,6.34,5290.5,10,1.46,2.31,16.05,592040.192564822,708209.7222222222,333940.0,999.9899999999998,235739.86111111112,36
5min,140,300.0,200.0,100.0,True,500000.0,91,90,1,98.9,350340.0,4380.25,208635.0,6.46,3849.9,10,1.46,1.68,11.68,453850.5990226667,502516.3888888889,319690.0,3358.083611111111,211412.77777777778,36
5min,140,300.0,200.0,150.0,False,500000.0,88,88,0,100.0,705520.0,999.99,208635.0,6.15,8017.3,10,1.78,3.38,23.52,657986.4540869264,870120.1851851852,333940.0,981.5457407407405,270566.75925925927,54
5min,140,300.0,200.0,150.0,True,500000.0,88,87,1,98.86,451470.0,5644.37,208635.0,6.36,5130.3,10,1.78,2.16,15.05,520006.242782139,600277.2222222222,319690.0,3872.0283333333327,238499.07407407407,54
5min,140,300.0,200.0,200.0,False,500000.0,87,87,0,100.0,951670.0,999.99,208635.0,5.97,10938.7,10,2.0,4.56,31.72,488136.84389536706,998481.4814814815,-86040.0,741.3968518518517,445831.85185185185,54
5min,140,300.0,200.0,200.0,True,500000.0,87,86,1,98.85,600020.0,7501.25,208635.0,6.23,6896.8,10,1.99,2.88,20.0,637934.8160150739,752056.6666666666,435100.0,4388.498148148147,305894.35185185185,54
5min,140,300.0,200.0,250.0,False,500000.0,87,86,1,98.85,780420.0,2.56,624405.0,17.99,8970.3,13,2.41,1.25,26.01,490334.4831007753,1066036.388888889,-86040.0,612.1002777777779,545077.9166666666,36
5min,140,300.0,250.0,100.0,False,500000.0,91,91,0,100.0,359380.0,999.99,157710.0,4.9,3949.2,8,1.16,2.28,11.98,487399.06093505316,537816.3888888889,277830.0,999.9899999999998,169087.91666666666,36
5min,140,300.0,250.0,100.0,True,500000.0,91,91,0,100.0,345130.0,999.99,157710.0,4.9,3792.6,8,1.16,2.19,11.5,428769.9867837006,461855.55555555556,277830.0,2624.245555555556,167402.5,36
5min,140,300.0,200.0,250.0,True,500000.0,87,86,1,98.85,810350.0,10130.37,208635.0,6.16,9314.4,10,2.34,3.88,27.01,696390.4422403027,832463.6111111111,437800.0,4720.581944444444,350843.75,36
5min,140,300.0,250.0,150.0,False,500000.0,88,88,0,100.0,535810.0,999.99,157710.0,4.79,6088.8,8,1.44,3.4,17.86,543507.0497931256,666762.5925925926,277830.0,999.9899999999997,197891.66666666666,54
5min,140,300.0,250.0,150.0,True,500000.0,88,88,0,100.0,514060.0,999.99,157710.0,4.79,5841.6,8,1.44,3.26,17.14,493263.9075350699,553612.5925925926,277830.0,2972.876666666666,196768.05555555556,54
5min,140,300.0,250.0,200.0,False,500000.0,86,86,0,100.0,836720.0,999.99,361870.0,10.93,9729.3,10,1.78,2.31,27.89,716339.2942711153,865790.1851851852,394300.0,870.720185185185,289106.3888888889,54
5min,140,300.0,250.0,200.0,True,500000.0,86,86,0,100.0,677020.0,999.99,361870.0,10.93,7872.3,10,1.78,1.87,22.57,648872.0120107186,738440.925925926,394300.0,3700.797592592592,245657.77777777778,54
5min,140,300.0,250.0,250.0,False,500000.0,86,86,0,100.0,1124080.0,999.99,361870.0,10.78,13070.7,10,2.02,3.11,37.47,829004.612415876,978230.5555555555,561460.0,806.085277777778,345431.6666666667,36
5min,140,300.0,250.0,250.0,True,500000.0,86,86,0,100.0,858530.0,999.99,361870.0,10.78,9982.9,10,2.02,2.37,28.62,737005.1632214823,836125.0,561460.0,4105.377499999999,281944.1666666667,36
5min,140,300.0,300.0,100.0,False,500000.0,90,90,0,100.0,298540.0,999.99,98150.0,3.21,3317.1,6,0.99,3.04,9.95,408481.20661958074,444197.5,243330.0,999.9899999999998,149672.5,36
5min,140,300.0,300.0,150.0,True,500000.0,88,88,0,100.0,436030.0,999.99,124395.0,3.83,4954.9,6,1.18,3.51,14.53,456541.43056583306,527836.8518518518,243330.0,999.9899999999997,180861.11111111112,54
5min,140,300.0,300.0,150.0,False,500000.0,88,88,0,100.0,436030.0,999.99,124395.0,3.83,4954.9,6,1.18,3.51,14.53,463234.8520517504,554611.8518518518,243330.0,999.9899999999997,181984.72222222222,54
5min,140,300.0,300.0,100.0,True,500000.0,90,90,0,100.0,298540.0,999.99,98150.0,3.21,3317.1,6,0.99,3.04,9.95,401959.2191452171,434025.27777777775,243330.0,999.9899999999998,147987.08333333334,36
5min,140,300.0,300.0,200.0,False,500000.0,87,87,0,100.0,625570.0,999.99,158025.0,4.6,7190.5,7,1.36,3.96,20.85,647809.1913290422,775391.2962962963,353650.0,981.5324074074072,240969.90740740742,54
5min,140,300.0,300.0,200.0,True,500000.0,87,87,0,100.0,625570.0,999.99,158025.0,4.6,7190.5,7,1.36,3.96,20.85,630809.0954862196,719710.0,353650.0,1229.3564814814813,230020.09259259258,54
5min,140,300.0,300.0,250.0,False,500000.0,86,86,0,100.0,830890.0,999.99,194000.0,5.37,9661.5,7,1.55,4.28,27.7,780322.4514159452,895703.3333333334,493370.0,972.3036111111111,273139.8611111111,36
5min,140,300.0,300.0,250.0,True,500000.0,86,86,0,100.0,830890.0,999.99,194000.0,5.37,9661.5,7,1.55,4.28,27.7,728789.6733378439,818764.7222222222,493370.0,1344.039722222222,258400.55555555556,36
5min,140,300.0,350.0,100.0,False,500000.0,90,90,0,100.0,253960.0,999.99,95445.0,3.03,2821.8,5,0.76,2.66,8.47,379316.75437615527,409910.4166666667,243330.0,999.9900000000001,142544.58333333334,24
5min,140,300.0,350.0,100.0,True,500000.0,90,90,0,100.0,253960.0,999.99,95445.0,3.03,2821.8,5,0.76,2.66,8.47,379316.75437615527,409910.4166666667,243330.0,999.9900000000001,142544.58333333334,24
5min,140,300.0,350.0,150.0,True,500000.0,88,88,0,100.0,385160.0,999.99,214950.0,6.78,4376.8,7,0.98,1.79,12.84,445721.69097951683,502726.94444444444,243330.0,999.9899999999998,158022.63888888888,36
5min,140,300.0,350.0,150.0,False,500000.0,88,88,0,100.0,385160.0,999.99,214950.0,6.78,4376.8,7,0.98,1.79,12.84,445721.69097951683,502726.94444444444,243330.0,999.9899999999998,158022.63888888888,36
5min,140,300.0,350.0,200.0,False,500000.0,86,86,0,100.0,546260.0,999.99,214950.0,6.73,6351.9,7,1.2,2.54,18.21,623782.5280886835,705951.6666666666,353650.0,999.9899999999998,203018.05555555556,36
5min,140,300.0,350.0,200.0,True,500000.0,86,86,0,100.0,546260.0,999.99,214950.0,6.73,6351.9,7,1.2,2.54,18.21,620601.266205151,693685.5555555555,353650.0,1344.039722222222,197901.11111111112,36
5min,140,300.0,350.0,250.0,False,500000.0,85,85,0,100.0,729210.0,999.99,214950.0,6.66,8578.9,7,1.4,3.39,24.31,730702.8651029888,810995.8333333334,493370.0,999.9900000000001,214341.25,24
5min,140,300.0,350.0,250.0,True,500000.0,85,85,0,100.0,729210.0,999.99,214950.0,6.66,8578.9,7,1.4,3.39,24.31,725021.4317895285,792596.6666666666,493370.0,1516.0645833333335,206665.83333333334,24
5min,200,100.0,150.0,100.0,False,500000.0,574,569,5,99.13,-828090.0,0.71,2044905.0,64.84,-1442.7,15,1.32,-0.4,-27.6,-1000000.0,-147335.0,-828090.0,0.976875,1320138.125,16
5min,200,100.0,150.0,100.0,True,500000.0,576,570,6,98.96,-854100.0,0.64,1952445.0,58.59,-1482.8,15,1.31,-0.44,-28.47,-1000000.0,-370886.25,-936470.0,0.83125,1295717.1875,16
5min,200,100.0,150.0,150.0,False,500000.0,556,551,5,99.1,81000.0,1.03,1811485.0,52.58,145.7,15,1.45,0.04,2.7,-1000000.0,-57279.583333333336,-828090.0,1.0404166666666665,1359380.2083333333,24
5min,200,100.0,150.0,150.0,True,500000.0,560,554,6,98.93,-326960.0,0.86,1878185.0,52.58,-583.9,15,1.43,-0.17,-10.9,-1000000.0,-357396.6666666667,-1011950.0,0.8558333333333333,1349250.8333333333,24
5min,200,100.0,150.0,200.0,False,500000.0,539,531,8,98.52,-452830.0,0.9,1791670.0,55.25,-840.1,15,1.61,-0.25,-15.09,-1000000.0,-203532.08333333334,-1754910.0,1.0395833333333333,1574053.75,24
5min,200,100.0,150.0,200.0,True,500000.0,547,540,7,98.72,-419610.0,0.85,2054920.0,54.2,-767.1,15,1.57,-0.2,-13.99,-1000000.0,-380439.1666666667,-1357770.0,0.9041666666666667,1494293.5416666667,24
5min,200,100.0,200.0,100.0,False,500000.0,563,560,3,99.47,53600.0,1.04,1259330.0,40.33,95.2,15,0.98,0.04,1.79,19887.85759722222,118246.66666666667,-828090.0,125.9825,1159052.0833333333,24
5min,200,100.0,150.0,250.0,False,500000.0,522,512,10,98.08,-437800.0,0.92,2221880.0,53.64,-838.7,15,1.72,-0.2,-14.59,-1000000.0,-335672.5,-1754910.0,1.01125,1706802.1875,16
5min,200,100.0,200.0,150.0,False,500000.0,543,539,4,99.26,228320.0,1.11,1257330.0,39.69,420.5,15,1.1,0.18,7.61,19076.35268833333,122798.33333333333,-843240.0,84.42416666666665,1223265.0,36
5min,200,100.0,150.0,250.0,True,500000.0,531,522,9,98.31,-195850.0,0.94,2113925.0,49.05,-368.8,15,1.68,-0.09,-6.53,-1000000.0,-441154.375,-1357770.0,0.903125,1585155.3125,16
5min,200,100.0,200.0,100.0,True,500000.0,566,563,3,99.47,231440.0,1.23,752660.0,24.11,408.9,15,0.97,0.31,7.71,-1000000.0,-109420.83333333333,-936470.0,125.83,1145993.5416666667,24
5min,200,100.0,200.0,150.0,True,500000.0,547,542,5,99.09,87970.0,1.06,747660.0,23.6,160.8,15,1.09,0.12,2.93,-1000000.0,-136413.88888888888,-1011950.0,944.8969444444444,1212121.25,36
5min,200,100.0,200.0,200.0,False,500000.0,525,519,6,98.86,-136350.0,0.95,1632935.0,52.54,-259.7,15,1.2,-0.08,-4.55,-1000000.0,-42760.27777777778,-1754910.0,28.888333333333335,1439444.4444444445,36
5min,200,100.0,200.0,200.0,True,500000.0,530,523,7,98.68,-529290.0,0.79,1163765.0,37.44,-998.7,15,1.19,-0.45,-17.64,-1000000.0,-229760.0,-1357770.0,889.3930555555556,1370016.9444444445,36
5min,200,100.0,200.0,250.0,False,500000.0,513,504,9,98.25,-1261990.0,0.72,1843945.0,58.97,-2460.0,15,1.28,-0.68,-42.07,-1000000.0,-182290.83333333334,-1754910.0,1.12625,1558322.9166666667,24
5min,200,100.0,200.0,250.0,True,500000.0,520,512,8,98.46,-621460.0,0.79,1417610.0,42.43,-1195.1,15,1.25,-0.44,-20.72,-1000000.0,-312361.25,-1357770.0,1291.9783333333332,1449621.875,24
5min,200,100.0,250.0,100.0,False,500000.0,557,556,1,99.82,877340.0,2.75,643980.0,20.44,1575.1,14,0.78,1.36,29.24,94688.65505840277,412931.6666666667,-719350.0,209.48541666666668,853458.5416666666,24
5min,200,100.0,250.0,100.0,True,500000.0,557,553,4,99.28,661240.0,2.32,643980.0,20.69,1187.1,14,0.78,1.03,22.04,73756.857649375,307519.1666666667,-700650.0,292.5358333333333,800776.25,24
5min,200,100.0,250.0,150.0,False,500000.0,533,531,2,99.62,921590.0,1.92,1010470.0,32.87,1729.1,14,0.89,0.91,30.72,80893.88482432096,383014.44444444444,-843240.0,140.13944444444445,943983.8888888889,36
5min,200,100.0,250.0,150.0,True,500000.0,534,528,6,98.88,486110.0,1.49,1066050.0,34.68,910.3,14,0.89,0.46,16.2,58493.8453431713,261395.83333333334,-983090.0,1056.1722222222222,881125.1388888889,36
5min,200,100.0,250.0,200.0,False,500000.0,512,508,4,99.22,405510.0,1.2,1188925.0,38.5,792.0,14,0.97,0.34,13.52,51679.00082430555,300629.72222222225,-1261990.0,29.112222222222215,1140487.5,36
5min,200,100.0,250.0,200.0,True,500000.0,513,507,6,98.83,-245050.0,0.88,1322505.0,42.82,-477.7,14,0.97,-0.19,-8.17,35322.4091145679,185338.61111111112,-1357770.0,889.8347222222224,1047084.4444444445,36
5min,200,100.0,250.0,250.0,False,500000.0,495,491,4,99.19,962040.0,1.48,1114005.0,35.92,1943.5,14,1.04,0.86,32.07,28367.153439142516,260620.41666666666,-1261990.0,1.3779166666666667,1210077.7083333333,24
5min,200,100.0,300.0,100.0,False,500000.0,546,545,1,99.82,663490.0,2.33,570595.0,18.21,1215.2,13,0.65,1.16,22.12,183134.7490150136,565230.8333333334,-374330.0,292.84625,748227.2916666666,24
5min,200,100.0,250.0,250.0,True,500000.0,499,492,7,98.6,17280.0,1.01,1288875.0,41.56,34.6,14,1.03,0.01,0.58,32968.831420138886,180639.58333333334,-1357770.0,1292.4979166666667,1087441.6666666667,24
5min,200,100.0,300.0,100.0,True,500000.0,548,547,1,99.82,1066720.0,999.99,361060.0,11.63,1946.6,11,0.65,2.95,35.56,134688.52441554493,471804.1666666667,-283900.0,375.89875,736320.4166666666,24
5min,200,100.0,300.0,150.0,False,500000.0,529,527,2,99.62,574280.0,1.57,978000.0,31.89,1085.6,13,0.74,0.59,19.14,137131.18134797714,521794.44444444444,-843240.0,195.78194444444443,824231.8055555555,36
5min,200,100.0,300.0,150.0,True,500000.0,531,529,2,99.62,892160.0,2.78,810680.0,26.43,1680.2,11,0.73,1.1,29.74,106447.14823623454,446998.8888888889,-983090.0,1111.8272222222222,809313.0555555555,36
5min,200,100.0,300.0,200.0,False,500000.0,510,508,2,99.61,1064580.0,2.06,938390.0,30.49,2087.4,13,0.79,1.13,35.49,106131.7144222222,524552.7777777778,-879010.0,29.32249999999999,988360.0,36
5min,200,100.0,300.0,200.0,True,500000.0,512,511,1,99.8,1246810.0,3.49,784070.0,25.47,2435.2,11,0.78,1.59,41.56,84764.3188102469,409224.44444444444,-983090.0,890.0233333333332,964329.7222222222,36
5min,200,100.0,300.0,250.0,False,500000.0,490,488,2,99.59,1671970.0,2.67,1172845.0,37.97,3412.2,13,0.86,1.43,55.73,82751.21756999617,534860.8333333334,-879010.0,1.5979166666666664,1031767.9166666666,24
5min,200,100.0,300.0,250.0,True,500000.0,493,492,1,99.8,1740390.0,4.48,769540.0,24.91,3530.2,11,0.86,2.26,58.01,87688.90909000002,436290.0,-983090.0,1292.68625,995061.6666666666,24
5min,200,100.0,350.0,100.0,False,500000.0,529,527,2,99.62,9850.0,1.01,986525.0,32.42,18.6,12,0.57,0.01,0.33,203536.74884269608,523141.25,9850.0,251.2725,703900.9375,16
5min,200,100.0,350.0,100.0,True,500000.0,529,527,2,99.62,-53800.0,0.95,1006475.0,33.07,-101.7,12,0.57,-0.05,-1.79,161100.42990141723,500951.25,-53800.0,375.934375,681207.5,16
5min,200,100.0,350.0,150.0,False,500000.0,514,512,2,99.61,394350.0,1.39,957075.0,31.35,767.2,12,0.61,0.41,13.14,195124.0991168134,541214.5833333334,9850.0,168.07708333333332,760830.4166666666,24
5min,200,100.0,350.0,150.0,True,500000.0,514,512,2,99.61,297200.0,1.3,987525.0,32.34,578.2,12,0.61,0.3,9.91,165924.4092951113,517722.5,-53800.0,251.25125000000003,745038.5416666666,24
5min,200,100.0,350.0,200.0,False,500000.0,497,494,3,99.4,278700.0,1.19,1172525.0,38.29,560.8,12,0.67,0.24,9.29,178970.84402847718,647437.5,23790.0,1.6908333333333332,897427.0833333334,24
5min,200,100.0,350.0,200.0,True,500000.0,497,494,3,99.4,148050.0,1.1,1213475.0,39.63,297.9,12,0.67,0.12,4.93,163196.56895047968,578037.5,15230.0,1.8495833333333334,885762.7083333334,24
5min,200,100.0,350.0,250.0,False,500000.0,477,474,3,99.37,639340.0,1.43,1121275.0,36.51,1340.3,12,0.75,0.57,21.31,202592.53525070372,740055.0,23790.0,1.71875,916969.6875,16
5min,200,150.0,150.0,100.0,True,500000.0,283,279,4,98.59,-936470.0,0.49,1517605.0,49.29,-3309.1,15,1.49,-0.62,-31.22,-1000000.0,-416397.0833333333,-936470.0,0.7608333333333333,1211960.625,24
5min,200,150.0,150.0,100.0,False,500000.0,283,280,3,98.94,-589020.0,0.68,1424255.0,45.38,-2081.3,15,1.5,-0.41,-19.63,-1000000.0,-161322.5,-828090.0,0.9379166666666666,1194822.5,24
5min,200,100.0,350.0,250.0,True,500000.0,477,474,3,99.37,475190.0,1.32,1172725.0,38.19,996.2,12,0.75,0.41,15.84,258727.9252081291,681822.5,148050.0,1.965,903315.0,16
5min,200,150.0,150.0,150.0,False,500000.0,273,270,3,98.9,215430.0,1.12,1338785.0,38.62,789.1,15,1.89,0.16,7.18,-1000000.0,-76897.5,-956880.0,1.0177777777777777,1232485.9722222222,36
5min,200,150.0,150.0,150.0,True,500000.0,274,270,4,98.54,-568420.0,0.69,1479865.0,45.4,-2074.5,15,1.85,-0.38,-18.95,-1000000.0,-395293.6111111111,-1163870.0,0.7986111111111112,1266458.611111111,36
5min,200,150.0,150.0,250.0,False,500000.0,265,257,8,96.98,-1220200.0,0.72,2178135.0,64.17,-4604.5,15,2.2,-0.56,-40.67,-1000000.0,-244504.16666666666,-1754910.0,1.0470833333333334,1527743.125,24
5min,200,150.0,150.0,200.0,False,500000.0,271,268,3,98.89,950670.0,1.51,1264635.0,33.47,3508.0,15,2.02,0.75,31.69,-1000000.0,-160613.33333333334,-1754910.0,1.0488888888888885,1420569.4444444445,36
5min,200,150.0,150.0,200.0,True,500000.0,273,268,5,98.17,-228810.0,0.88,1455715.0,42.47,-838.1,15,1.99,-0.16,-7.63,-1000000.0,-388462.77777777775,-1357770.0,0.8708333333333333,1391385.5555555555,36
5min,200,150.0,150.0,250.0,True,500000.0,268,261,7,97.39,-1029700.0,0.64,2130515.0,59.76,-3842.2,15,2.1,-0.48,-34.32,-1000000.0,-410605.8333333333,-1357770.0,0.8925000000000001,1460413.75,24
5min,200,150.0,200.0,100.0,False,500000.0,281,279,2,99.29,-47780.0,0.95,672930.0,22.15,-170.0,15,1.16,-0.07,-1.59,24463.142779166665,126637.5,-828090.0,195.28944444444446,1034127.2222222222,36
5min,200,150.0,200.0,100.0,True,500000.0,281,277,4,98.58,-235410.0,0.77,752150.0,24.75,-837.8,15,1.14,-0.31,-7.85,-1000000.0,-117637.22222222222,-936470.0,195.13444444444443,1047700.6944444445,36
5min,200,150.0,200.0,150.0,False,500000.0,270,268,2,99.26,568880.0,1.56,729360.0,21.82,2107.0,15,1.44,0.78,18.96,30617.27231,167235.0,-956880.0,167.6088888888889,1084603.3333333333,54
5min,200,150.0,200.0,150.0,True,500000.0,271,267,4,98.52,36270.0,1.04,759810.0,24.64,133.8,15,1.41,0.05,1.21,-1000000.0,-113054.62962962964,-1163870.0,741.1933333333334,1104324.537037037,54
5min,200,150.0,200.0,200.0,False,500000.0,269,267,2,99.26,1039100.0,2.02,686410.0,21.07,3862.8,15,1.51,1.51,34.64,16403.46591111111,110640.0,-1754910.0,130.6061111111111,1258700.9259259258,54
5min,200,150.0,200.0,200.0,True,500000.0,270,266,4,98.52,321490.0,1.32,727360.0,22.65,1190.7,15,1.48,0.44,10.72,-1000000.0,-135331.2962962963,-1357770.0,704.2174074074073,1228408.9814814816,54
5min,200,150.0,200.0,250.0,False,500000.0,261,257,4,98.47,472570.0,1.23,1179815.0,37.53,1810.6,15,1.66,0.4,15.75,5632.44339,43353.333333333336,-1754910.0,112.10944444444446,1350402.5,36
5min,200,150.0,200.0,250.0,True,500000.0,265,261,4,98.49,548390.0,1.54,696690.0,21.56,2069.4,15,1.58,0.79,18.28,-1000000.0,-164555.55555555556,-1357770.0,972.6225000000001,1287114.1666666667,36
5min,200,150.0,250.0,100.0,True,500000.0,276,276,0,100.0,695590.0,999.99,482950.0,15.92,2520.3,14,0.97,1.44,23.19,78238.11704939815,304179.72222222225,-700650.0,417.31916666666666,713949.1666666666,36
5min,200,150.0,250.0,150.0,False,500000.0,269,269,0,100.0,1354270.0,999.99,482935.0,15.77,5034.5,14,1.14,2.8,45.14,113776.15160205073,472000.18518518517,-843240.0,315.77222222222224,794744.6296296297,54
5min,200,150.0,250.0,100.0,False,500000.0,275,275,0,100.0,891420.0,999.99,482950.0,15.92,3241.5,14,0.98,1.85,29.71,108807.82413011572,430115.8333333333,-719350.0,361.97749999999996,735133.4722222222,36
5min,200,150.0,250.0,150.0,True,500000.0,270,270,0,100.0,1005590.0,999.99,482935.0,15.77,3724.4,14,1.13,2.08,33.52,76502.55113691358,310215.55555555556,-983090.0,926.4214814814812,766945.2777777778,54
5min,200,150.0,250.0,200.0,False,500000.0,260,259,1,99.62,1247170.0,3.49,591650.0,18.61,4796.8,14,1.29,2.11,41.57,111121.22698599451,519672.962962963,-1261990.0,241.7761111111111,930854.2592592592,54
5min,200,150.0,250.0,200.0,True,500000.0,263,262,1,99.62,1239410.0,30986.25,482935.0,15.62,4712.6,14,1.27,2.57,41.31,74843.15444650203,331968.8888888889,-1357770.0,815.5535185185183,872738.425925926,54
5min,200,150.0,250.0,250.0,False,500000.0,254,251,3,98.82,569120.0,1.37,922610.0,28.66,2240.6,14,1.43,0.62,18.97,111683.43798144287,548468.0555555555,-1261990.0,223.30027777777775,981860.1388888889,36
5min,200,150.0,250.0,250.0,True,500000.0,257,254,3,98.83,368760.0,1.36,662945.0,19.24,1434.9,14,1.4,0.56,12.29,80545.09646766202,365815.8333333333,-1357770.0,1084.0072222222218,899103.1944444445,36
5min,200,150.0,300.0,100.0,True,500000.0,276,276,0,100.0,646880.0,999.99,359975.0,11.87,2343.8,11,0.77,1.8,21.56,184346.6012171114,511809.72222222225,-283900.0,583.9291666666669,612125.2777777778,36
5min,200,150.0,300.0,100.0,False,500000.0,276,276,0,100.0,718130.0,999.99,359975.0,11.87,2601.9,11,0.77,1.99,23.94,237322.00379726387,611105.2777777778,-374330.0,528.5608333333334,620063.1944444445,36
5min,200,150.0,300.0,150.0,False,500000.0,266,265,1,99.62,542330.0,2.08,644825.0,17.12,2038.8,11,0.93,0.84,18.08,214901.21845412653,631720.3703703703,-843240.0,463.8512962962964,670731.2037037037,54
5min,200,150.0,300.0,150.0,True,500000.0,266,265,1,99.62,378480.0,1.76,644825.0,17.73,1422.9,11,0.93,0.59,12.62,169981.56868941933,532648.3333333334,-983090.0,1074.5481481481477,660785.3703703703,54
5min,200,150.0,300.0,200.0,False,500000.0,259,257,2,99.23,288010.0,1.29,603425.0,18.23,1112.0,13,1.01,0.48,9.6,211782.08029393182,734794.074074074,-879010.0,352.8783333333334,780148.3333333334,54
5min,200,150.0,300.0,200.0,True,500000.0,261,260,1,99.62,622210.0,2.24,603425.0,15.83,2383.9,11,1.01,1.03,20.74,157461.4126920037,579935.3703703703,-983090.0,926.6788888888887,764128.1481481482,54
5min,200,150.0,350.0,100.0,False,500000.0,274,274,0,100.0,627260.0,999.99,288380.0,9.51,2289.3,10,0.65,2.18,20.91,252327.063899858,565379.1666666666,9850.0,500.845,573726.4583333334,24
5min,200,150.0,300.0,250.0,False,500000.0,254,252,2,99.21,592240.0,1.59,565440.0,17.87,2331.7,13,1.07,1.05,19.74,216849.9660447024,793282.2222222222,-879010.0,334.3952777777778,809085.2777777778,36
5min,200,150.0,300.0,250.0,True,500000.0,257,256,1,99.61,884910.0,2.77,555520.0,13.89,3443.2,11,1.07,1.59,29.5,165908.56560834404,634993.3333333334,-983090.0,1195.1208333333332,784614.4444444445,36
5min,200,150.0,350.0,100.0,True,500000.0,274,274,0,100.0,580710.0,999.99,288380.0,9.51,2119.4,10,0.65,2.01,19.36,206327.40925625226,527773.3333333334,-53800.0,583.9529166666667,558597.5,24
5min,200,150.0,350.0,150.0,False,500000.0,266,265,1,99.62,393140.0,1.79,548225.0,17.78,1478.0,11,0.75,0.72,13.1,258778.11923947718,619830.5555555555,9850.0,445.38138888888886,611677.7777777778,36
5min,200,150.0,350.0,150.0,True,500000.0,266,265,1,99.62,322090.0,1.64,548225.0,17.96,1210.9,11,0.75,0.59,10.74,223588.91978435658,573260.8333333334,-53800.0,500.83083333333343,601149.8611111111,36
5min,200,150.0,350.0,200.0,False,500000.0,264,263,1,99.62,622260.0,2.24,542225.0,17.44,2357.0,11,0.78,1.15,20.74,299333.7154348007,775617.7777777778,23790.0,334.4572222222222,702740.5555555555,36
5min,200,150.0,350.0,250.0,False,500000.0,249,247,2,99.2,535930.0,1.54,796565.0,25.42,2152.3,11,0.96,0.67,17.86,339445.8648707242,880389.1666666666,23790.0,334.47583333333336,715767.2916666666,24
5min,200,150.0,350.0,200.0,True,500000.0,264,263,1,99.62,526710.0,2.05,542225.0,17.67,1995.1,11,0.78,0.97,17.56,259179.352341918,684437.2222222222,15230.0,334.5630555555556,694964.3055555555,36
5min,200,200.0,150.0,100.0,False,500000.0,172,170,2,98.84,-339360.0,0.74,1048410.0,33.24,-1973.0,15,1.77,-0.32,-11.31,52139.68880833333,210737.5,-589020.0,333.96958333333333,762923.3333333334,24
5min,200,150.0,350.0,250.0,True,500000.0,249,247,2,99.2,415880.0,1.42,796565.0,25.85,1670.2,11,0.96,0.52,13.86,367360.1501301898,788717.5,148050.0,334.64,706664.1666666666,24
5min,200,200.0,150.0,100.0,True,500000.0,172,168,4,97.67,-614080.0,0.54,1075780.0,35.63,-3570.2,15,1.75,-0.57,-20.47,-1000000.0,-120185.83333333333,-936470.0,1466.4795833333335,801440.625,24
5min,200,200.0,150.0,150.0,False,500000.0,166,163,3,98.19,-389740.0,0.79,1378705.0,42.85,-2347.8,15,2.11,-0.28,-12.99,84872.93309674383,351283.05555555556,-956880.0,334.04499999999996,791958.0555555555,36
5min,200,200.0,150.0,150.0,True,500000.0,166,161,5,96.99,-892130.0,0.51,1515175.0,48.98,-5374.3,15,2.08,-0.59,-29.74,-1000000.0,-60432.5,-1163870.0,1728.085,839532.3611111111,36
5min,200,200.0,150.0,200.0,False,500000.0,163,158,5,96.93,-956880.0,0.66,1592925.0,47.09,-5870.4,15,2.43,-0.6,-31.9,65428.67063962963,326596.6666666667,-1754910.0,223.20444444444445,998326.1111111111,36
5min,200,200.0,150.0,200.0,True,500000.0,163,157,6,96.32,-1163870.0,0.5,1814015.0,56.46,-7140.3,15,2.36,-0.64,-38.8,2932.65951199074,13894.166666666666,-1221090.0,1889.9533333333336,944643.6111111111,36
5min,200,200.0,150.0,250.0,False,500000.0,161,155,6,96.27,-994810.0,0.7,1841895.0,52.26,-6178.9,15,2.65,-0.54,-33.16,52461.950396718756,292961.25,-1754910.0,167.77541666666667,1104626.4583333333,24
5min,200,200.0,150.0,250.0,True,500000.0,161,154,7,95.65,-963800.0,0.59,1733135.0,52.37,-5986.3,15,2.54,-0.56,-32.13,7058.218359375,35312.5,-1221090.0,2008.4808333333333,1000606.25,24
5min,200,200.0,200.0,100.0,False,500000.0,171,169,2,98.83,-316760.0,0.68,738840.0,24.48,-1852.4,15,1.41,-0.43,-10.56,106358.01493684413,391733.6111111111,-589020.0,528.2383333333333,642470.1388888889,36
5min,200,200.0,200.0,100.0,True,500000.0,171,168,3,98.25,-457460.0,0.54,859590.0,28.49,-2675.2,15,1.4,-0.53,-15.25,30539.72867546296,114651.38888888889,-936470.0,1283.2355555555555,668148.3333333334,36
5min,200,200.0,200.0,150.0,False,500000.0,166,164,2,98.8,6910.0,1.01,639050.0,20.7,41.6,15,1.6,0.01,0.23,133946.40293144717,507346.2962962963,-956880.0,500.57925925925946,679931.2037037037,54
5min,200,200.0,200.0,150.0,True,500000.0,166,163,3,98.19,-266090.0,0.73,791020.0,26.12,-1603.0,15,1.59,-0.34,-8.87,48021.81869508916,185361.4814814815,-1163870.0,2003.695740740741,704644.074074074,54
5min,200,200.0,200.0,200.0,False,500000.0,163,161,2,98.77,483800.0,1.48,683180.0,20.96,2968.1,15,1.85,0.71,16.13,120156.42464604936,525076.6666666666,-1754910.0,389.68759259259275,855820.1851851852,54
5min,200,200.0,200.0,200.0,True,500000.0,163,160,3,98.16,-94300.0,0.91,811195.0,26.48,-578.5,15,1.83,-0.12,-3.14,60387.82677676953,251552.22222222222,-1221090.0,2074.610555555556,799696.0185185185,54
5min,200,200.0,200.0,250.0,False,500000.0,163,160,3,98.16,350510.0,1.23,884025.0,28.09,2150.4,15,2.01,0.4,11.68,108572.67441388888,516753.3333333333,-1754910.0,334.2502777777778,949472.9166666666,36
5min,200,200.0,200.0,250.0,True,500000.0,163,160,3,98.16,123990.0,1.12,719865.0,23.4,760.7,15,1.97,0.17,4.13,65315.31075253858,283886.3888888889,-1221090.0,2422.032222222222,849622.3611111111,36
5min,200,200.0,250.0,100.0,False,500000.0,170,170,0,100.0,596700.0,999.99,464450.0,15.38,3510.0,14,1.11,1.28,19.89,213332.01650602766,530227.2222222222,-316760.0,694.8038888888891,440698.6111111111,36
5min,200,200.0,250.0,100.0,True,500000.0,170,170,0,100.0,479850.0,999.99,464450.0,15.38,2822.6,14,1.11,1.03,15.99,118430.20305760522,373658.3333333333,-457460.0,1229.784722222222,456001.52777777775,36
5min,200,200.0,250.0,150.0,False,500000.0,162,162,0,100.0,933830.0,999.99,464450.0,15.32,5764.4,14,1.35,2.01,31.13,244233.86692371222,618609.4444444445,-316760.0,648.6272222222223,475827.5,54
5min,200,200.0,250.0,150.0,True,500000.0,162,162,0,100.0,685830.0,999.99,464450.0,15.32,4233.5,14,1.35,1.48,22.86,157001.89132732278,453832.4074074074,-457460.0,1878.1170370370378,481020.9259259259,54
5min,200,200.0,250.0,200.0,False,500000.0,160,160,0,100.0,1300080.0,999.99,464435.0,15.21,8125.5,14,1.51,2.8,43.34,269707.20708424976,744825.0,-879010.0,537.7437037037039,577169.3518518518,54
5min,200,200.0,250.0,200.0,True,500000.0,160,160,0,100.0,942680.0,999.99,464435.0,15.21,5891.7,14,1.51,2.03,31.42,213335.77516961063,577889.8148148148,-499570.0,2010.6490740740746,533909.074074074,54
5min,200,200.0,250.0,250.0,False,500000.0,160,160,0,100.0,1739930.0,999.99,464435.0,15.16,10874.6,14,1.62,3.75,58.0,278644.6717602075,808878.8888888889,-879010.0,500.7944444444445,622878.6111111111,36
5min,200,200.0,250.0,250.0,True,500000.0,160,160,0,100.0,1115780.0,999.99,464435.0,15.16,6973.6,14,1.62,2.4,37.19,253231.23494882986,659444.4444444445,-499570.0,2398.158611111112,552522.7777777778,36
5min,200,200.0,300.0,100.0,False,500000.0,170,170,0,100.0,521490.0,999.99,348975.0,11.56,3067.6,11,0.91,1.49,17.38,445246.15302867244,618324.1666666666,228990.0,861.3427777777779,353122.9166666667,36
5min,200,200.0,300.0,100.0,True,500000.0,170,170,0,100.0,468540.0,999.99,348975.0,11.56,2756.1,11,0.91,1.34,15.62,275093.1610354177,523693.8888888889,15230.0,861.3066666666668,353122.9166666667,36
5min,200,200.0,300.0,150.0,False,500000.0,164,164,0,100.0,762940.0,999.99,348975.0,11.53,4652.1,11,1.07,2.19,25.43,319592.0201457896,679189.074074074,-209270.0,796.6638888888888,387092.8703703704,54
5min,200,200.0,300.0,150.0,True,500000.0,164,164,0,100.0,659740.0,999.99,348975.0,11.53,4022.8,11,1.07,1.89,21.99,306964.5762345366,601555.7407407408,15230.0,1370.414444444445,380089.537037037,54
5min,200,200.0,300.0,200.0,False,500000.0,161,161,0,100.0,1030580.0,999.99,348960.0,11.47,6401.1,11,1.18,2.95,34.35,336865.59735776705,804986.8518518518,-879010.0,685.7070370370369,470071.85185185185,54
5min,200,200.0,300.0,200.0,True,500000.0,161,161,0,100.0,843530.0,999.99,348960.0,11.47,5239.3,11,1.18,2.42,28.12,320295.9709525216,703207.4074074074,-499570.0,1259.4794444444444,449552.31481481483,54
5min,200,200.0,300.0,250.0,False,500000.0,160,160,0,100.0,1287470.0,999.99,348960.0,11.45,8046.7,11,1.26,3.69,42.92,354740.1988303127,876421.6666666666,-879010.0,667.2127777777779,496844.44444444444,36
5min,200,200.0,300.0,250.0,True,500000.0,160,160,0,100.0,1055920.0,999.99,348960.0,11.45,6599.5,11,1.26,3.03,35.2,362229.5595242332,786326.9444444445,-499570.0,1527.9074999999996,466065.1388888889,36
5min,200,200.0,350.0,100.0,False,500000.0,168,168,0,100.0,464840.0,999.99,277780.0,9.21,2766.9,10,0.81,1.67,15.49,427859.88415340165,550623.3333333334,228990.0,833.6262499999999,328902.5,24
5min,200,200.0,350.0,100.0,True,500000.0,168,168,0,100.0,418290.0,999.99,277780.0,9.21,2489.8,10,0.81,1.51,13.94,267136.4665575168,493377.9166666667,15230.0,833.58625,328902.5,24
5min,200,200.0,350.0,150.0,False,500000.0,162,162,0,100.0,698670.0,999.99,277780.0,9.18,4312.8,10,0.98,2.52,23.29,319889.84686199983,609047.2222222222,23790.0,778.1719444444446,352700.55555555556,36
5min,200,200.0,350.0,150.0,True,500000.0,162,162,0,100.0,627620.0,999.99,277780.0,9.18,3874.2,10,0.98,2.26,20.92,298862.82644204947,563858.8888888889,15230.0,778.1630555555557,352700.55555555556,36
5min,200,200.0,350.0,200.0,False,500000.0,162,162,0,100.0,919680.0,999.99,277765.0,9.14,5677.0,10,1.02,3.31,30.66,368602.84240486805,746461.9444444445,23790.0,667.2336111111113,419703.6111111111,36
5min,200,200.0,350.0,200.0,True,500000.0,162,162,0,100.0,824130.0,999.99,277765.0,9.14,5087.2,10,1.02,2.97,27.47,346766.7541075875,691376.9444444445,15230.0,667.2566666666668,419428.05555555556,36
5min,200,200.0,350.0,250.0,False,500000.0,159,159,0,100.0,1143050.0,999.99,277765.0,9.12,7189.0,10,1.12,4.12,38.1,412243.9590282922,832463.75,23790.0,667.2191666666666,425683.75,24
5min,200,200.0,350.0,250.0,True,500000.0,159,159,0,100.0,1023000.0,999.99,277765.0,9.12,6434.0,10,1.12,3.68,34.1,562336.8640616401,788973.3333333334,289580.0,667.2937499999999,425270.4166666667,24
5min,200,250.0,150.0,100.0,True,500000.0,113,112,1,99.12,353910.0,2528.93,257835.0,8.0,3131.9,13,1.63,1.37,11.8,42416.78556996528,142014.58333333334,-892130.0,2818.5175,506604.5833333333,24
5min,200,250.0,150.0,100.0,False,500000.0,113,113,0,100.0,599180.0,999.99,361695.0,10.9,5302.5,13,1.65,1.66,19.97,131789.32706458334,438079.1666666667,-389740.0,666.9466666666666,495827.5,24
5min,200,250.0,150.0,150.0,False,500000.0,109,109,0,100.0,1127660.0,999.99,361695.0,9.97,10345.5,13,2.29,3.12,37.59,171114.44179234566,575279.4444444445,-956880.0,666.9841666666669,512771.1111111111,36
5min,200,250.0,150.0,150.0,True,500000.0,109,106,3,97.25,622370.0,3112.85,274525.0,8.61,5709.8,13,2.25,2.27,20.75,62263.64735925926,211648.33333333334,-1163870.0,3265.1905555555554,529077.7777777778,36
5min,200,250.0,150.0,200.0,False,500000.0,108,108,0,100.0,1508480.0,999.99,361695.0,9.52,13967.4,13,2.53,4.17,50.28,171055.63136027774,646730.2777777778,-994810.0,445.3611111111111,677535.0,36
5min,200,250.0,150.0,200.0,True,500000.0,108,105,3,97.22,827190.0,4136.95,274525.0,8.4,7659.2,13,2.48,3.01,27.57,88173.71007253086,313277.77777777775,-1163870.0,3813.9950000000003,592723.1944444445,36
5min,200,250.0,150.0,250.0,True,500000.0,107,103,4,96.26,463720.0,1.92,604645.0,16.36,4333.8,14,2.75,0.77,15.46,103545.10600414929,374742.9166666667,-1163870.0,4168.417916666666,618451.4583333334,24
5min,200,250.0,150.0,250.0,False,500000.0,107,104,3,97.2,261710.0,1.17,1284200.0,29.65,2445.9,14,2.91,0.2,8.72,169240.33627638887,679079.1666666666,-994810.0,334.5508333333333,753898.3333333334,24
5min,200,250.0,200.0,100.0,False,500000.0,110,110,0,100.0,522810.0,999.99,220220.0,6.66,4752.8,10,1.37,2.37,17.43,169675.13614586994,487414.72222222225,-389740.0,777.9611111111112,417426.1111111111,36
5min,200,250.0,200.0,100.0,True,500000.0,110,109,1,99.09,389810.0,4873.62,220220.0,6.84,3543.7,10,1.37,1.77,12.99,82771.64698962963,262702.22222222225,-892130.0,2212.341666666667,424610.8333333333,36
5min,200,250.0,200.0,150.0,False,500000.0,109,109,0,100.0,742970.0,999.99,220220.0,6.47,6816.2,10,1.59,3.37,24.77,220173.3778128566,629802.2222222222,-956880.0,777.9861111111109,443770.18518518517,54
5min,200,250.0,200.0,150.0,True,500000.0,109,108,1,99.08,507770.0,6348.12,220220.0,6.73,4658.4,10,1.59,2.31,16.93,106144.39345157749,343429.6296296296,-1163870.0,2510.1237037037035,454641.2962962963,54
5min,200,250.0,200.0,200.0,False,500000.0,108,108,0,100.0,1037600.0,999.99,220220.0,6.27,9607.4,10,1.78,4.71,34.59,263893.47082701273,779461.1111111111,-994810.0,630.2374074074074,568661.1111111111,54
5min,200,250.0,200.0,200.0,True,500000.0,108,107,1,99.07,692900.0,8662.25,220220.0,6.61,6415.7,10,1.78,3.15,23.1,141587.8268511831,475803.8888888889,-1163870.0,2875.9933333333324,512119.9074074074,54
5min,200,250.0,200.0,250.0,False,500000.0,108,107,1,99.07,920410.0,2.84,631905.0,18.09,8522.3,13,2.14,1.46,30.68,278145.696139884,857563.6111111111,-994810.0,556.363888888889,634618.3333333334,36
5min,200,250.0,200.0,250.0,True,500000.0,108,107,1,99.07,800040.0,10001.5,435165.0,11.83,7407.8,12,2.09,1.84,26.67,160324.6674961111,550686.6666666666,-1163870.0,3112.275277777778,544320.4166666666,36
5min,200,250.0,250.0,100.0,True,500000.0,110,110,0,100.0,390330.0,999.99,159710.0,4.94,3548.5,8,1.1,2.44,13.01,160920.53609285975,382776.94444444444,-457460.0,1863.9394444444442,291529.72222222225,36
5min,200,250.0,250.0,100.0,False,500000.0,110,110,0,100.0,404580.0,999.99,159710.0,4.94,3678.0,8,1.1,2.53,13.49,229236.84836846727,486157.5,-316760.0,888.9805555555557,277592.5,36
5min,200,250.0,250.0,150.0,False,500000.0,109,109,0,100.0,591140.0,999.99,159710.0,4.83,5423.3,8,1.26,3.7,19.7,299513.9062560876,626303.5185185185,-316760.0,889.0059259259256,295762.5925925926,54
5min,200,250.0,250.0,150.0,True,500000.0,109,109,0,100.0,569390.0,999.99,159710.0,4.83,5223.8,8,1.26,3.57,18.98,209546.3952514037,475139.6296296296,-457460.0,2070.4059259259266,309869.0740740741,54
5min,200,250.0,250.0,200.0,False,500000.0,107,107,0,100.0,892910.0,999.99,361870.0,10.88,8345.0,10,1.59,2.47,29.76,428910.7751865993,856538.1481481482,6910.0,815.1575925925923,354134.25925925927,54
5min,200,250.0,250.0,200.0,True,500000.0,107,107,0,100.0,754460.0,999.99,361870.0,10.88,7051.0,10,1.59,2.08,25.15,318780.3538221587,658106.2962962963,-266090.0,2467.7212962962967,337038.05555555556,54
5min,200,250.0,250.0,250.0,False,500000.0,107,107,0,100.0,1178960.0,999.99,361870.0,10.7,11018.3,10,1.75,3.26,39.3,694954.6737394901,983711.9444444445,350510.0,778.2361111111113,393024.44444444444,36
5min,200,250.0,250.0,250.0,True,500000.0,107,107,0,100.0,936410.0,999.99,361870.0,10.7,8751.5,10,1.75,2.59,31.21,379137.8445831752,753722.5,-94300.0,2692.7122222222224,360151.25,36
5min,200,250.0,300.0,100.0,False,500000.0,111,111,0,100.0,322450.0,999.99,125895.0,3.95,2905.0,6,0.86,2.56,10.75,429505.99956511776,507072.5,243330.0,999.9899999999998,219732.77777777778,36
5min,200,250.0,300.0,100.0,True,500000.0,111,111,0,100.0,322450.0,999.99,125895.0,3.95,2905.0,6,0.86,2.56,10.75,410681.6417952381,464528.05555555556,243330.0,999.9899999999998,219732.77777777778,36
5min,200,250.0,300.0,150.0,False,500000.0,109,109,0,100.0,505550.0,999.99,164025.0,4.9,4638.1,7,1.06,3.08,16.85,476296.7880335336,623692.2222222222,243330.0,999.9899999999997,241557.03703703705,54
5min,200,250.0,300.0,150.0,True,500000.0,109,109,0,100.0,505550.0,999.99,164025.0,4.9,4638.1,7,1.06,3.08,16.85,457152.4259197285,559134.8148148148,243330.0,999.9899999999997,241557.03703703705,54
5min,200,250.0,300.0,200.0,False,500000.0,107,107,0,100.0,673710.0,999.99,164025.0,4.77,6296.4,7,1.2,4.11,22.46,668988.1725653871,863420.1851851852,353650.0,999.9899999999997,272879.81481481483,54
5min,200,250.0,300.0,200.0,True,500000.0,107,107,0,100.0,673710.0,999.99,164025.0,4.77,6296.4,7,1.2,4.11,22.46,631613.771392997,747947.9629629629,353650.0,999.9899999999997,272879.81481481483,54
5min,200,250.0,300.0,250.0,False,500000.0,106,106,0,100.0,963470.0,999.99,234410.0,6.13,9089.3,8,1.42,4.11,32.12,830541.2096776275,990530.8333333334,493370.0,999.9899999999998,291114.44444444444,36
5min,200,250.0,300.0,250.0,True,500000.0,106,106,0,100.0,850770.0,999.99,234410.0,6.21,8026.1,8,1.42,3.63,28.36,737015.8512309358,845050.2777777778,493370.0,999.9899999999998,291114.44444444444,36
5min,200,250.0,350.0,100.0,True,500000.0,110,110,0,100.0,294680.0,999.99,99380.0,3.15,2678.9,5,0.75,2.97,9.82,395102.5334748575,444753.3333333333,243330.0,999.9900000000001,199287.5,24
5min,200,250.0,350.0,100.0,False,500000.0,110,110,0,100.0,294680.0,999.99,99380.0,3.15,2678.9,5,0.75,2.97,9.82,408515.39061065065,467565.8333333333,243330.0,999.9900000000001,199287.5,24
5min,200,250.0,350.0,150.0,False,500000.0,109,109,0,100.0,468020.0,999.99,214950.0,6.75,4293.8,7,0.94,2.18,15.6,459526.7564388939,566114.4444444445,243330.0,999.9899999999998,209451.38888888888,36
5min,200,250.0,350.0,150.0,True,500000.0,109,109,0,100.0,468020.0,999.99,214950.0,6.75,4293.8,7,0.94,2.18,15.6,451010.5886572382,535206.1111111111,243330.0,999.9899999999998,209451.38888888888,36
5min,200,250.0,350.0,200.0,False,500000.0,108,108,0,100.0,644470.0,999.99,214950.0,6.66,5967.3,7,1.09,3.0,21.48,644930.1924347468,772668.8888888889,353650.0,999.9899999999998,233863.05555555556,36
5min,200,250.0,350.0,250.0,False,500000.0,107,107,0,100.0,836520.0,999.99,214950.0,6.57,7817.9,7,1.23,3.89,27.88,771213.3140434526,878530.0,493370.0,999.9900000000001,238642.5,24
5min,200,250.0,350.0,200.0,True,500000.0,108,108,0,100.0,644470.0,999.99,214950.0,6.66,5967.3,7,1.09,3.0,21.48,628967.7760495957,721493.8888888889,353650.0,999.9899999999998,233863.05555555556,36
5min,200,300.0,150.0,100.0,False,500000.0,79,79,0,100.0,646810.0,999.99,236870.0,7.05,8187.5,13,2.09,2.73,21.56,642078.3123072713,751767.5,454260.0,999.99,271645.625,16
5min,200,250.0,350.0,250.0,True,500000.0,107,107,0,100.0,836520.0,999.99,214950.0,6.57,7817.9,7,1.23,3.89,27.88,732215.1789864604,816288.3333333334,493370.0,999.9900000000001,238642.5,24
5min,200,300.0,150.0,100.0,True,500000.0,79,78,1,98.73,426410.0,3046.79,236870.0,7.1,5397.6,13,2.06,1.8,14.21,421026.47698904725,466731.25,349760.0,4227.4662499999995,237683.125,16
5min,200,300.0,150.0,150.0,False,500000.0,77,77,0,100.0,994130.0,999.99,355195.0,9.84,12910.8,13,2.61,2.8,33.14,762226.9769363952,920985.8333333334,454260.0,999.9900000000001,279807.9166666667,24
5min,200,300.0,150.0,150.0,True,500000.0,77,75,2,97.4,512550.0,3016.0,274525.0,8.7,6656.5,13,2.53,1.87,17.08,483822.04456926906,553016.25,349760.0,4897.443749999999,243179.58333333334,24
5min,200,300.0,150.0,200.0,False,500000.0,77,77,0,100.0,1314870.0,999.99,355195.0,9.46,17076.2,13,2.86,3.7,43.83,633260.7667435134,1007483.3333333334,261710.0,667.5079166666667,459502.0833333333,24
5min,200,300.0,150.0,200.0,True,500000.0,77,75,2,97.4,653940.0,3847.71,274525.0,8.56,8492.7,13,2.77,2.38,21.8,584952.7767107903,672171.6666666666,435100.0,5720.590416666667,296300.0,24
5min,200,300.0,150.0,250.0,False,500000.0,76,75,1,98.68,1085370.0,3.16,737590.0,17.2,14281.2,14,3.14,1.47,36.18,609612.715774918,1049702.5,261710.0,501.266875,546035.0,16
5min,200,300.0,150.0,250.0,True,500000.0,76,74,2,97.37,757540.0,4457.12,274525.0,8.46,9967.6,13,2.97,2.76,25.25,640718.7098184451,736868.75,463720.0,6252.19125,322211.875,16
5min,200,300.0,200.0,100.0,False,500000.0,80,80,0,100.0,454260.0,999.99,208635.0,6.35,5678.2,10,1.56,2.18,15.14,565324.2253349196,659412.5,333940.0,999.9900000000001,234000.41666666666,24
5min,200,300.0,200.0,100.0,True,500000.0,80,79,1,98.75,349760.0,4373.0,208635.0,6.46,4372.0,10,1.56,1.68,11.66,422280.29125139257,461088.3333333333,319690.0,3151.6408333333334,211358.75,24
5min,200,300.0,200.0,150.0,True,500000.0,77,76,1,98.7,435100.0,5439.75,208635.0,6.39,5650.6,10,1.87,2.09,14.5,481703.00703454163,548312.5,319690.0,3598.2925,237596.38888888888,36
5min,200,300.0,200.0,150.0,False,500000.0,77,77,0,100.0,648550.0,999.99,208635.0,6.19,8422.7,10,1.87,3.11,21.62,630673.4651964952,816649.1666666666,333940.0,999.9899999999998,262015.27777777778,36
5min,200,300.0,200.0,200.0,False,500000.0,77,77,0,100.0,915420.0,999.99,286205.0,7.85,11888.6,10,2.14,3.2,30.51,632171.7119577269,960471.3888888889,261710.0,778.335277777778,404384.72222222225,36
5min,200,300.0,200.0,200.0,True,500000.0,77,76,1,98.7,563620.0,7046.25,286205.0,8.41,7319.7,10,2.14,1.97,18.79,596689.9093151373,686942.7777777778,435100.0,4147.056944444444,295583.3333333333,36
5min,200,300.0,200.0,250.0,False,500000.0,77,76,1,98.7,684440.0,2.37,624405.0,18.18,8888.8,13,2.47,1.1,22.81,643808.6612364935,1039024.5833333334,261710.0,667.5079166666667,484646.6666666667,24
5min,200,300.0,200.0,250.0,True,500000.0,77,76,1,98.7,714220.0,8928.75,286205.0,8.27,9275.6,10,2.4,2.5,23.81,656667.1726530519,760502.0833333334,463720.0,4501.4575,335431.25,24
5min,200,300.0,250.0,150.0,False,500000.0,77,77,0,100.0,476160.0,999.99,157710.0,4.81,6183.9,8,1.47,3.02,15.87,518703.7190565026,614469.4444444445,277830.0,999.9899999999998,195510.83333333334,36
5min,200,300.0,250.0,100.0,False,500000.0,80,80,0,100.0,333940.0,999.99,157710.0,4.92,4174.3,8,1.24,2.12,11.13,453869.43141388666,496994.1666666667,277830.0,999.9900000000001,167147.08333333334,24
5min,200,300.0,250.0,100.0,True,500000.0,80,80,0,100.0,319690.0,999.99,157710.0,4.92,3996.1,8,1.24,2.03,10.66,399362.7927277796,425415.0,277830.0,2462.46625,167147.08333333334,24
5min,200,300.0,250.0,150.0,True,500000.0,77,77,0,100.0,454410.0,999.99,157710.0,4.81,5901.4,8,1.47,2.88,15.15,457955.3404988822,508781.94444444444,277830.0,2772.1488888888894,195510.83333333334,36
5min,200,300.0,250.0,200.0,False,500000.0,76,76,0,100.0,761610.0,999.99,361870.0,11.01,10021.2,10,1.83,2.1,25.39,688967.6112220798,805927.5,394300.0,889.1844444444446,275407.5,36
5min,200,300.0,250.0,200.0,True,500000.0,76,76,0,100.0,613410.0,999.99,361870.0,11.01,8071.2,10,1.83,1.7,20.45,600695.2704134674,674544.7222222222,394300.0,3368.0863888888894,243533.88888888888,36
5min,200,300.0,250.0,250.0,False,500000.0,76,76,0,100.0,1007940.0,999.99,361870.0,10.87,13262.4,10,2.03,2.79,33.6,783554.1412437205,913486.25,561460.0,833.7816666666668,326824.1666666667,24
5min,200,300.0,250.0,250.0,True,500000.0,76,76,0,100.0,765390.0,999.99,361870.0,10.87,10070.9,10,2.03,2.12,25.51,684105.553852544,762499.5833333334,561460.0,3705.5554166666666,279013.75,24
5min,200,300.0,300.0,100.0,False,500000.0,79,79,0,100.0,277830.0,999.99,98150.0,3.21,3516.8,6,1.05,2.83,9.26,380578.4088647125,409181.6666666667,243330.0,999.9900000000001,147731.66666666666,24
5min,200,300.0,300.0,100.0,True,500000.0,79,79,0,100.0,277830.0,999.99,98150.0,3.21,3516.8,6,1.05,2.83,9.26,374551.52792657877,400881.6666666667,243330.0,999.9900000000001,147731.66666666666,24
5min,200,300.0,300.0,150.0,False,500000.0,77,77,0,100.0,394300.0,999.99,124395.0,3.85,5120.8,6,1.22,3.17,13.14,442169.586201024,509752.22222222225,243330.0,999.9899999999998,180470.55555555556,36
5min,200,300.0,300.0,150.0,True,500000.0,77,77,0,100.0,394300.0,999.99,124395.0,3.85,5120.8,6,1.22,3.17,13.14,436400.15817580157,486728.6111111111,243330.0,999.9899999999998,180470.55555555556,36
5min,200,300.0,300.0,200.0,False,500000.0,77,77,0,100.0,561460.0,999.99,156525.0,4.6,7291.7,7,1.36,3.59,18.72,621046.1513767577,717491.9444444445,353650.0,999.9899999999998,227457.22222222222,36
5min,200,300.0,300.0,200.0,True,500000.0,77,77,0,100.0,561460.0,999.99,156525.0,4.6,7291.7,7,1.36,3.59,18.72,589744.5017296658,661243.3333333334,353650.0,999.9899999999998,227457.22222222222,36
5min,200,300.0,300.0,250.0,False,500000.0,76,76,0,100.0,740400.0,999.99,194000.0,5.45,9742.1,7,1.53,3.82,24.68,732156.7837240233,830733.75,493370.0,999.9900000000001,254811.66666666666,24
5min,200,300.0,350.0,100.0,False,500000.0,79,79,0,100.0,243330.0,999.99,95445.0,3.04,3080.1,5,0.81,2.55,8.11,352269.5399800472,376421.25,243330.0,999.99,142242.5,16
5min,200,300.0,300.0,250.0,True,500000.0,76,76,0,100.0,740400.0,999.99,194000.0,5.45,9742.1,7,1.53,3.82,24.68,678823.5730239395,751375.4166666666,493370.0,999.9900000000001,254811.66666666666,24
5min,200,300.0,350.0,150.0,False,500000.0,77,77,0,100.0,353650.0,999.99,214950.0,6.8,4592.9,7,1.03,1.65,11.79,417032.8062168302,460640.4166666667,243330.0,999.9900000000001,157490.83333333334,24
5min,200,300.0,350.0,100.0,True,500000.0,79,79,0,100.0,243330.0,999.99,95445.0,3.04,3080.1,5,0.81,2.55,8.11,352269.5399800472,376421.25,243330.0,999.99,142242.5,16
5min,200,300.0,350.0,200.0,False,500000.0,76,76,0,100.0,493370.0,999.99,214950.0,6.76,6491.7,7,1.22,2.3,16.45,578081.1185238205,643014.1666666666,353650.0,999.9900000000001,194110.83333333334,24
5min,200,300.0,350.0,150.0,True,500000.0,77,77,0,100.0,353650.0,999.99,214950.0,6.8,4592.9,7,1.03,1.65,11.79,417032.8062168302,460640.4166666667,243330.0,999.9900000000001,157490.83333333334,24
5min,200,300.0,350.0,200.0,True,500000.0,76,76,0,100.0,493370.0,999.99,214950.0,6.76,6491.7,7,1.22,2.3,16.45,574220.7737264681,633622.5,353650.0,999.9900000000001,194110.83333333334,24
5min,200,300.0,350.0,250.0,False,500000.0,75,75,0,100.0,657980.0,999.99,214950.0,6.7,8773.1,7,1.41,3.06,21.93,679315.9928298595,737266.25,493370.0,999.99,201282.5,16
5min,200,300.0,350.0,250.0,True,500000.0,75,75,0,100.0,657980.0,999.99,214950.0,6.7,8773.1,7,1.41,3.06,21.93,672809.8508109853,723178.75,493370.0,999.99,201282.5,16
