timeframe,n_period,entry_delta,grid_step,tp_delta,emergency_breakeven_exit,sl_amount,total_trades,win_trades,loss_trades,win_rate,total_pnl,profit_factor,max_drawdown,max_drawdown_pct,avg_trade_pnl,max_nanpin_reached,avg_nanpin_count,calmar_ratio,return_on_capital,robust_score,neighbor_mean_pnl,neighbor_min_pnl,neighbor_mean_pf,neighbor_mean_mdd,neighbor_count
15min,10,100.0,150.0,100.0,True,500000.0,1662,1645,17,98.98,-1827020.0,0.75,3558210.0,100.73,-1099.3,15,1.32,-0.51,-60.9,-1000000.0,-203418.75,-2472550.0,1.05625,2025464.6875,16
15min,10,100.0,150.0,150.0,False,500000.0,1511,1488,23,98.48,-2917020.0,0.76,3987195.0,112.2,-1930.5,15,1.54,-0.73,-97.23,-1000000.0,-1086575.8333333333,-3392930.0,0.8979166666666667,2522578.5416666665,24
15min,10,100.0,150.0,100.0,False,500000.0,1642,1625,17,98.96,-2129360.0,0.76,3649120.0,108.92,-1296.8,15,1.33,-0.58,-70.98,-1000000.0,-693898.125,-2917020.0,0.935625,2204487.8125,16
15min,10,100.0,200.0,150.0,True,500000.0,1473,1458,15,98.98,-170210.0,0.97,1766130.0,44.85,-115.6,15,1.15,-0.1,-5.67,-1000000.0,-156217.77777777778,-2939200.0,1.078888888888889,1999364.0277777778,36
15min,10,100.0,150.0,150.0,True,500000.0,1547,1525,22,98.58,-2472550.0,0.74,3909745.0,99.21,-1598.3,15,1.51,-0.63,-82.42,-1000000.0,-484701.6666666667,-2939200.0,1.0062499999999999,2233020.0,24
15min,10,100.0,150.0,200.0,False,500000.0,1408,1380,28,98.01,-3392930.0,0.77,4455475.0,116.45,-2409.8,15,1.69,-0.76,-113.1,-1000000.0,-1536598.75,-3392930.0,0.8533333333333332,2923690.8333333335,24
15min,10,100.0,150.0,250.0,True,500000.0,1413,1385,28,98.02,-3135640.0,0.74,4884425.0,108.4,-2219.1,15,1.71,-0.64,-104.52,-1000000.0,-927148.125,-3135640.0,0.923125,2650539.0625,16
15min,10,100.0,200.0,200.0,False,500000.0,1318,1297,21,98.41,-2540630.0,0.76,3152155.0,98.6,-1927.6,15,1.32,-0.81,-84.69,-1000000.0,-871576.6666666666,-3392930.0,0.9402777777777778,2677365.5555555555,36
15min,10,100.0,200.0,150.0,False,500000.0,1447,1431,16,98.89,-1478910.0,0.82,2393655.0,73.51,-1022.1,15,1.17,-0.62,-49.3,-1000000.0,-590766.1111111111,-3392930.0,0.9752777777777776,2358095.8333333335,36
15min,10,100.0,200.0,100.0,True,500000.0,1582,1570,12,99.24,406720.0,1.1,1659460.0,46.78,257.1,15,1.03,0.25,13.56,1857.0685763888891,81779.16666666667,-2472550.0,1.1354166666666667,1817883.9583333333,24
15min,10,100.0,200.0,250.0,False,500000.0,1258,1235,23,98.17,-2465440.0,0.79,3512965.0,108.73,-1959.8,15,1.38,-0.7,-82.18,-1000000.0,-1043231.6666666666,-3392930.0,0.9229166666666666,2838325.2083333335,24
15min,10,100.0,200.0,250.0,True,500000.0,1310,1292,18,98.63,-82610.0,0.99,2157160.0,48.1,-63.1,15,1.34,-0.04,-2.75,-1000000.0,-500264.1666666667,-3135640.0,0.9858333333333335,2372115.625,24
15min,10,100.0,200.0,200.0,True,500000.0,1362,1344,18,98.68,-863030.0,0.88,2437660.0,58.16,-633.6,15,1.29,-0.35,-28.77,-1000000.0,-361833.8888888889,-3135640.0,1.012777777777778,2237600.972222222,36
15min,10,100.0,150.0,250.0,False,500000.0,1349,1319,30,97.78,-2463140.0,0.84,4328485.0,94.37,-1825.9,15,1.76,-0.57,-82.1,-1000000.0,-1766582.5,-3392930.0,0.8375,3150230.0,16
15min,10,100.0,150.0,200.0,True,500000.0,1462,1436,26,98.22,-2892290.0,0.73,4285935.0,102.38,-1978.3,15,1.65,-0.67,-96.41,-1000000.0,-755577.5,-3135640.0,0.9483333333333334,2498445.4166666665,24
15min,10,100.0,200.0,100.0,False,500000.0,1567,1555,12,99.23,-850910.0,0.86,2225465.0,69.95,-543.0,15,1.04,-0.38,-28.36,-1000000.0,-295521.25,-2917020.0,1.0095833333333333,2099054.5833333335,24
15min,10,100.0,250.0,100.0,True,500000.0,1473,1465,8,99.46,764790.0,1.25,1537985.0,48.81,519.2,14,0.87,0.5,25.49,70953.21641624639,575209.5833333334,-170210.0,1.2625,1376569.375,24
15min,10,100.0,250.0,150.0,False,500000.0,1337,1327,10,99.25,427200.0,1.09,2421845.0,45.98,319.5,14,0.98,0.18,14.24,5878.004654755309,244706.38888888888,-2540630.0,1.146111111111111,1790416.111111111,36
15min,10,100.0,250.0,100.0,False,500000.0,1458,1450,8,99.45,337330.0,1.08,1880600.0,47.36,231.4,14,0.88,0.18,11.24,13723.927568860416,335565.8333333333,-1478910.0,1.1729166666666666,1651314.7916666667,24
15min,10,100.0,300.0,150.0,True,500000.0,1311,1305,6,99.54,713660.0,1.24,1465110.0,31.75,544.4,13,0.81,0.49,23.79,132099.12454013806,887111.6666666666,-564230.0,1.5488888888888888,1259082.638888889,36
15min,10,100.0,300.0,100.0,False,500000.0,1387,1382,5,99.64,1089910.0,1.44,1097450.0,30.72,785.8,13,0.75,0.99,36.33,190901.3102479987,834273.75,337330.0,1.4316666666666666,1401282.0833333333,24
15min,10,100.0,250.0,150.0,True,500000.0,1366,1355,11,99.19,400470.0,1.1,1747900.0,47.86,293.2,14,0.97,0.23,13.35,41118.266784107655,540731.1111111111,-863030.0,1.2341666666666669,1479204.0277777778,36
15min,10,100.0,250.0,200.0,False,500000.0,1250,1236,14,98.88,-784260.0,0.89,2705430.0,57.74,-627.4,14,1.05,-0.29,-26.14,5035.268916666668,223845.0,-2540630.0,1.1247222222222222,1990433.3333333333,36
15min,10,100.0,250.0,250.0,False,500000.0,1185,1171,14,98.82,279540.0,1.04,2395405.0,55.54,235.9,14,1.1,0.12,9.32,4768.215291666667,210827.5,-2540630.0,1.1308333333333334,2055876.4583333333,24
15min,10,100.0,250.0,200.0,True,500000.0,1253,1240,13,98.96,-564230.0,0.9,2048440.0,65.17,-450.3,14,1.06,-0.28,-18.81,28083.498472056108,603430.8333333334,-863030.0,1.2097222222222224,1620787.638888889,36
15min,10,100.0,250.0,250.0,True,500000.0,1196,1183,13,98.91,26620.0,1.0,2022320.0,63.84,22.3,14,1.11,0.01,0.89,25595.296263560165,658542.0833333334,-863030.0,1.22625,1683045.0,24
15min,10,100.0,300.0,250.0,True,500000.0,1142,1136,6,99.47,2000840.0,1.67,1279860.0,29.93,1752.0,13,0.93,1.56,66.69,165988.8816738648,1276027.9166666667,-564230.0,1.6854166666666668,1396477.2916666667,24
15min,10,100.0,300.0,150.0,False,500000.0,1289,1282,7,99.46,937530.0,1.27,1413520.0,29.23,727.3,13,0.81,0.66,31.25,85813.49342625482,872206.9444444445,-784260.0,1.4069444444444446,1493086.388888889,36
15min,10,100.0,300.0,200.0,False,500000.0,1184,1177,7,99.41,1901350.0,1.54,1304800.0,26.27,1605.9,13,0.89,1.46,63.38,77059.92960466762,1099524.7222222222,-784260.0,1.4002777777777782,1607221.388888889,36
15min,10,100.0,300.0,100.0,True,500000.0,1404,1398,6,99.57,600540.0,1.24,1102970.0,31.87,427.7,13,0.75,0.54,20.02,145453.15008028888,810586.6666666666,-129020.0,1.5320833333333332,1187480.625,24
15min,10,100.0,300.0,200.0,True,500000.0,1207,1201,6,99.5,1300220.0,1.43,1385020.0,28.79,1077.2,13,0.89,0.94,43.34,139009.79595175778,1109411.388888889,-564230.0,1.5966666666666667,1372248.611111111,36
15min,10,100.0,300.0,250.0,False,500000.0,1122,1115,7,99.38,2884150.0,1.82,1186590.0,24.14,2570.5,13,0.94,2.43,96.14,82897.92066533359,1245489.5833333333,-784260.0,1.445,1628430.2083333333,24
15min,10,150.0,150.0,150.0,False,500000.0,969,954,15,98.45,-1267640.0,0.84,2875030.0,86.41,-1308.2,15,1.79,-0.44,-42.25,-1000000.0,-896784.7222222222,-3392930.0,0.9044444444444443,2246836.388888889,36
15min,10,150.0,150.0,100.0,True,500000.0,1088,1078,10,99.08,-763300.0,0.82,1958070.0,61.31,-701.6,15,1.31,-0.39,-25.44,-1000000.0,-122836.66666666667,-2472550.0,1.1029166666666665,1794389.5833333333,24
15min,10,150.0,150.0,150.0,True,500000.0,987,973,14,98.58,-1459230.0,0.77,3089770.0,92.95,-1478.4,15,1.76,-0.47,-48.64,-1000000.0,-323068.3333333333,-2939200.0,1.045,1981587.5,36
15min,10,150.0,150.0,100.0,False,500000.0,1083,1074,9,99.17,-310020.0,0.94,1857920.0,56.39,-286.3,15,1.31,-0.17,-10.33,-1000000.0,-579221.25,-2917020.0,0.9404166666666667,1959332.9166666667,24
15min,10,150.0,150.0,200.0,False,500000.0,902,881,21,97.67,-2206160.0,0.8,3392940.0,91.25,-2445.9,15,2.05,-0.65,-73.54,-1000000.0,-1334509.7222222222,-3392930.0,0.8561111111111112,2699043.1944444445,36
15min,10,150.0,150.0,200.0,True,500000.0,934,914,20,97.86,-2939200.0,0.67,3711660.0,107.97,-3146.9,15,1.98,-0.79,-97.97,-1000000.0,-524198.6111111111,-3135640.0,0.9916666666666667,2196621.6666666665,36
15min,10,150.0,150.0,250.0,False,500000.0,869,845,24,97.24,-1834030.0,0.85,3187690.0,76.94,-2110.5,15,2.18,-0.58,-61.13,-1000000.0,-1549727.5,-3392930.0,0.8383333333333334,2938820.4166666665,24
15min,10,100.0,350.0,100.0,False,500000.0,1340,1337,3,99.78,1659010.0,2.11,1162105.0,24.66,1238.1,12,0.65,1.43,55.3,332684.0686844839,1000794.375,346300.0,1.5687499999999999,1157829.0625,16
15min,10,100.0,350.0,150.0,False,500000.0,1220,1215,5,99.59,1348610.0,1.54,1096805.0,29.11,1105.4,12,0.71,1.23,44.95,236256.57783919276,1107883.75,80060.0,1.5454166666666669,1225064.375,24
15min,10,150.0,150.0,250.0,True,500000.0,905,884,21,97.68,-2672880.0,0.71,3412130.0,96.7,-2953.5,15,2.11,-0.78,-89.1,-1000000.0,-682275.8333333334,-3135640.0,0.9387500000000001,2325760.0,24
15min,10,100.0,350.0,100.0,True,500000.0,1351,1347,4,99.7,1888980.0,2.89,739970.0,19.44,1398.2,12,0.64,2.55,62.97,185038.20027517594,889792.5,-129020.0,1.65125,1079859.6875,16
15min,10,100.0,350.0,200.0,False,500000.0,1131,1126,5,99.56,2113730.0,1.85,1035310.0,27.54,1868.9,12,0.77,2.04,70.46,243529.30010495931,1420053.3333333333,80060.0,1.5433333333333332,1318474.5833333333,24
15min,10,100.0,350.0,150.0,True,500000.0,1265,1260,5,99.6,2035570.0,2.36,958280.0,30.5,1609.1,12,0.69,2.12,67.85,226401.6272995172,1080292.5,-129020.0,1.7112499999999997,1122597.9166666667,24
15min,10,100.0,350.0,250.0,False,500000.0,1053,1048,5,99.53,2845810.0,2.14,1028750.0,25.97,2702.6,12,0.82,2.77,94.86,294238.50834669353,1666499.375,80060.0,1.620625,1335387.5,16
15min,10,100.0,350.0,250.0,True,500000.0,1107,1101,6,99.46,3161850.0,3.11,895930.0,28.12,2856.2,12,0.8,3.53,105.39,530064.0421822086,1737290.0,375280.0,1.9725000000000001,1187081.5625,16
15min,10,100.0,350.0,200.0,True,500000.0,1188,1182,6,99.49,2625740.0,2.75,920320.0,29.0,2210.2,12,0.75,2.85,87.52,302196.9124248578,1451290.4166666667,-129020.0,1.8241666666666667,1200416.875,24
15min,10,150.0,200.0,100.0,True,500000.0,1062,1055,7,99.34,1079610.0,1.54,1274880.0,40.54,1016.6,15,1.0,0.85,35.99,8355.828079476916,165508.33333333334,-2472550.0,1.2861111111111112,1607453.4722222222,36
15min,10,150.0,200.0,100.0,False,500000.0,1054,1048,6,99.43,666180.0,1.22,1274880.0,39.68,632.0,15,1.0,0.52,22.21,-1000000.0,-199428.33333333334,-2917020.0,1.0577777777777777,1876919.861111111,36
15min,10,150.0,200.0,150.0,True,500000.0,932,922,10,98.93,1032300.0,1.34,1256530.0,38.61,1107.6,15,1.41,0.82,34.41,-1000000.0,-14070.925925925925,-2939200.0,1.190925925925926,1777441.2037037036,54
15min,10,150.0,200.0,150.0,False,500000.0,915,904,11,98.8,-213340.0,0.96,1691615.0,53.86,-233.2,15,1.43,-0.13,-7.11,-1000000.0,-442892.77777777775,-3392930.0,1.0116666666666667,2109445.277777778,54
15min,10,150.0,200.0,200.0,True,500000.0,882,870,12,98.64,770260.0,1.19,1249030.0,37.54,873.3,15,1.55,0.62,25.68,-1000000.0,-163824.8148148148,-3135640.0,1.077777777777778,1986654.9074074074,54
15min,10,150.0,200.0,200.0,False,500000.0,857,843,14,98.37,-606320.0,0.91,2102490.0,56.84,-707.5,15,1.58,-0.29,-20.21,-1000000.0,-705719.2592592592,-3392930.0,0.9605555555555555,2465145.092592593,54
15min,10,150.0,200.0,250.0,True,500000.0,857,843,14,98.37,568690.0,1.11,1856105.0,46.71,663.6,15,1.63,0.31,18.96,-1000000.0,-284820.55555555556,-3135640.0,1.024166666666667,2100065.8333333335,36
15min,10,150.0,250.0,150.0,False,500000.0,885,878,7,99.21,769280.0,1.22,2302290.0,47.77,869.2,14,1.16,0.33,25.64,14182.880005646077,309857.22222222225,-2540630.0,1.2735185185185185,1640583.888888889,54
15min,10,150.0,250.0,100.0,False,500000.0,1016,1011,5,99.51,382460.0,1.15,2061710.0,46.13,376.4,14,0.83,0.19,12.75,32008.702903585563,438993.3333333333,-1478910.0,1.3663888888888887,1466375.4166666667,36
15min,10,150.0,250.0,150.0,True,500000.0,896,891,5,99.44,872810.0,1.35,1529355.0,36.13,974.1,14,1.15,0.57,29.09,72817.23584352549,586072.9629629629,-863030.0,1.4135185185185184,1327576.4814814816,54
15min,10,150.0,200.0,250.0,False,500000.0,828,811,17,97.95,-869380.0,0.9,2600425.0,69.85,-1050.0,15,1.67,-0.33,-28.98,-1000000.0,-851323.0555555555,-3392930.0,0.9413888888888887,2626136.8055555555,36
15min,10,150.0,250.0,200.0,False,500000.0,813,805,8,99.02,1424370.0,1.36,2161950.0,46.37,1752.0,14,1.33,0.66,47.48,6135.580412894375,264043.14814814815,-2540630.0,1.1618518518518517,1877498.7037037036,54
15min,10,150.0,250.0,100.0,True,500000.0,1028,1025,3,99.71,969850.0,1.65,1232925.0,28.86,943.4,14,0.82,0.79,32.33,126801.89516756692,658093.0555555555,-170210.0,1.5297222222222224,1201735.8333333333,36
15min,10,150.0,250.0,250.0,False,500000.0,798,788,10,98.75,1265880.0,1.25,1989000.0,45.19,1586.3,14,1.34,0.64,42.2,4765.246435185184,211007.22222222222,-2540630.0,1.1291666666666664,1973517.361111111,36
15min,10,150.0,250.0,200.0,True,500000.0,830,822,8,99.04,1020830.0,1.34,1528740.0,49.06,1229.9,14,1.31,0.67,34.03,48850.04531767641,631253.5185185185,-863030.0,1.2790740740740743,1492776.9444444445,54
15min,10,150.0,250.0,250.0,True,500000.0,807,799,8,99.01,1043550.0,1.3,1595405.0,50.76,1293.1,14,1.34,0.65,34.79,36882.159568286945,644650.0,-863030.0,1.245277777777778,1563956.25,36
15min,10,150.0,300.0,100.0,False,500000.0,987,984,3,99.7,1066230.0,1.71,1124250.0,25.66,1080.3,13,0.72,0.95,35.54,283664.6558754422,911803.3333333334,281670.0,57.13694444444444,1242312.2222222222,36
15min,10,150.0,300.0,100.0,True,500000.0,993,990,3,99.7,743320.0,1.5,1141350.0,27.56,748.6,13,0.72,0.65,24.78,237682.64045047568,867531.9444444445,-129020.0,1867.4947222222222,1048946.6666666667,36
15min,10,150.0,300.0,150.0,False,500000.0,856,851,5,99.42,1034080.0,1.41,1426920.0,35.9,1208.0,13,1.0,0.72,34.47,147416.16053877308,886620.3703703703,-784260.0,38.53222222222222,1379578.7962962964,54
15min,10,150.0,300.0,150.0,True,500000.0,870,865,5,99.43,373900.0,1.15,1479640.0,37.74,429.8,13,0.99,0.25,12.46,201466.4609052671,886579.8148148148,-564230.0,1245.5016666666666,1145658.148148148,54
15min,10,150.0,300.0,250.0,True,500000.0,786,781,5,99.36,1577870.0,1.62,1317430.0,35.24,2007.5,13,1.13,1.2,52.6,166852.20236299228,1157201.6666666667,-564230.0,1.623611111111111,1333536.8055555555,36
15min,10,150.0,300.0,200.0,False,500000.0,797,790,7,99.12,892310.0,1.25,1499590.0,48.36,1119.6,13,1.08,0.6,29.74,89448.84660181725,1031892.2222222222,-784260.0,1.4611111111111115,1557396.388888889,54
15min,10,150.0,300.0,250.0,False,500000.0,768,760,8,98.96,1096440.0,1.27,1577255.0,50.52,1427.7,13,1.14,0.7,36.55,76999.99205828203,1111239.7222222222,-784260.0,1.4075,1614957.638888889,36
15min,10,150.0,350.0,100.0,False,500000.0,967,965,2,99.79,1267010.0,2.26,769165.0,19.74,1310.2,12,0.61,1.65,42.23,470607.8607919825,1087626.25,346300.0,85.05916666666667,1007421.4583333334,24
15min,10,150.0,300.0,200.0,True,500000.0,817,812,5,99.39,1016900.0,1.4,1407360.0,36.16,1244.7,13,1.07,0.72,33.9,157603.49315374042,1040426.8518518518,-564230.0,1.615925925925926,1295955.0925925926,54
15min,10,150.0,350.0,100.0,True,500000.0,970,968,2,99.79,1022660.0,2.02,783415.0,19.85,1054.3,12,0.61,1.31,34.09,274135.4380723866,930198.75,-129020.0,2800.415833333333,956629.375,24
15min,10,150.0,350.0,150.0,False,500000.0,815,811,4,99.51,1122580.0,1.56,1110815.0,34.64,1377.4,12,0.87,1.01,37.42,305249.3380218087,1097485.0,80060.0,57.18527777777777,1152036.6666666667,36
15min,10,150.0,350.0,150.0,True,500000.0,822,819,3,99.64,1200430.0,1.8,1110815.0,35.0,1460.4,12,0.86,1.08,40.01,276927.86891248805,1027907.7777777778,-129020.0,1867.5111111111114,1033912.9166666666,36
15min,10,150.0,350.0,200.0,True,500000.0,795,791,4,99.5,1890820.0,2.26,1108815.0,34.4,2378.4,12,0.92,1.71,63.03,276501.433099584,1282178.888888889,-129020.0,1.7988888888888885,1160571.9444444445,36
15min,10,150.0,350.0,250.0,False,500000.0,747,742,5,99.33,2071870.0,1.83,1475480.0,47.25,2773.6,12,0.98,1.4,69.06,198825.55590808703,1394116.6666666667,80060.0,1.5375000000000003,1422051.6666666667,24
15min,10,150.0,350.0,200.0,False,500000.0,773,768,5,99.35,1335860.0,1.53,1499510.0,48.27,1728.2,12,0.94,0.89,44.53,219669.56811964224,1271907.5,80060.0,1.6069444444444445,1337420.138888889,36
15min,10,150.0,350.0,250.0,True,500000.0,773,769,4,99.48,2394370.0,2.59,1127695.0,34.58,3097.5,12,0.96,2.12,79.81,442094.27249989414,1480757.5,375280.0,1.8379166666666666,1175966.4583333333,24
15min,10,200.0,150.0,100.0,True,500000.0,676,666,10,98.52,-823190.0,0.75,2037240.0,65.98,-1217.7,15,1.37,-0.4,-27.44,4679.670698375332,59759.166666666664,-1459230.0,1.1745833333333333,1333305.4166666667,24
15min,10,200.0,150.0,100.0,False,500000.0,672,665,7,98.96,-634740.0,0.83,1664870.0,53.92,-944.6,15,1.39,-0.38,-21.16,-1000000.0,-230656.66666666666,-1267640.0,0.965,1437443.5416666667,24
15min,10,200.0,150.0,150.0,False,500000.0,628,617,11,98.25,-1260820.0,0.78,2325365.0,74.21,-2007.7,15,1.82,-0.54,-42.03,-1000000.0,-413810.55555555556,-2206160.0,0.9427777777777777,1661157.638888889,36
15min,10,200.0,150.0,200.0,False,500000.0,596,583,13,97.82,-527640.0,0.92,1900005.0,54.68,-885.3,15,2.18,-0.28,-17.59,-1000000.0,-916333.6111111111,-2435930.0,0.8727777777777779,2170884.3055555555,36
15min,10,200.0,150.0,150.0,True,500000.0,639,628,11,98.28,-411980.0,0.89,2016600.0,64.36,-644.7,15,1.77,-0.2,-13.73,-1000000.0,-63046.11111111111,-2939200.0,1.1386111111111112,1480631.5277777778,36
15min,10,200.0,150.0,200.0,True,500000.0,607,596,11,98.19,228740.0,1.05,1907740.0,58.9,376.8,15,2.15,0.12,7.62,-1000000.0,-278968.8888888889,-2939200.0,1.0616666666666665,1696586.5277777778,36
15min,10,200.0,200.0,100.0,True,500000.0,666,662,4,99.4,438400.0,1.29,759160.0,24.72,658.3,15,1.05,0.58,14.61,60877.6227980247,368675.55555555556,-1459230.0,1436.7930555555554,1174374.0277777778,36
15min,10,200.0,200.0,100.0,False,500000.0,662,657,5,99.24,-200140.0,0.92,1241615.0,34.84,-302.3,15,1.07,-0.16,-6.67,17684.056422646598,140694.72222222222,-1267640.0,56.724999999999994,1371545.138888889,36
15min,10,200.0,150.0,250.0,True,500000.0,580,564,16,97.24,-700520.0,0.88,1712420.0,49.64,-1207.8,15,2.41,-0.41,-23.35,-1000000.0,-453688.3333333333,-2939200.0,0.9895833333333334,1826078.5416666667,24
15min,10,200.0,150.0,250.0,False,500000.0,562,544,18,96.8,-1657010.0,0.82,3128960.0,72.72,-2948.4,15,2.45,-0.53,-55.23,-1000000.0,-1173866.6666666667,-2435930.0,0.8454166666666668,2449416.4583333335,24
15min,10,200.0,200.0,150.0,True,500000.0,621,617,4,99.36,631720.0,1.32,1243140.0,40.01,1017.3,15,1.37,0.51,21.06,38866.11232969822,278294.0740740741,-2939200.0,958.3381481481482,1301707.8703703703,54
15min,10,200.0,200.0,150.0,False,500000.0,617,610,7,98.87,-85420.0,0.98,1243140.0,40.01,-138.4,15,1.38,-0.07,-2.85,1718.2937081550074,19345.74074074074,-2206160.0,38.18240740740742,1555898.7037037036,54
15min,10,200.0,200.0,200.0,True,500000.0,573,566,7,98.78,-48620.0,0.99,1486475.0,41.48,-84.9,15,1.75,-0.03,-1.62,12143.615031481479,123558.33333333333,-2939200.0,358.53018518518525,1508587.7777777778,54
15min,10,200.0,200.0,200.0,False,500000.0,565,554,11,98.05,-626050.0,0.89,1933440.0,58.5,-1108.1,15,1.78,-0.32,-20.87,-1000000.0,-298759.81481481483,-2435930.0,1.1385185185185185,1959610.1851851852,54
15min,10,200.0,200.0,250.0,True,500000.0,558,551,7,98.75,542790.0,1.15,1278250.0,38.82,972.7,15,1.88,0.42,18.09,-1000000.0,-2121.1111111111113,-2939200.0,1.2558333333333334,1616572.9166666667,36
15min,10,200.0,200.0,250.0,False,500000.0,544,532,12,97.79,-26220.0,1.0,1582680.0,47.82,-48.2,15,1.93,-0.02,-0.87,-1000000.0,-462971.1111111111,-2435930.0,1.037222222222222,2159554.027777778,36
15min,10,200.0,250.0,100.0,False,500000.0,657,655,2,99.7,984620.0,1.98,892650.0,20.8,1498.7,14,0.86,1.1,32.82,125084.09717243073,665168.0555555555,-801770.0,167.9763888888889,1070920.0,36
15min,10,200.0,250.0,100.0,True,500000.0,658,655,3,99.54,1221010.0,3.44,512905.0,14.78,1855.6,14,0.85,2.38,40.7,286650.462284653,838478.6111111111,-129020.0,2949.833611111111,841956.1111111111,36
15min,10,200.0,250.0,150.0,False,500000.0,603,598,5,99.17,281670.0,1.11,2015810.0,47.01,467.1,14,1.11,0.14,9.39,92914.36674010288,607684.8148148148,-1580620.0,112.52518518518518,1235505.2777777778,54
15min,10,200.0,250.0,150.0,True,500000.0,605,599,6,99.01,813580.0,1.54,1195170.0,29.15,1344.8,14,1.12,0.68,27.12,240871.6974212342,813118.3333333334,-206930.0,1967.1766666666665,945132.2222222222,54
15min,10,200.0,300.0,100.0,True,500000.0,647,646,1,99.85,1056410.0,3.11,674205.0,16.45,1632.8,11,0.73,1.57,35.21,364664.9673443232,960451.1111111111,-129020.0,8257.535277777777,753032.7777777778,36
15min,10,200.0,250.0,200.0,False,500000.0,548,541,7,98.72,499630.0,1.14,1815320.0,52.16,911.7,14,1.47,0.28,16.65,45885.75916944443,489075.0,-2111640.0,38.45685185185185,1530892.4074074074,54
15min,10,200.0,300.0,150.0,False,500000.0,584,581,3,99.49,1169050.0,1.78,1110425.0,24.88,2001.8,12,0.98,1.05,38.97,328336.6822604691,1076551.4814814816,80060.0,260.68055555555554,1035922.9629629629,54
15min,10,200.0,250.0,250.0,False,500000.0,531,524,7,98.68,1359640.0,1.39,1656430.0,51.27,2560.5,14,1.55,0.82,45.32,18078.309911016193,403633.05555555556,-2111640.0,1.4247222222222224,1685630.138888889,36
15min,10,200.0,250.0,200.0,True,500000.0,551,542,9,98.37,693010.0,1.28,1600475.0,52.16,1257.7,14,1.46,0.43,23.1,183812.69360256093,804374.8148148148,-685500.0,827.7816666666668,1134080.5555555555,54
15min,10,200.0,250.0,250.0,True,500000.0,536,527,9,98.32,1209280.0,1.48,1580975.0,51.27,2256.1,14,1.54,0.76,40.31,129643.41341927023,776278.0555555555,-685500.0,1.644722222222222,1228196.388888889,36
15min,10,200.0,300.0,100.0,False,500000.0,642,641,1,99.84,1293400.0,3.58,659955.0,15.38,2014.6,11,0.74,1.96,43.11,477586.2913480342,1077340.2777777778,281670.0,334.65999999999997,882221.8055555555,36
15min,10,200.0,300.0,150.0,True,500000.0,590,587,3,99.49,746250.0,1.5,1110425.0,26.81,1264.8,12,0.98,0.67,24.87,342983.8167658213,1003147.7777777778,-129020.0,7263.266296296297,848830.4629629629,54
15min,10,200.0,300.0,200.0,True,500000.0,547,543,4,99.27,954180.0,1.48,1204620.0,38.55,1744.4,13,1.22,0.79,31.81,317525.99239279446,1113189.4444444445,-129020.0,3998.0970370370364,1026537.4074074074,54
15min,10,200.0,300.0,200.0,False,500000.0,540,535,5,99.07,1077010.0,1.43,1634130.0,53.46,1994.5,13,1.23,0.66,35.9,252478.87559791395,1137267.037037037,47550.0,112.70944444444443,1269288.4259259258,54
15min,10,200.0,300.0,250.0,False,500000.0,518,512,6,98.84,1184750.0,1.39,1588810.0,51.84,2287.2,13,1.3,0.75,39.49,212437.00930649476,1145620.0,47550.0,57.16972222222223,1379885.138888889,36
15min,10,200.0,300.0,250.0,True,500000.0,531,527,4,99.25,1462580.0,1.73,1209250.0,38.45,2754.4,13,1.28,1.21,48.75,407902.10612512735,1184637.7777777778,284190.0,2638.3922222222227,1094548.611111111,36
15min,10,200.0,350.0,100.0,False,500000.0,635,635,0,100.0,1620360.0,999.99,313355.0,8.86,2551.7,10,0.62,5.17,54.01,642704.1974075574,1174311.6666666667,346300.0,417.8675,703458.5416666666,24
15min,10,200.0,350.0,100.0,True,500000.0,636,635,1,99.84,1457680.0,36443.0,313355.0,8.86,2291.9,10,0.62,4.65,48.59,369644.6267487735,947422.5,-129020.0,10232.287916666668,701293.5416666666,24
15min,10,250.0,150.0,100.0,False,500000.0,427,422,5,98.83,-354560.0,0.87,1390075.0,45.69,-830.4,15,1.47,-0.26,-11.82,47453.688315243046,254690.83333333334,-1260820.0,126.28458333333333,1068406.0416666667,24
15min,10,250.0,150.0,100.0,True,500000.0,429,423,6,98.6,-352920.0,0.84,1584545.0,52.08,-822.7,15,1.45,-0.22,-11.76,82357.76073145833,402481.6666666667,-823190.0,10212.146666666667,976875.625,24
15min,10,200.0,350.0,150.0,False,500000.0,573,571,2,99.65,1187990.0,2.19,746820.0,18.52,2073.3,12,0.82,1.59,39.6,421893.40119538625,1171998.0555555555,80060.0,334.68999999999994,881194.0277777778,36
15min,10,250.0,150.0,150.0,False,500000.0,411,403,8,98.05,-874750.0,0.79,1582715.0,51.62,-2128.3,15,1.91,-0.55,-29.16,40886.62897803241,246255.83333333334,-1580620.0,112.36611111111112,1169834.3055555555,36
15min,10,200.0,350.0,150.0,True,500000.0,576,573,3,99.48,927890.0,1.93,746820.0,19.31,1610.9,12,0.82,1.24,30.93,362637.14842971676,1024234.4444444445,-129020.0,9458.530833333332,801315.4166666666,36
15min,10,250.0,150.0,200.0,False,500000.0,396,386,10,97.47,-809210.0,0.85,1782450.0,57.27,-2043.5,15,2.23,-0.45,-26.97,-1000000.0,-53107.5,-2435930.0,56.86055555555556,1582914.5833333333,36
15min,10,200.0,350.0,200.0,False,500000.0,527,523,4,99.24,894640.0,1.45,1520030.0,49.43,1697.6,12,1.03,0.59,29.82,339762.6850298041,1237706.6666666667,80060.0,168.22916666666663,1135401.6666666667,36
15min,10,250.0,150.0,150.0,True,500000.0,415,406,9,97.83,-758250.0,0.76,1866295.0,60.87,-1827.1,15,1.87,-0.41,-25.28,85224.59321393518,447421.6666666667,-823190.0,11527.605833333331,1047603.1944444445,36
15min,10,200.0,350.0,200.0,True,500000.0,533,528,5,99.06,1030400.0,1.69,1052595.0,33.85,1933.2,12,1.02,0.98,34.35,366976.4842170315,1205477.7777777778,-129020.0,5460.411944444444,973510.9722222222,36
15min,10,250.0,150.0,200.0,True,500000.0,401,391,10,97.51,-729780.0,0.8,2083515.0,66.94,-1819.9,15,2.18,-0.35,-24.33,71194.47510833334,434550.0,-1826050.0,14296.28361111111,1180825.2777777778,36
15min,10,200.0,350.0,250.0,True,500000.0,522,517,5,99.04,1508980.0,2.0,1051595.0,33.63,2890.8,12,1.07,1.43,50.3,513409.9976662216,1326450.0,375280.0,3956.6941666666667,1043042.0833333334,24
15min,10,200.0,350.0,250.0,False,500000.0,513,509,4,99.22,1463710.0,1.73,1509530.0,48.95,2853.2,12,1.09,0.97,48.79,276361.54918604007,1239020.0,80060.0,85.04416666666667,1279913.125,24
15min,10,250.0,150.0,250.0,False,500000.0,385,371,14,96.36,-1792500.0,0.75,2395150.0,71.86,-4655.8,15,2.53,-0.75,-59.75,-1000000.0,-168983.33333333334,-2435930.0,42.97083333333333,1785915.8333333333,24
15min,10,250.0,150.0,250.0,True,500000.0,391,380,11,97.19,-1005510.0,0.79,2246065.0,71.51,-2571.6,15,2.46,-0.45,-33.52,61380.71140208332,410735.4166666667,-1826050.0,15747.065833333334,1252795.0,24
15min,10,250.0,200.0,100.0,False,500000.0,422,417,5,98.82,-801770.0,0.68,1173715.0,38.69,-1899.9,15,1.2,-0.68,-26.73,113013.00759567901,545784.4444444445,-1260820.0,251.2497222222222,964673.6111111111,36
15min,10,250.0,200.0,100.0,True,500000.0,425,420,5,98.82,408990.0,1.41,747995.0,24.66,962.3,15,1.17,0.55,13.63,148394.04562580245,637018.8888888889,-823190.0,9835.42888888889,835246.1111111111,36
15min,10,250.0,200.0,150.0,True,500000.0,406,400,6,98.52,855230.0,1.85,732055.0,23.98,2106.5,15,1.48,1.17,28.51,148705.51601528807,678467.2222222222,-823190.0,9990.214444444444,904106.8518518518,54
15min,10,250.0,200.0,150.0,False,500000.0,403,397,6,98.51,-537520.0,0.82,1146700.0,36.65,-1333.8,15,1.51,-0.47,-17.92,105150.12187674898,555788.8888888889,-1580620.0,223.44166666666663,1054046.2037037036,54
15min,10,250.0,200.0,200.0,True,500000.0,394,388,6,98.48,1372850.0,2.36,730055.0,23.65,3484.4,15,1.69,1.88,45.76,129871.51314939985,679334.2592592592,-1826050.0,10395.147777777778,1044126.574074074,54
15min,10,250.0,200.0,200.0,False,500000.0,391,385,6,98.47,490410.0,1.16,1122485.0,29.63,1254.2,15,1.73,0.44,16.35,48632.884435627566,399679.81481481483,-2435930.0,112.58851851851851,1391601.9444444445,54
15min,10,250.0,200.0,250.0,False,500000.0,369,357,12,96.75,-1683160.0,0.72,2620310.0,85.55,-4561.4,15,2.14,-0.64,-56.11,31659.295044174385,342818.05555555556,-2435930.0,84.81916666666667,1538249.3055555555,36
15min,10,250.0,250.0,150.0,False,500000.0,402,401,1,99.75,1702070.0,4.4,878560.0,19.73,4234.0,13,1.18,1.94,56.74,253381.80844928973,941284.4444444445,-1580620.0,408.5096296296298,815834.4444444445,54
15min,10,250.0,250.0,100.0,False,500000.0,417,417,0,100.0,1573190.0,999.99,436480.0,14.41,3772.6,13,0.98,3.6,52.44,285669.8284215351,898685.5555555555,-801770.0,473.1733333333333,706929.4444444445,36
15min,10,250.0,200.0,250.0,True,500000.0,375,367,8,97.87,321990.0,1.13,1086670.0,30.08,858.6,15,2.06,0.3,10.73,117685.08512953704,661821.1111111111,-1826050.0,10928.806944444446,1110899.5833333333,36
15min,10,250.0,250.0,100.0,True,500000.0,418,417,1,99.76,1255410.0,31386.25,436480.0,14.41,3003.4,13,0.98,2.88,41.85,553036.0579803806,971833.3333333334,206680.0,11459.216666666667,544172.3611111111,36
15min,10,250.0,250.0,150.0,True,500000.0,403,401,2,99.5,1692510.0,9403.83,436480.0,14.33,4199.8,13,1.19,3.88,56.42,409947.3482369596,1003661.6666666666,-206930.0,11109.775740740739,625775.2777777778,54
15min,10,250.0,250.0,200.0,False,500000.0,380,377,3,99.21,1385990.0,1.92,1097490.0,25.1,3647.3,13,1.42,1.26,46.2,184429.98851628942,981754.6296296297,-2111640.0,260.7259259259259,1060712.4074074074,54
15min,10,250.0,250.0,200.0,True,500000.0,383,380,3,99.22,1743680.0,4.49,521675.0,16.18,4552.7,13,1.43,3.34,58.12,372613.48216471146,1091582.5925925926,-685500.0,10975.086851851851,783955.925925926,54
15min,10,250.0,250.0,250.0,False,500000.0,364,359,5,98.63,1255790.0,1.5,1484665.0,34.03,3450.0,13,1.71,0.85,41.86,160403.40655594907,983626.9444444445,-2111640.0,196.0775,1184632.9166666667,36
15min,10,250.0,250.0,250.0,True,500000.0,368,363,5,98.64,1250300.0,1.83,897110.0,29.52,3397.6,13,1.72,1.39,41.68,329336.803166869,1095786.9444444445,-685500.0,11039.836666666668,866640.6944444445,36
15min,10,250.0,300.0,100.0,False,500000.0,414,414,0,100.0,1326530.0,999.99,329245.0,10.87,3204.2,11,0.8,4.03,44.22,699974.3180289546,1181637.7777777778,281670.0,667.508888888889,537681.25,36
15min,10,250.0,300.0,100.0,True,500000.0,414,413,1,99.76,1125580.0,28140.5,329245.0,10.87,2718.8,11,0.8,3.42,37.52,827945.1120751593,1065083.611111111,652840.0,10070.749722222221,464104.44444444444,36
15min,10,250.0,300.0,150.0,False,500000.0,392,392,0,100.0,1905580.0,999.99,389825.0,10.83,4861.2,11,1.0,4.89,63.52,649998.992934649,1245450.1851851852,281670.0,593.5507407407409,650584.7222222222,54
15min,10,250.0,300.0,150.0,True,500000.0,395,393,2,99.49,1514440.0,11650.54,329245.0,10.83,3834.0,11,0.99,4.6,50.48,740485.6721150664,1126614.0740740742,424020.0,8832.70962962963,543477.7777777778,54
15min,10,250.0,300.0,200.0,False,500000.0,375,374,1,99.73,2158960.0,5.31,811865.0,15.55,5757.2,13,1.18,2.66,71.97,610371.2840164792,1396450.5555555555,281670.0,408.7525925925928,847454.5370370371,54
15min,10,250.0,300.0,200.0,True,500000.0,378,374,4,98.94,1568970.0,4.13,811865.0,17.19,4150.7,13,1.16,1.93,52.3,717853.9881802553,1267848.3333333333,424020.0,4726.419814814813,697160.4629629629,54
15min,10,250.0,300.0,250.0,False,500000.0,359,356,3,99.16,1877340.0,2.25,998645.0,26.39,5229.4,13,1.42,1.88,62.58,593531.4211967476,1445810.2777777778,346140.0,334.78527777777776,941991.3888888889,36
15min,10,250.0,350.0,100.0,False,500000.0,410,410,0,100.0,1140540.0,999.99,260855.0,8.62,2781.8,9,0.7,4.37,38.02,955581.2886663614,1208470.8333333333,652840.0,750.6733333333333,427917.5,24
15min,10,250.0,300.0,250.0,True,500000.0,362,357,5,98.62,1569830.0,2.57,1054995.0,21.84,4336.5,13,1.39,1.49,52.33,698362.5628872714,1328011.6666666667,424020.0,3290.3786111111112,766824.4444444445,36
15min,10,250.0,350.0,100.0,True,500000.0,410,409,1,99.76,1036040.0,25902.0,260855.0,8.62,2526.9,9,0.7,3.97,34.53,833855.7409059256,1044578.75,652840.0,10565.127916666666,420163.125,24
15min,10,250.0,350.0,150.0,True,500000.0,389,388,1,99.74,1634240.0,40857.0,321735.0,10.29,4201.1,9,0.87,5.08,54.47,754967.3297526118,1119641.9444444445,424020.0,9791.34861111111,506659.5833333333,36
15min,10,250.0,350.0,150.0,False,500000.0,388,388,0,100.0,1861520.0,999.99,321735.0,10.03,4797.7,9,0.88,5.79,62.05,777276.3133813009,1280747.7777777778,401710.0,667.5297222222224,564642.0833333334,36
15min,10,250.0,350.0,200.0,False,500000.0,368,368,0,100.0,2385720.0,999.99,414595.0,9.86,6482.9,11,1.01,5.75,79.52,730274.9557897935,1442048.611111111,401710.0,501.1066666666668,766693.4722222222,36
15min,10,250.0,350.0,200.0,True,500000.0,371,370,1,99.73,2047950.0,51199.75,414595.0,10.14,5520.1,11,1.01,4.94,68.26,760811.5353338054,1317321.111111111,424020.0,5793.191666666666,660376.1111111111,36
15min,10,250.0,350.0,250.0,False,500000.0,349,347,2,99.43,1955570.0,2.96,759960.0,24.79,5603.4,11,1.25,2.57,65.19,659350.654032756,1485505.0,401710.0,417.9200000000001,891528.9583333334,24
15min,10,250.0,350.0,250.0,True,500000.0,354,350,4,98.87,1991690.0,4.98,629510.0,13.19,5626.2,11,1.23,3.16,66.39,753784.6301579701,1410021.25,424020.0,4289.423333333333,736682.2916666666,24
15min,10,300.0,150.0,100.0,False,500000.0,290,289,1,99.66,1487310.0,3.97,639840.0,18.11,5128.7,15,1.49,2.32,49.58,126087.14708499999,556970.0,-874750.0,188.951875,868097.5,16
15min,10,300.0,150.0,100.0,True,500000.0,291,287,4,98.63,1110530.0,3.22,639840.0,18.25,3816.3,15,1.48,1.74,37.02,140388.36009843746,584558.75,-758250.0,15317.621874999999,799193.75,16
15min,10,300.0,150.0,150.0,False,500000.0,287,284,3,98.95,1158530.0,1.77,718320.0,23.25,4036.7,15,1.88,1.61,38.62,137268.04889291667,627985.0,-874750.0,168.09041666666667,907075.4166666666,24
15min,10,300.0,150.0,150.0,True,500000.0,289,284,5,98.27,968550.0,1.97,758920.0,24.57,3351.4,15,1.84,1.28,32.29,156747.54308472222,671033.3333333334,-765790.0,17290.8475,832043.5416666666,24
15min,10,300.0,150.0,200.0,True,500000.0,282,276,6,97.87,1406940.0,2.41,676785.0,21.58,4989.1,15,2.2,2.08,46.9,139955.82392993054,682545.4166666666,-1826050.0,21443.88625,974750.8333333334,24
15min,10,300.0,150.0,250.0,False,500000.0,271,264,7,97.42,1140740.0,1.33,1627510.0,32.83,4209.4,15,2.71,0.7,38.02,35272.73579390625,304533.75,-2435930.0,64.03625,1420873.125,16
15min,10,300.0,200.0,100.0,True,500000.0,290,289,1,99.66,1162540.0,58128.0,237540.0,7.21,4008.8,12,1.17,4.89,38.75,239900.27137834934,789045.0,-758250.0,14752.34958333333,659572.9166666666,24
15min,10,300.0,150.0,200.0,False,500000.0,278,273,5,98.2,1031720.0,1.41,884070.0,20.37,3711.2,15,2.3,1.17,34.39,57864.39858524305,385504.5833333333,-2435930.0,84.86,1249497.9166666667,24
15min,10,300.0,200.0,100.0,False,500000.0,290,290,0,100.0,1399600.0,999.99,450020.0,13.56,4826.2,13,1.17,3.11,46.65,208750.98175633675,822297.9166666666,-874750.0,376.29749999999996,730685.2083333334,24
15min,10,300.0,200.0,150.0,False,500000.0,283,281,2,99.29,942850.0,1.94,729780.0,16.77,3331.6,15,1.48,1.29,31.43,223227.11902261234,907256.3888888889,-874750.0,334.6202777777778,774997.2222222222,36
15min,10,300.0,150.0,250.0,True,500000.0,275,267,8,97.09,1736080.0,2.73,706225.0,21.74,6313.0,15,2.59,2.46,57.87,136619.28099726563,712368.75,-1826050.0,23620.11375,1041091.5625,16
15min,10,300.0,200.0,200.0,True,500000.0,278,277,1,99.64,1861870.0,93094.5,329600.0,7.99,6697.4,15,1.66,5.65,62.06,212397.7769336651,902904.7222222222,-1826050.0,15592.117777777778,823808.4722222222,36
15min,10,300.0,200.0,150.0,True,500000.0,284,283,1,99.65,1481320.0,74067.0,237540.0,7.08,5215.9,15,1.44,6.24,49.38,259147.32138121864,882589.4444444445,-765790.0,14984.614166666666,689362.5,36
15min,10,300.0,200.0,200.0,False,500000.0,277,275,2,99.28,1616050.0,2.61,591135.0,12.61,5834.1,15,1.7,2.73,53.87,146756.99852689815,786521.9444444445,-2435930.0,168.3822222222222,1067050.8333333333,36
15min,10,300.0,200.0,250.0,False,500000.0,266,263,3,98.87,2117370.0,2.41,627555.0,14.42,7960.0,15,2.05,3.37,70.58,118705.3298091667,747980.0,-2435930.0,126.73958333333333,1206493.9583333333,24
15min,10,300.0,200.0,250.0,True,500000.0,269,268,1,99.63,2311340.0,115568.0,329600.0,7.61,8592.3,15,2.0,7.01,77.04,204473.54143041666,919698.3333333334,-1826050.0,16392.66,888366.25,24
15min,10,300.0,250.0,100.0,True,500000.0,287,286,1,99.65,982000.0,24551.0,408385.0,10.67,3421.6,11,0.93,2.4,32.73,650454.9622786627,1045820.0,206680.0,17187.79291666667,390224.1666666667,24
15min,10,300.0,250.0,100.0,False,500000.0,287,287,0,100.0,1096000.0,999.99,408385.0,10.46,3818.8,11,0.93,2.68,36.53,388923.21285103494,1025104.1666666666,-801770.0,708.8833333333333,512145.8333333333,24
15min,10,300.0,250.0,150.0,False,500000.0,280,280,0,100.0,1689120.0,999.99,408385.0,9.6,6032.6,12,1.22,4.14,56.3,466916.26454181934,1191847.2222222222,-801770.0,612.0002777777779,553291.9444444445,36
15min,10,300.0,250.0,200.0,False,500000.0,271,271,0,100.0,2282600.0,999.99,408385.0,9.48,8422.9,12,1.43,5.59,76.09,381036.1864945401,1300412.2222222222,-2111640.0,390.4708333333333,765253.8888888889,36
15min,10,300.0,250.0,150.0,True,500000.0,281,278,3,98.93,1297890.0,5900.5,408385.0,10.05,4618.8,12,1.21,3.18,43.26,694808.6519095746,1167114.1666666667,206680.0,16663.7775,426502.22222222225,36
15min,10,300.0,250.0,200.0,True,500000.0,272,269,3,98.9,1737250.0,7897.59,408385.0,9.81,6386.9,12,1.44,4.25,57.91,559035.6813840488,1293924.4444444445,-685500.0,16461.921388888888,557556.1111111111,36
15min,10,300.0,250.0,250.0,True,500000.0,266,262,4,98.5,1607580.0,4.21,529325.0,16.47,6043.5,12,1.61,3.04,53.59,527290.4654882847,1335247.5,-685500.0,16559.11333333333,637071.6666666666,24
15min,10,300.0,250.0,250.0,False,500000.0,263,262,1,99.62,2341480.0,5.68,613440.0,18.61,8903.0,12,1.59,3.82,78.05,352103.38622827915,1369757.0833333333,-2111640.0,293.55333333333334,872549.7916666666,24
15min,10,300.0,300.0,150.0,True,500000.0,278,278,0,100.0,1199320.0,999.99,307820.0,7.68,4314.1,10,0.97,3.9,39.98,1030927.7034433576,1247163.0555555555,652840.0,11382.360833333332,355812.0833333333,36
15min,10,300.0,300.0,150.0,False,500000.0,277,277,0,100.0,1368050.0,999.99,307820.0,7.44,4938.8,10,0.97,4.44,45.6,1090969.4525157122,1410451.6666666667,652840.0,833.9347222222225,399595.27777777775,36
15min,10,300.0,300.0,100.0,False,500000.0,289,289,0,100.0,917960.0,999.99,307820.0,8.21,3176.3,9,0.72,2.98,30.6,1025805.2273210426,1239025.4166666667,652840.0,916.9895833333334,344335.625,24
15min,10,300.0,300.0,100.0,True,500000.0,289,289,0,100.0,869510.0,999.99,307820.0,8.26,3008.7,9,0.72,2.82,28.98,946193.5099581598,1106914.1666666667,652840.0,12306.414583333333,310217.2916666667,24
15min,10,300.0,300.0,200.0,False,500000.0,268,268,0,100.0,1784170.0,999.99,387325.0,9.4,6657.4,10,1.12,4.61,59.47,1219034.2756249583,1646362.2222222222,926400.0,612.3375000000002,542308.6111111111,36
15min,10,300.0,300.0,200.0,True,500000.0,270,270,0,100.0,1595320.0,999.99,307820.0,7.09,5908.6,10,1.13,5.18,53.18,1062857.2548137826,1450543.611111111,607670.0,7088.802499999999,474056.6666666667,36
15min,10,300.0,300.0,250.0,False,500000.0,262,262,0,100.0,2496880.0,999.99,407565.0,12.58,9530.1,10,1.31,6.13,83.23,1230885.1664850444,1747345.4166666667,1123240.0,501.5116666666666,618980.8333333334,24
15min,10,300.0,300.0,250.0,True,500000.0,264,264,0,100.0,2233280.0,999.99,407565.0,12.79,8459.4,10,1.31,5.48,74.44,1052980.7505844932,1532242.9166666667,607670.0,4934.817916666667,546408.75,24
15min,10,300.0,350.0,100.0,True,500000.0,288,288,0,100.0,779980.0,999.99,240245.0,6.6,2708.3,8,0.63,3.25,26.0,921924.9313258176,1061362.5,652840.0,11648.719375,275160.3125,16
15min,10,300.0,350.0,100.0,False,500000.0,288,288,0,100.0,801830.0,999.99,240245.0,6.6,2784.1,8,0.63,3.34,26.73,999231.3101860597,1182061.25,652840.0,999.99,288573.125,16
15min,10,300.0,350.0,200.0,False,500000.0,265,265,0,100.0,1624370.0,999.99,315410.0,9.98,6129.7,8,0.99,5.15,54.15,1308476.0687124424,1675265.0,926400.0,750.7929166666667,462384.5833333333,24
15min,10,300.0,350.0,150.0,True,500000.0,273,273,0,100.0,1093630.0,999.99,292780.0,7.89,4006.0,8,0.85,3.74,36.45,1013407.0426556581,1217893.75,652840.0,11887.467499999999,331717.9166666667,24
15min,10,300.0,350.0,150.0,False,500000.0,273,273,0,100.0,1159480.0,999.99,292780.0,7.88,4247.2,8,0.85,3.96,38.65,1101146.9251382588,1382777.9166666667,652840.0,917.0620833333334,343972.5,24
15min,10,300.0,350.0,250.0,False,500000.0,258,258,0,100.0,2034400.0,999.99,315410.0,9.87,7885.3,8,1.12,6.45,67.81,1354849.2967047358,1803581.875,1272160.0,626.194375,539603.4375,16
15min,10,300.0,350.0,200.0,True,500000.0,265,265,0,100.0,1528020.0,999.99,315410.0,10.02,5766.1,8,0.99,4.84,50.93,1188594.755410169,1504003.75,926400.0,8688.913333333332,450123.125,24
15min,10,300.0,350.0,250.0,True,500000.0,258,258,0,100.0,1907550.0,999.99,315410.0,9.93,7393.6,8,1.12,6.05,63.58,1238868.059614217,1631185.625,1124440.0,6433.350625,528155.3125,16
15min,20,100.0,150.0,150.0,False,500000.0,1207,1188,19,98.43,-2318590.0,0.77,3144470.0,84.4,-1921.0,15,1.58,-0.74,-77.29,-1000000.0,-978299.1666666666,-3392930.0,0.9094444444444445,2427517.9166666665,36
15min,20,100.0,150.0,100.0,True,500000.0,1303,1293,10,99.23,411090.0,1.09,2249930.0,52.44,315.5,15,1.38,0.18,13.7,-1000000.0,-55473.75,-2472550.0,1.1116666666666668,1886784.375,24
15min,20,100.0,150.0,100.0,False,500000.0,1294,1284,10,99.23,496650.0,1.09,2038390.0,56.98,383.8,15,1.39,0.24,16.56,-1000000.0,-617484.1666666666,-2917020.0,0.9508333333333333,2105257.7083333335,24
15min,20,100.0,150.0,150.0,True,500000.0,1227,1212,15,98.78,-1079840.0,0.84,2810690.0,60.7,-880.1,15,1.56,-0.38,-35.99,-1000000.0,-318556.94444444444,-2939200.0,1.0483333333333331,2108035.8333333335,36
15min,20,100.0,150.0,200.0,False,500000.0,1142,1118,24,97.9,-3078710.0,0.75,4088220.0,105.47,-2695.9,15,1.73,-0.75,-102.62,-1000000.0,-1523506.9444444445,-3579090.0,0.8488888888888889,2898747.222222222,36
15min,20,100.0,150.0,200.0,True,500000.0,1172,1154,18,98.46,-1564240.0,0.81,3060020.0,70.14,-1334.7,15,1.7,-0.51,-52.14,-1000000.0,-632247.7777777778,-3135640.0,0.9608333333333332,2413143.472222222,36
15min,20,100.0,150.0,250.0,False,500000.0,1091,1066,25,97.71,-1806510.0,0.86,3534380.0,77.34,-1655.8,15,1.84,-0.51,-60.22,-1000000.0,-1783635.0,-3579090.0,0.8245833333333333,3136942.5,24
15min,20,100.0,150.0,250.0,True,500000.0,1126,1106,20,98.22,-1291190.0,0.85,3107700.0,66.71,-1146.7,15,1.8,-0.42,-43.04,-1000000.0,-812642.9166666666,-3135640.0,0.9274999999999999,2585913.3333333335,24
15min,20,100.0,200.0,100.0,True,500000.0,1255,1244,11,99.12,115880.0,1.03,1684060.0,40.38,92.3,15,1.06,0.07,3.86,4160.362738662835,125500.83333333333,-2472550.0,1.1622222222222223,1714769.861111111,36
15min,20,100.0,200.0,100.0,False,500000.0,1240,1230,10,99.19,-688400.0,0.86,1810795.0,57.28,-555.2,15,1.08,-0.38,-22.95,-1000000.0,-297118.05555555556,-2917020.0,1.0119444444444445,2006165.5555555555,36
15min,20,100.0,200.0,150.0,True,500000.0,1196,1184,12,99.0,389100.0,1.09,2112870.0,44.48,325.3,15,1.16,0.18,12.97,-1000000.0,-84330.55555555556,-2939200.0,1.099074074074074,1901933.9814814816,54
15min,20,100.0,200.0,200.0,True,500000.0,1118,1105,13,98.84,653970.0,1.14,2231250.0,44.14,584.9,15,1.29,0.29,21.8,-1000000.0,-307815.18518518517,-3135640.0,1.0131481481481481,2159459.814814815,54
15min,20,100.0,200.0,200.0,False,500000.0,1088,1073,15,98.62,-595900.0,0.92,2138540.0,67.63,-547.7,15,1.32,-0.28,-19.86,-1000000.0,-887507.4074074074,-3579090.0,0.9324074074074074,2653173.0555555555,54
15min,20,100.0,200.0,150.0,False,500000.0,1172,1160,12,98.98,-525120.0,0.91,2399840.0,60.51,-448.1,15,1.18,-0.22,-17.5,-1000000.0,-552324.2592592592,-3392930.0,0.9772222222222221,2275218.9814814813,54
15min,20,100.0,200.0,250.0,False,500000.0,1039,1021,18,98.27,-1287280.0,0.86,2376155.0,73.77,-1239.0,15,1.39,-0.54,-42.91,-1000000.0,-1058190.2777777778,-3579090.0,0.9136111111111109,2826966.527777778,36
15min,20,100.0,200.0,250.0,True,500000.0,1075,1061,14,98.7,806770.0,1.16,2204730.0,41.17,750.5,15,1.36,0.37,26.89,-1000000.0,-437729.72222222225,-3135640.0,0.9847222222222223,2301426.388888889,36
15min,20,100.0,250.0,100.0,False,500000.0,1176,1170,6,99.49,591470.0,1.2,1426625.0,45.1,503.0,14,0.89,0.41,19.72,7659.641564106404,175642.22222222222,-1478910.0,1.1391666666666664,1617182.0833333333,36
15min,20,100.0,250.0,100.0,True,500000.0,1190,1184,6,99.5,621340.0,1.25,1458845.0,46.57,522.1,14,0.88,0.43,20.71,37080.372627951816,455690.27777777775,-850330.0,1.251666666666667,1349891.8055555555,36
15min,20,100.0,250.0,150.0,False,500000.0,1088,1080,8,99.26,600990.0,1.15,2282595.0,48.42,552.4,14,1.01,0.26,20.03,2604.7562519335775,103337.96296296296,-2540630.0,1.1101851851851852,1772955.0925925926,54
15min,20,100.0,250.0,150.0,True,500000.0,1112,1104,8,99.28,677340.0,1.23,1526030.0,45.66,609.1,14,0.99,0.44,22.58,27604.07143684294,421802.22222222225,-863030.0,1.2111111111111112,1459643.611111111,54
15min,20,100.0,250.0,200.0,False,500000.0,1030,1019,11,98.93,-173270.0,0.97,2154705.0,59.81,-168.2,14,1.08,-0.08,-5.78,1929.2934636488335,88740.92592592593,-2540630.0,1.0870370370370368,1996070.7407407407,54
15min,20,100.0,250.0,200.0,True,500000.0,1030,1020,10,99.03,50810.0,1.01,2125255.0,67.77,49.3,14,1.09,0.02,1.69,20533.080165392625,462391.1111111111,-863030.0,1.1631481481481483,1618223.148148148,54
15min,20,100.0,250.0,250.0,False,500000.0,991,980,11,98.89,834410.0,1.15,1994065.0,54.44,842.0,14,1.12,0.42,27.81,1991.1841682098766,90944.72222222222,-2540630.0,1.0947222222222222,2072337.7777777778,36
15min,20,100.0,250.0,250.0,True,500000.0,997,986,11,98.9,635460.0,1.16,2060045.0,65.22,637.4,14,1.13,0.31,21.18,19116.367786553237,517338.3333333333,-863030.0,1.1755555555555555,1685668.75,36
15min,20,100.0,300.0,100.0,False,500000.0,1142,1138,4,99.65,955250.0,1.48,1112530.0,29.31,836.5,13,0.75,0.86,31.84,63767.61570958988,623752.7777777778,-543360.0,1.3869444444444445,1393391.388888889,36
15min,20,100.0,300.0,100.0,True,500000.0,1150,1145,5,99.57,590840.0,1.3,1112530.0,30.55,513.8,13,0.74,0.53,19.69,74091.5529925337,605461.3888888889,-850330.0,1.4547222222222222,1198879.0277777778,36
15min,20,100.0,300.0,200.0,True,500000.0,1013,1008,5,99.51,1201610.0,1.48,1372495.0,29.21,1186.2,13,0.89,0.88,40.05,77879.78300219151,859972.9629629629,-850330.0,1.4657407407407406,1388138.148148148,54
15min,20,100.0,300.0,150.0,True,500000.0,1083,1078,5,99.54,628090.0,1.25,1483795.0,34.28,580.0,13,0.82,0.42,20.94,70983.69363254572,668024.4444444445,-850330.0,1.4527777777777775,1268579.6296296297,54
15min,20,100.0,300.0,200.0,False,500000.0,997,991,6,99.4,1606510.0,1.54,1379035.0,25.8,1611.3,13,0.89,1.16,53.55,48887.55262135045,890474.8148148148,-784260.0,1.3264814814814814,1622792.1296296297,54
15min,20,100.0,300.0,150.0,False,500000.0,1074,1068,6,99.44,758340.0,1.25,1588525.0,33.32,706.1,13,0.81,0.48,25.28,49179.963244957944,668678.7037037037,-784260.0,1.3544444444444448,1490707.5,54
15min,20,100.0,300.0,250.0,False,500000.0,943,937,6,99.36,2494220.0,1.83,1243295.0,25.1,2645.0,13,0.95,2.01,83.14,58460.306059475166,1048693.0555555555,-784260.0,1.373611111111111,1651358.1944444445,36
15min,20,100.0,300.0,250.0,True,500000.0,957,952,5,99.48,1829610.0,1.73,1311595.0,32.43,1911.8,13,0.95,1.39,60.99,107502.41172407687,1027046.9444444445,-564230.0,1.5486111111111114,1407930.0,36
15min,20,100.0,350.0,100.0,False,500000.0,1098,1095,3,99.73,1148910.0,1.77,1241885.0,28.15,1046.4,12,0.65,0.93,38.3,129111.80047513571,763822.0833333334,-506510.0,1.5133333333333334,1186096.4583333333,24
15min,20,100.0,350.0,100.0,True,500000.0,1103,1099,4,99.64,1403750.0,2.4,808780.0,18.83,1272.7,12,0.65,1.74,46.79,93610.08463338511,664467.0833333334,-850330.0,1.5504166666666668,1112948.125,24
15min,20,100.0,350.0,150.0,False,500000.0,1036,1032,4,99.61,1311070.0,1.66,1175555.0,28.67,1265.5,12,0.71,1.12,43.7,125761.33299750852,853205.2777777778,-506510.0,1.4752777777777775,1250750.6944444445,36
15min,20,100.0,350.0,150.0,True,500000.0,1049,1044,5,99.52,1476530.0,1.98,938785.0,30.06,1407.6,12,0.7,1.57,49.22,118150.22444551616,809975.5555555555,-850330.0,1.5788888888888888,1158004.3055555555,36
15min,20,100.0,350.0,250.0,False,500000.0,929,925,4,99.57,2650310.0,2.32,1047000.0,26.25,2852.9,12,0.81,2.53,88.34,187913.48319184687,1376690.0,-59910.0,1.5145833333333334,1373530.0,24
15min,20,100.0,350.0,200.0,True,500000.0,1001,994,7,99.3,1970120.0,2.31,947930.0,30.07,1968.2,12,0.75,2.08,65.67,165353.57144417657,1119434.4444444445,-850330.0,1.639722222222222,1256160.9722222222,36
15min,20,100.0,350.0,200.0,False,500000.0,985,981,4,99.59,1979610.0,1.99,1116395.0,28.59,2009.8,12,0.75,1.77,65.99,143422.6314917245,1143466.388888889,-256660.0,1.44,1353175.8333333333,36
15min,20,100.0,350.0,250.0,True,500000.0,943,936,7,99.26,2486470.0,2.66,903220.0,28.45,2636.8,12,0.8,2.75,82.88,255066.9805937238,1384522.0833333333,-374640.0,1.7733333333333334,1245668.75,24
15min,20,150.0,150.0,100.0,False,500000.0,862,855,7,99.19,-171860.0,0.96,1498380.0,44.9,-199.4,15,1.3,-0.11,-5.73,-1000000.0,-551779.4444444445,-2917020.0,0.9419444444444444,1892553.0555555555,36
15min,20,150.0,150.0,100.0,True,500000.0,863,855,8,99.07,-475720.0,0.86,1446320.0,45.71,-551.2,15,1.29,-0.33,-15.86,-1000000.0,-47898.055555555555,-2472550.0,1.1341666666666663,1690362.638888889,36
15min,20,150.0,150.0,150.0,False,500000.0,776,766,10,98.71,241740.0,1.05,1632695.0,46.48,311.5,15,1.79,0.15,8.06,-1000000.0,-863602.2222222222,-3392930.0,0.9011111111111111,2201135.092592593,54
15min,20,150.0,150.0,150.0,True,500000.0,790,780,10,98.73,-339930.0,0.92,1603290.0,48.92,-430.3,15,1.75,-0.21,-11.33,-1000000.0,-255688.7037037037,-2939200.0,1.061111111111111,1901519.9074074074,54
15min,20,150.0,150.0,200.0,True,500000.0,765,749,16,97.91,-1958090.0,0.71,2696225.0,73.81,-2559.6,15,1.93,-0.73,-65.27,-1000000.0,-513233.7037037037,-3135640.0,0.9824074074074074,2161959.6296296297,54
15min,20,150.0,150.0,200.0,False,500000.0,742,725,17,97.71,-1772890.0,0.8,3498340.0,75.39,-2389.3,15,2.02,-0.51,-59.1,-1000000.0,-1405098.5185185184,-3579090.0,0.8366666666666666,2734536.203703704,54
15min,20,150.0,150.0,250.0,False,500000.0,725,705,20,97.24,-1847790.0,0.82,3466530.0,76.7,-2548.7,15,2.1,-0.53,-61.59,-1000000.0,-1659322.2222222222,-3579090.0,0.8113888888888889,3000042.222222222,36
15min,20,150.0,150.0,250.0,True,500000.0,752,736,16,97.87,-1182270.0,0.83,2283840.0,57.07,-1572.2,15,2.02,-0.52,-39.41,-1000000.0,-698923.3333333334,-3135640.0,0.9163888888888889,2321888.75,36
15min,20,150.0,200.0,100.0,False,500000.0,843,838,5,99.41,498400.0,1.2,1151955.0,36.27,591.2,15,1.01,0.43,16.61,-1000000.0,-224743.14814814815,-2917020.0,1.0461111111111112,1813081.0185185184,54
15min,20,150.0,200.0,100.0,True,500000.0,848,843,5,99.41,1097530.0,1.72,1022440.0,32.72,1294.3,15,1.0,1.07,36.58,9882.720333186806,165327.96296296295,-2472550.0,1.2814814814814812,1533536.2962962964,54
15min,20,150.0,200.0,150.0,False,500000.0,743,734,9,98.79,-134170.0,0.97,1640400.0,46.26,-180.6,15,1.43,-0.08,-4.47,-1000000.0,-451372.962962963,-3392930.0,1.0001234567901236,2061461.6666666667,81
15min,20,150.0,200.0,150.0,True,500000.0,754,747,7,99.07,800870.0,1.32,1005040.0,31.33,1062.2,15,1.4,0.8,26.7,-1000000.0,-5649.382716049383,-2939200.0,1.184567901234568,1713609.012345679,81
15min,20,150.0,200.0,200.0,False,500000.0,721,709,12,98.34,-781910.0,0.87,2441920.0,59.87,-1084.5,15,1.53,-0.32,-26.06,-1000000.0,-776226.1728395062,-3579090.0,0.9437037037037037,2473036.9135802467,81
15min,20,150.0,200.0,250.0,False,500000.0,696,682,14,97.99,-716300.0,0.9,2126970.0,56.0,-1029.2,15,1.62,-0.34,-23.88,-1000000.0,-936465.3703703703,-3579090.0,0.9218518518518519,2653511.0185185187,54
15min,20,150.0,200.0,200.0,True,500000.0,738,729,9,98.78,414480.0,1.12,1513265.0,34.14,561.6,15,1.49,0.27,13.82,-1000000.0,-183614.56790123458,-3135640.0,1.0656790123456792,1943735.3703703703,81
15min,20,150.0,200.0,250.0,True,500000.0,716,706,10,98.6,532900.0,1.13,1317490.0,30.49,744.3,15,1.58,0.4,17.76,-1000000.0,-311693.7037037037,-3135640.0,1.009074074074074,2070438.0555555555,54
15min,20,150.0,250.0,100.0,False,500000.0,817,813,4,99.51,424750.0,1.21,1236115.0,29.31,519.9,14,0.85,0.34,14.16,22699.807012482743,307261.1111111111,-1478910.0,1.3177777777777777,1439375.0925925926,54
15min,20,150.0,250.0,100.0,True,500000.0,824,821,3,99.64,581610.0,1.39,923230.0,22.73,705.8,14,0.84,0.63,19.39,84973.13257567947,548521.2962962963,-850330.0,1.4868518518518516,1179555.7407407407,54
15min,20,150.0,250.0,150.0,True,500000.0,745,740,5,99.33,329190.0,1.13,1265510.0,31.81,441.9,14,1.1,0.26,10.97,43933.00787377054,467272.4691358025,-863030.0,1.367283950617284,1312358.5802469135,81
15min,20,150.0,250.0,150.0,False,500000.0,738,732,6,99.19,476380.0,1.16,1493725.0,34.49,645.5,14,1.12,0.32,15.88,8451.630444928998,182732.71604938273,-2540630.0,1.228395061728395,1623481.6666666667,81
15min,20,150.0,250.0,200.0,True,500000.0,704,696,8,98.86,284190.0,1.09,1460410.0,45.48,403.7,14,1.25,0.19,9.47,30435.869603503066,484435.18518518517,-863030.0,1.2298765432098766,1489155.7407407407,81
15min,20,150.0,250.0,200.0,False,500000.0,691,683,8,98.84,333540.0,1.08,2221975.0,50.32,482.7,14,1.27,0.15,11.12,2978.381456790124,131786.7901234568,-2540630.0,1.1300000000000001,1880190.0,81
15min,20,150.0,250.0,250.0,False,500000.0,676,666,10,98.52,47550.0,1.01,2093595.0,48.12,70.3,14,1.31,0.02,1.59,1723.70168175583,78455.74074074074,-2540630.0,1.0985185185185184,1985279.4444444445,54
15min,20,150.0,250.0,250.0,True,500000.0,682,674,8,98.83,330800.0,1.09,1681535.0,53.89,485.0,14,1.32,0.2,11.03,24826.630172220765,483597.962962963,-863030.0,1.1888888888888889,1568190.648148148,54
15min,20,150.0,300.0,150.0,False,500000.0,712,707,5,99.3,346300.0,1.14,1259635.0,33.66,486.4,13,0.97,0.27,11.54,108992.17566535964,721386.4197530864,-784260.0,38.48172839506173,1363949.3209876544,81
15min,20,150.0,300.0,100.0,True,500000.0,805,802,3,99.63,314500.0,1.21,931715.0,23.98,390.7,13,0.71,0.34,10.48,161045.35228154736,695980.0,-850330.0,1724.7103703703704,1060406.2037037036,54
15min,20,150.0,300.0,100.0,False,500000.0,801,798,3,99.63,582350.0,1.39,914615.0,22.31,727.0,13,0.72,0.64,19.41,145541.48167973346,739753.8888888889,-543360.0,57.0862962962963,1236876.0185185184,54
15min,20,150.0,300.0,150.0,True,500000.0,721,716,5,99.31,-129020.0,0.95,1317365.0,35.78,-178.9,13,0.97,-0.1,-4.3,134330.31127436832,698525.3086419753,-850330.0,1150.273086419753,1152656.4197530865,81
15min,20,150.0,300.0,200.0,False,500000.0,683,676,7,98.98,80060.0,1.02,1560835.0,46.59,117.2,13,1.04,0.05,2.67,70557.45074518929,871620.8641975309,-784260.0,1.413827160493827,1537545.9259259258,81
15min,20,150.0,300.0,250.0,False,500000.0,663,656,7,98.94,740220.0,1.21,1421890.0,45.89,1116.5,13,1.08,0.52,24.67,66447.60227982134,958676.4814814815,-784260.0,1.361111111111111,1588009.537037037,54
15min,20,150.0,300.0,200.0,True,500000.0,698,692,6,99.14,375280.0,1.15,1454755.0,35.41,537.7,13,1.03,0.26,12.51,98116.39518975631,823125.5555555555,-850330.0,1.5064197530864198,1303618.950617284,81
15min,20,150.0,300.0,250.0,True,500000.0,678,672,6,99.12,873220.0,1.34,1375725.0,33.53,1287.9,13,1.08,0.63,29.11,109881.0191777935,928995.0,-564230.0,1.5031481481481481,1335373.5185185184,54
15min,20,150.0,350.0,100.0,False,500000.0,794,792,2,99.75,826750.0,1.83,826075.0,21.39,1041.2,12,0.59,1.0,27.56,244874.27082635096,894966.1111111111,-506510.0,85.00222222222222,1028245.5555555555,36
15min,20,150.0,350.0,100.0,True,500000.0,796,794,2,99.75,637760.0,1.64,840325.0,22.54,801.2,12,0.59,0.76,21.26,185551.12168282925,748080.0,-850330.0,2586.2775,980667.5,36
15min,20,150.0,350.0,150.0,False,500000.0,689,685,4,99.42,558780.0,1.28,1205415.0,33.47,811.0,12,0.83,0.46,18.63,203886.23764470185,895536.8518518518,-506510.0,57.12351851851851,1154866.5740740742,54
15min,20,150.0,350.0,150.0,True,500000.0,695,692,3,99.57,735170.0,1.49,1062910.0,33.82,1057.8,12,0.83,0.69,24.51,177235.67263894985,800573.3333333334,-850330.0,1724.693888888889,1060091.0185185184,54
15min,20,150.0,350.0,250.0,False,500000.0,648,643,5,99.23,1304470.0,1.52,1509660.0,48.56,2013.1,12,0.93,0.86,43.48,147245.70236908374,1183390.5555555555,-59910.0,1.4702777777777778,1401790.0,36
15min,20,150.0,350.0,200.0,True,500000.0,681,677,4,99.41,1309650.0,1.87,1067900.0,33.5,1923.1,12,0.86,1.23,43.65,160091.79195875966,996876.4814814815,-850330.0,1.6435185185185186,1201785.0,54
15min,20,150.0,350.0,200.0,False,500000.0,668,663,5,99.25,667070.0,1.27,1480805.0,47.83,998.6,12,0.88,0.45,22.24,152918.2435476524,1066672.037037037,-256660.0,1.5418518518518516,1331299.7222222222,54
15min,20,200.0,150.0,100.0,False,500000.0,532,527,5,99.06,-160650.0,0.94,1366605.0,43.67,-302.0,15,1.38,-0.12,-5.36,-1000000.0,-181073.05555555556,-1697410.0,0.9736111111111112,1381930.8333333333,36
15min,20,150.0,350.0,250.0,True,500000.0,663,659,4,99.4,1782070.0,2.19,1117255.0,34.69,2687.9,12,0.91,1.6,59.4,198111.32764513724,1162109.7222222222,-374640.0,1.6575,1219291.9444444445,36
15min,20,200.0,150.0,100.0,True,500000.0,533,525,8,98.5,-716960.0,0.75,1589110.0,51.65,-1345.1,15,1.36,-0.45,-23.9,5921.702969289716,66796.94444444444,-1459230.0,1.1802777777777778,1248886.111111111,36
15min,20,200.0,150.0,150.0,False,500000.0,503,494,9,98.21,-1124190.0,0.77,2174665.0,63.36,-2235.0,15,1.78,-0.52,-37.47,-1000000.0,-402064.0740740741,-2206160.0,0.9414814814814814,1651067.962962963,54
15min,20,200.0,150.0,150.0,True,500000.0,508,499,9,98.23,-564410.0,0.83,1897495.0,59.42,-1111.0,15,1.74,-0.3,-18.81,-1000000.0,-84522.4074074074,-2939200.0,1.1298148148148148,1426985.462962963,54
15min,20,200.0,150.0,200.0,False,500000.0,473,462,11,97.67,-673180.0,0.89,2298765.0,54.83,-1423.2,15,2.21,-0.29,-22.44,-1000000.0,-993706.2962962963,-2841080.0,0.8529629629629627,2232014.3518518517,54
15min,20,200.0,150.0,250.0,False,500000.0,452,436,16,96.46,-2127270.0,0.75,4003820.0,83.95,-4706.3,15,2.49,-0.53,-70.91,-1000000.0,-1316812.5,-2841080.0,0.8138888888888889,2556470.5555555555,36
15min,20,200.0,150.0,200.0,True,500000.0,481,472,9,98.13,-277430.0,0.93,2119000.0,61.79,-576.8,15,2.16,-0.13,-9.25,-1000000.0,-344517.5925925926,-2939200.0,1.030925925925926,1681227.6851851852,54
15min,20,200.0,150.0,250.0,True,500000.0,462,449,13,97.19,-1251870.0,0.77,1977520.0,54.65,-2709.7,15,2.43,-0.63,-41.73,-1000000.0,-550001.3888888889,-2939200.0,0.9491666666666667,1845200.8333333333,36
15min,20,200.0,200.0,100.0,False,500000.0,523,520,3,99.43,432430.0,1.29,610130.0,19.91,826.8,15,1.09,0.71,14.41,20883.994691028798,153164.44444444444,-1697410.0,56.71222222222222,1318249.2592592593,54
15min,20,200.0,200.0,100.0,True,500000.0,524,521,3,99.43,605410.0,1.6,566330.0,17.98,1155.4,15,1.08,1.07,20.18,61271.51976143004,346726.48148148146,-1459230.0,1135.768148148148,1116428.611111111,54
15min,20,200.0,200.0,150.0,False,500000.0,495,490,5,98.99,234590.0,1.09,1125795.0,34.71,473.9,15,1.36,0.21,7.82,30.69042502057613,328.8888888888889,-2206160.0,38.166543209876544,1533422.5925925926,81
15min,20,200.0,200.0,200.0,False,500000.0,450,439,11,97.56,-1580620.0,0.71,2459830.0,79.65,-3512.5,15,1.86,-0.64,-52.69,-1000000.0,-384000.6172839506,-2841080.0,1.1140740740740742,1981791.111111111,81
15min,20,200.0,200.0,150.0,True,500000.0,498,495,3,99.4,1147630.0,2.14,548840.0,16.35,2304.5,15,1.34,2.09,38.25,34601.37927631459,234495.92592592593,-2939200.0,757.634074074074,1262217.9012345679,81
15min,20,200.0,200.0,200.0,True,500000.0,454,447,7,98.46,-206930.0,0.93,1573540.0,40.84,-455.8,15,1.83,-0.13,-6.9,4900.750310318549,47744.1975308642,-2939200.0,345.3902469135803,1486770.061728395,81
15min,20,200.0,200.0,250.0,False,500000.0,438,425,13,97.03,-1710150.0,0.74,2820510.0,90.8,-3904.5,15,2.01,-0.61,-57.0,-1000000.0,-597622.0370370371,-2841080.0,1.0142592592592594,2215465.277777778,54
15min,20,200.0,250.0,100.0,False,500000.0,519,517,2,99.61,613580.0,1.61,1104380.0,26.9,1182.2,14,0.88,0.56,20.45,119626.23866170585,614780.5555555555,-801770.0,167.94388888888886,1036416.7592592592,54
15min,20,200.0,200.0,250.0,True,500000.0,447,440,7,98.43,173590.0,1.06,1354670.0,34.39,388.3,15,1.93,0.13,5.79,-1000000.0,-99079.07407407407,-2939200.0,1.2135185185185189,1613470.0925925926,54
15min,20,200.0,250.0,100.0,True,500000.0,519,516,3,99.42,844250.0,2.69,720230.0,18.08,1626.7,14,0.88,1.17,28.14,265890.7039094962,774468.8888888889,-129020.0,2380.145555555556,812307.8703703703,54
15min,20,200.0,250.0,150.0,False,500000.0,480,477,3,99.38,832160.0,1.55,1426780.0,31.66,1733.7,14,1.12,0.58,27.74,84046.4078615135,533032.4691358025,-1898570.0,112.48518518518517,1211620.1851851852,81
15min,20,200.0,250.0,150.0,True,500000.0,482,477,5,98.96,810140.0,1.81,1152890.0,26.83,1680.8,14,1.12,0.7,27.0,203949.03646400108,721119.012345679,-801280.0,1587.3486419753085,926453.1481481482,81
15min,20,200.0,250.0,200.0,False,500000.0,441,435,6,98.64,346140.0,1.12,1419430.0,46.28,784.9,14,1.5,0.24,11.54,36222.72851051212,381597.9012345679,-2195320.0,38.428148148148146,1525380.9259259258,81
15min,20,200.0,250.0,250.0,False,500000.0,431,425,6,98.61,1112660.0,1.37,1401930.0,45.54,2581.6,14,1.59,0.79,37.09,11914.894786305498,275446.48148148146,-2195320.0,1.4022222222222223,1691513.5185185184,54
15min,20,200.0,250.0,200.0,True,500000.0,445,437,8,98.2,479640.0,1.24,1078380.0,32.67,1077.8,14,1.49,0.44,15.99,133677.49338100356,667466.7901234567,-995020.0,803.0462962962962,1127923.950617284,81
15min,20,200.0,250.0,250.0,True,500000.0,437,429,8,98.17,911120.0,1.45,1002150.0,31.98,2084.9,14,1.57,0.91,30.37,73501.16793456813,609206.4814814815,-995020.0,1.558518518518519,1234850.648148148,54
15min,20,200.0,300.0,100.0,False,500000.0,511,510,1,99.8,962780.0,2.92,625490.0,15.32,1884.1,11,0.75,1.54,32.09,392260.96696054953,994095.3703703703,133550.0,334.6444444444445,867029.1666666666,54
15min,20,200.0,300.0,100.0,True,500000.0,512,511,1,99.8,759050.0,2.52,639740.0,16.34,1482.5,11,0.75,1.19,25.3,329684.4164941131,881797.4074074074,-129020.0,7334.977222222222,750697.4074074074,54
15min,20,200.0,300.0,150.0,False,500000.0,469,467,2,99.57,1231460.0,2.23,1101790.0,23.39,2625.7,12,0.98,1.12,41.05,306587.4937803474,983065.1851851852,80060.0,260.65370370370374,1004228.6419753087,81
15min,20,200.0,300.0,150.0,True,500000.0,472,470,2,99.58,812470.0,1.81,1101790.0,25.16,1721.3,12,0.98,0.74,27.08,295309.87686401064,894512.9629629629,-129020.0,6540.418641975309,842126.4197530864,81
15min,20,200.0,300.0,200.0,False,500000.0,435,430,5,98.85,456570.0,1.18,1716440.0,56.16,1049.6,13,1.26,0.27,15.22,226124.80231435603,1036522.2222222222,-104480.0,112.70320987654323,1225212.962962963,81
15min,20,200.0,300.0,200.0,True,500000.0,442,438,4,99.1,424020.0,1.21,1269470.0,40.79,959.3,13,1.24,0.33,14.13,261181.731744904,961511.6049382716,-129020.0,3784.9056790123464,1015923.2716049383,81
15min,20,200.0,300.0,250.0,False,500000.0,422,416,6,98.58,443040.0,1.15,1676640.0,54.68,1049.9,13,1.33,0.26,14.77,195371.48992627833,1044700.0,-104480.0,57.18111111111111,1324558.148148148,54
15min,20,200.0,300.0,250.0,True,500000.0,434,430,4,99.08,807730.0,1.4,1271090.0,40.56,1861.1,13,1.31,0.64,26.92,254740.53510918363,1005527.0370370371,-97670.0,2476.621666666667,1079713.5185185184,54
15min,20,200.0,350.0,100.0,False,500000.0,506,506,0,100.0,1301200.0,999.99,313355.0,8.87,2571.5,10,0.65,4.15,43.37,497159.4098760262,1080323.3333333333,133550.0,417.8719444444444,705100.6944444445,36
15min,20,200.0,350.0,100.0,True,500000.0,507,506,1,99.8,1229020.0,30726.5,313355.0,8.87,2424.1,10,0.65,3.92,40.97,333203.0919334033,869403.3333333334,-129020.0,9299.99388888889,700289.3055555555,36
15min,20,200.0,350.0,150.0,False,500000.0,462,461,1,99.78,1324080.0,3.64,781660.0,18.16,2866.0,12,0.83,1.69,44.14,389262.5531784103,1072040.3703703703,80060.0,334.6722222222223,857277.0370370371,54
15min,20,200.0,350.0,150.0,True,500000.0,463,461,2,99.57,1099320.0,3.19,781660.0,18.87,2374.3,12,0.83,1.41,36.64,305326.01537202316,905503.1481481482,-129020.0,8675.306666666667,796848.2407407408,54
15min,20,200.0,350.0,200.0,False,500000.0,428,424,4,99.07,401710.0,1.2,1548325.0,50.3,938.6,12,1.07,0.26,13.39,322275.21134759084,1137077.962962963,80060.0,168.23666666666668,1097147.1296296297,54
15min,20,200.0,350.0,250.0,False,500000.0,423,419,4,99.05,873380.0,1.44,1569135.0,50.85,2064.7,12,1.1,0.56,29.11,276183.0019254127,1146670.5555555555,80060.0,85.06416666666668,1220109.861111111,36
15min,20,200.0,350.0,200.0,True,500000.0,431,427,4,99.07,580970.0,1.39,1070480.0,34.49,1348.0,12,1.06,0.54,19.37,289162.3641640982,1026133.5185185185,-129020.0,5160.3040740740735,974957.5,54
15min,20,200.0,350.0,250.0,True,500000.0,428,424,4,99.07,972680.0,1.65,1100790.0,35.27,2272.6,12,1.09,0.88,32.42,293522.1614363563,1106907.7777777778,-97670.0,3714.061388888889,1044565.9722222222,36
15min,20,250.0,150.0,100.0,False,500000.0,338,335,3,99.11,389650.0,1.23,937955.0,30.9,1152.8,15,1.54,0.42,12.99,46299.240497222214,243588.33333333334,-1697410.0,140.15416666666667,1049641.6666666667,36
15min,20,250.0,150.0,100.0,True,500000.0,338,334,4,98.82,-115950.0,0.93,1155425.0,38.06,-343.0,15,1.51,-0.1,-3.87,71227.06799480709,340756.3888888889,-970300.0,9634.762777777778,954868.1944444445,36
15min,20,250.0,150.0,150.0,False,500000.0,326,321,5,98.47,184870.0,1.07,1167395.0,37.2,567.1,15,1.94,0.16,6.16,33208.27431264745,203172.59259259258,-1898570.0,130.84870370370368,1182757.037037037,54
15min,20,250.0,150.0,150.0,True,500000.0,328,321,7,97.87,-659260.0,0.76,1436095.0,46.98,-2009.9,15,1.89,-0.46,-21.98,69490.34095363168,362526.1111111111,-991560.0,10795.936481481483,1041581.574074074,54
15min,20,250.0,150.0,200.0,False,500000.0,319,311,8,97.49,-533280.0,0.87,1568360.0,46.27,-1671.7,15,2.23,-0.34,-17.78,-1000000.0,-148307.40740740742,-2841080.0,75.36537037037037,1641874.2592592593,54
15min,20,250.0,150.0,250.0,False,500000.0,309,296,13,95.79,-2435930.0,0.64,2675390.0,86.71,-7883.3,15,2.57,-0.91,-81.2,-1000000.0,-306334.44444444444,-2841080.0,56.843888888888884,1878546.111111111,36
15min,20,250.0,150.0,250.0,True,500000.0,314,304,10,96.82,-1826050.0,0.62,2358160.0,77.15,-5815.4,15,2.45,-0.77,-60.87,35357.006069135794,251411.11111111112,-1960160.0,14544.114444444444,1296828.888888889,36
15min,20,250.0,200.0,100.0,True,500000.0,339,336,3,99.12,206680.0,1.21,606585.0,20.04,609.7,15,1.16,0.34,6.89,133477.44655758573,565543.7037037037,-970300.0,9066.456851851852,819919.2592592592,54
15min,20,250.0,200.0,100.0,False,500000.0,338,335,3,99.11,-73470.0,0.95,964705.0,31.87,-217.4,15,1.17,-0.08,-2.45,107093.48414381343,507820.18518518517,-1697410.0,260.4735185185185,945557.0370370371,54
15min,20,250.0,150.0,200.0,True,500000.0,322,314,8,97.52,-765790.0,0.76,1657230.0,52.29,-2378.2,15,2.15,-0.46,-25.53,48534.786617064456,305085.9259259259,-1960160.0,13257.26074074074,1204571.851851852,54
15min,20,250.0,200.0,150.0,False,500000.0,321,317,4,98.75,21440.0,1.01,760325.0,24.98,66.8,15,1.5,0.03,0.71,94021.36069982169,495721.1111111111,-1898570.0,235.74740740740742,1051670.8024691357,81
15min,20,250.0,200.0,150.0,True,500000.0,323,319,4,98.76,570950.0,1.57,556080.0,17.66,1767.6,15,1.48,1.03,19.03,130167.72711762384,589834.6913580247,-991560.0,9233.256666666666,896574.5061728396,81
15min,20,250.0,200.0,200.0,False,500000.0,314,309,5,98.41,265430.0,1.11,802005.0,26.1,845.3,15,1.72,0.33,8.85,35840.86976275263,305178.51851851854,-2841080.0,124.90370370370371,1412788.4567901234,81
15min,20,250.0,200.0,200.0,True,500000.0,316,311,5,98.42,435630.0,1.29,575670.0,16.72,1378.6,15,1.69,0.76,14.52,106444.28805386678,560946.5432098765,-1960160.0,9668.42049382716,1051208.2716049382,81
15min,20,250.0,200.0,250.0,False,500000.0,301,290,11,96.35,-2111640.0,0.62,2874530.0,93.12,-7015.4,15,2.13,-0.73,-70.39,18390.527801611788,218917.96296296295,-2841080.0,94.05074074074074,1579967.5925925926,54
15min,20,250.0,200.0,250.0,True,500000.0,305,298,7,97.7,-685500.0,0.77,1639160.0,47.45,-2247.5,15,2.06,-0.42,-22.85,91381.85895961935,523884.25925925927,-1960160.0,10107.110925925923,1127843.0555555555,54
15min,20,250.0,250.0,100.0,False,500000.0,332,332,0,100.0,1273030.0,999.99,436480.0,14.43,3834.4,13,1.02,2.92,42.43,267970.0882867332,837110.0,-801770.0,482.3737037037038,689422.1296296297,54
15min,20,250.0,250.0,100.0,True,500000.0,333,333,0,100.0,1063100.0,999.99,436480.0,14.43,3192.5,13,1.01,2.44,35.44,449345.75076046336,890277.2222222222,88140.0,10421.585555555555,532263.3333333334,54
15min,20,250.0,250.0,150.0,False,500000.0,320,319,1,99.69,1287580.0,3.57,592000.0,14.36,4023.7,13,1.23,2.17,42.92,225539.69462173112,866776.5432098765,-1898570.0,420.7854320987654,794401.3580246913,81
15min,20,250.0,250.0,150.0,True,500000.0,321,320,1,99.69,1384640.0,9891.29,436480.0,14.36,4313.5,13,1.21,3.17,46.15,354941.1655924208,903502.4691358025,-801280.0,10173.693456790124,617024.5061728396,81
15min,20,250.0,250.0,200.0,False,500000.0,308,306,2,99.35,1351410.0,2.35,623710.0,18.96,4387.7,13,1.41,2.17,45.05,169970.1284573937,889164.4444444445,-2195320.0,273.02172839506176,1044214.3209876543,81
15min,20,250.0,300.0,100.0,False,500000.0,332,332,0,100.0,1062240.0,999.99,329245.0,10.89,3199.5,11,0.79,3.23,35.41,655259.4695163378,1091796.2962962964,281670.0,667.4729629629628,529717.0370370371,54
15min,20,250.0,250.0,200.0,True,500000.0,310,308,2,99.35,1238090.0,3.47,521675.0,16.3,3993.8,13,1.4,2.37,41.27,300934.40347644006,956853.4567901235,-995020.0,10236.754814814814,783923.024691358,81
15min,20,250.0,300.0,100.0,True,500000.0,332,332,0,100.0,924290.0,999.99,329245.0,10.89,2784.0,11,0.79,2.81,30.81,756213.172442617,982608.8888888889,491760.0,9065.159074074074,461226.75925925927,54
15min,20,250.0,250.0,250.0,True,500000.0,300,296,4,98.67,607670.0,1.4,902210.0,29.71,2025.6,13,1.7,0.67,20.26,249532.45172759658,937887.0370370371,-995020.0,10218.087222222222,872851.9444444445,54
15min,20,250.0,250.0,250.0,False,500000.0,298,294,4,98.66,1123240.0,1.56,992455.0,29.71,3769.3,13,1.71,1.13,37.44,145178.8825179355,875919.074074074,-2195320.0,205.29907407407407,1171276.851851852,54
15min,20,250.0,300.0,150.0,True,500000.0,318,317,1,99.69,1230620.0,13674.56,329245.0,10.84,3869.9,11,0.98,3.74,41.02,465374.3141502089,1026233.7037037037,-97670.0,8041.383580246915,537242.2839506173,81
15min,20,250.0,300.0,150.0,False,500000.0,317,317,0,100.0,1558070.0,999.99,379770.0,10.84,4915.0,11,1.0,4.1,51.94,590495.5807532499,1149289.012345679,229720.0,593.5135802469135,625717.2222222222,81
15min,20,250.0,300.0,200.0,False,500000.0,304,303,1,99.67,1702000.0,4.4,739260.0,15.16,5598.7,13,1.18,2.3,56.73,574712.9011020965,1304269.2592592593,229720.0,408.74654320987656,805901.975308642,81
15min,20,250.0,300.0,200.0,True,500000.0,305,302,3,99.02,1186700.0,3.37,739260.0,16.65,3890.8,13,1.16,1.61,39.56,458417.4360979203,1142726.5432098766,-97670.0,4492.3286419753085,689070.1851851852,81
15min,20,250.0,300.0,250.0,False,500000.0,295,292,3,98.98,1272160.0,1.85,1011780.0,26.88,4312.4,13,1.42,1.26,42.41,546024.1474144175,1352607.5925925926,229720.0,334.78962962962964,887142.0370370371,54
15min,20,250.0,300.0,250.0,True,500000.0,296,292,4,98.65,1124440.0,2.12,1068130.0,23.31,3798.8,13,1.4,1.05,37.48,442355.5527543493,1183552.037037037,-97670.0,3108.9253703703694,755642.3148148148,54
15min,20,250.0,350.0,100.0,False,500000.0,330,330,0,100.0,913130.0,999.99,260855.0,8.63,2767.1,9,0.69,3.5,30.44,879826.3187193286,1119552.5,583540.0,750.6533333333335,425881.6666666667,36
15min,20,250.0,350.0,100.0,True,500000.0,330,329,1,99.7,869430.0,21736.75,260855.0,8.63,2634.6,9,0.69,3.33,28.98,765019.3365655327,966354.1666666666,491760.0,9632.81611111111,416829.44444444444,36
15min,20,250.0,350.0,150.0,False,500000.0,313,313,0,100.0,1521470.0,999.99,321735.0,10.21,4860.9,9,0.89,4.73,50.72,738375.5480081739,1183524.4444444445,401710.0,667.4979629629628,543826.6666666666,54
15min,20,250.0,350.0,150.0,True,500000.0,314,313,1,99.68,1416690.0,35418.25,321735.0,10.3,4511.8,9,0.89,4.4,47.22,468029.3535574891,1017124.6296296297,-97670.0,9008.126851851852,502583.24074074073,54
15min,20,250.0,350.0,200.0,False,500000.0,300,300,0,100.0,1956540.0,999.99,414595.0,10.05,6521.8,11,1.02,4.72,65.22,712697.5299989062,1350328.7037037036,401710.0,501.1296296296298,731544.5370370371,54
15min,20,300.0,150.0,100.0,True,500000.0,225,223,2,99.11,945660.0,2.89,629250.0,18.15,4202.9,15,1.6,1.5,31.52,128338.17032821177,527507.9166666666,-851700.0,14451.554583333333,783542.7083333334,24
15min,20,250.0,350.0,200.0,True,500000.0,301,300,1,99.67,1748460.0,43712.5,414595.0,10.16,5808.8,11,1.01,4.22,58.28,477948.07567470963,1177755.9259259258,-97670.0,5493.122962962963,661364.7222222222,54
15min,20,250.0,350.0,250.0,True,500000.0,285,282,3,98.95,1635040.0,4.27,693235.0,15.28,5737.0,11,1.28,2.36,54.5,465870.83939884766,1240912.7777777778,-97670.0,4046.8361111111103,738527.7777777778,36
15min,20,300.0,150.0,100.0,False,500000.0,224,223,1,99.55,1243240.0,3.49,629250.0,18.01,5550.2,15,1.61,1.98,41.44,133429.13703906248,575567.5,-874750.0,209.76916666666668,840890.625,24
15min,20,250.0,350.0,250.0,False,500000.0,282,280,2,99.29,1445080.0,2.44,779150.0,25.32,5124.4,11,1.3,1.85,48.17,657709.950752551,1394200.0,401710.0,417.9522222222222,839307.7777777778,36
15min,20,300.0,150.0,150.0,False,500000.0,221,220,1,99.55,1834130.0,4.67,698725.0,19.44,8299.2,15,1.91,2.62,61.14,136815.98720893514,621863.0555555555,-1609070.0,195.83083333333332,899950.8333333334,36
15min,20,300.0,150.0,150.0,True,500000.0,223,221,2,99.1,1271590.0,3.54,698725.0,19.66,5702.2,15,1.87,1.82,42.39,143896.4866912037,608765.2777777778,-991560.0,16193.361388888889,818128.3333333334,36
15min,20,300.0,150.0,200.0,False,500000.0,214,212,2,99.07,1942670.0,2.94,679725.0,18.38,9077.9,15,2.28,2.86,64.76,53546.37142857252,361679.72222222225,-2492090.0,112.64194444444445,1259754.3055555555,36
15min,20,300.0,150.0,250.0,False,500000.0,213,208,5,97.65,1116720.0,1.45,1405720.0,28.32,5242.8,15,2.62,0.79,37.22,26812.11941555556,245846.66666666666,-2492090.0,84.87333333333333,1454698.3333333333,24
15min,20,300.0,150.0,200.0,True,500000.0,218,215,3,98.62,1634320.0,4.27,679725.0,18.65,7496.9,15,2.18,2.4,54.48,121777.04127523146,595231.6666666666,-1826050.0,19885.378333333338,977061.8055555555,36
15min,20,300.0,150.0,250.0,True,500000.0,217,214,3,98.62,1944820.0,4.89,660275.0,17.76,8962.3,15,2.47,2.95,64.83,116648.64893171875,612858.75,-1826050.0,21815.724583333333,1048323.5416666666,24
15min,20,300.0,200.0,100.0,False,500000.0,224,224,0,100.0,1241950.0,999.99,450020.0,13.69,5544.4,13,1.25,2.76,41.4,210602.75306658444,801726.9444444445,-874750.0,390.1530555555555,704879.5833333334,36
15min,20,300.0,200.0,100.0,True,500000.0,224,223,1,99.55,1004220.0,50212.0,449365.0,11.58,4483.1,13,1.27,2.23,33.47,213353.2340534043,725824.4444444445,-851700.0,13598.925277777778,644344.3055555555,36
15min,20,300.0,200.0,150.0,False,500000.0,219,219,0,100.0,1650020.0,999.99,450020.0,13.33,7534.3,13,1.44,3.67,55.0,215250.07135465363,868316.8518518518,-1609070.0,353.0981481481482,760532.6851851852,54
15min,20,300.0,200.0,150.0,True,500000.0,220,219,1,99.55,1253060.0,62654.0,450845.0,11.09,5695.7,13,1.46,2.78,41.77,228226.07861471942,808895.5555555555,-991560.0,13849.207222222221,676382.2222222222,54
15min,20,300.0,200.0,200.0,False,500000.0,214,214,0,100.0,2156330.0,999.99,450020.0,12.99,10076.3,13,1.64,4.79,71.88,137693.3001629904,734599.6296296297,-2492090.0,186.8724074074074,1062800.3703703703,54
15min,20,300.0,200.0,200.0,True,500000.0,215,214,1,99.53,1535820.0,76792.0,449365.0,10.54,7143.3,13,1.66,3.42,51.19,190821.974918858,809026.4814814815,-1826050.0,14502.04537037037,820669.1666666666,54
15min,20,300.0,250.0,100.0,False,500000.0,222,222,0,100.0,897710.0,999.99,161545.0,5.05,4043.7,10,0.98,5.56,29.92,376173.76776953693,970415.5555555555,-801770.0,722.7230555555557,492252.6388888889,36
15min,20,300.0,200.0,250.0,False,500000.0,208,207,1,99.52,2360820.0,5.72,627555.0,15.45,11350.1,13,1.94,3.76,78.69,105734.00196257714,674884.7222222222,-2492090.0,140.60694444444442,1216651.388888889,36
15min,20,300.0,200.0,250.0,True,500000.0,211,210,1,99.53,1848870.0,92444.5,449365.0,9.96,8762.4,13,1.93,4.11,61.63,181473.75373660494,815637.2222222222,-1826050.0,15160.137499999999,887533.8888888889,36
15min,20,300.0,250.0,150.0,False,500000.0,217,217,0,100.0,1304930.0,999.99,325050.0,9.89,6013.5,10,1.22,4.01,43.5,451488.11746300594,1129403.7037037036,-801770.0,630.4457407407407,529334.6296296297,54
15min,20,300.0,250.0,100.0,True,500000.0,222,221,1,99.55,835010.0,20876.25,161545.0,5.05,3761.3,10,0.98,5.17,27.83,539194.6958888499,968324.1666666666,88140.0,15631.399722222222,378953.19444444444,36
15min,20,300.0,250.0,150.0,True,500000.0,217,215,2,99.08,1073580.0,5965.33,318415.0,8.13,4947.4,10,1.21,3.37,35.79,581290.7104785659,1076147.2222222222,88140.0,15259.700370370369,416642.5,54
15min,20,300.0,250.0,200.0,False,500000.0,210,210,0,100.0,1745960.0,999.99,353620.0,9.83,8314.1,10,1.4,4.94,58.2,358043.19127708854,1224807.4074074074,-2129540.0,408.92462962962975,742107.2222222222,54
15min,20,300.0,250.0,200.0,True,500000.0,210,208,2,99.05,1365260.0,7585.78,353620.0,10.05,6501.2,10,1.4,3.86,45.51,485547.74265383696,1171018.5185185184,-995020.0,15354.450555555555,560374.074074074,54
15min,20,300.0,250.0,250.0,False,500000.0,207,206,1,99.52,1592510.0,4.18,648120.0,20.16,7693.3,11,1.51,2.46,53.08,327929.9205037323,1287139.7222222222,-2129540.0,307.3955555555556,851333.8888888889,36
15min,20,300.0,250.0,250.0,True,500000.0,208,205,3,98.56,1125030.0,3.25,529325.0,16.58,5408.8,11,1.52,2.13,37.5,449373.7188190543,1198771.9444444445,-995020.0,15326.523055555554,642660.6944444445,36
15min,20,300.0,300.0,100.0,False,500000.0,223,223,0,100.0,748860.0,999.99,235895.0,7.38,3358.1,8,0.77,3.17,24.96,955742.7028494688,1151816.388888889,583540.0,916.9669444444446,332652.9166666667,36
15min,20,300.0,300.0,100.0,True,500000.0,223,223,0,100.0,727010.0,999.99,132395.0,4.14,3260.1,8,0.77,5.49,24.23,886463.3082744377,1035404.7222222222,583540.0,11012.127777777778,300109.8611111111,36
15min,20,300.0,300.0,150.0,False,500000.0,217,217,0,100.0,1048480.0,999.99,239710.0,7.28,4831.7,8,0.94,4.37,34.95,1006017.817144493,1310532.5925925926,583540.0,833.902222222222,383359.35185185185,54
15min,20,300.0,300.0,150.0,True,500000.0,217,217,0,100.0,981780.0,999.99,239710.0,6.22,4524.3,8,0.94,4.1,32.73,959546.7661968498,1159587.037037037,583540.0,10338.118518518519,345458.4259259259,54
15min,20,300.0,300.0,200.0,False,500000.0,211,211,0,100.0,1364690.0,999.99,239710.0,7.13,6467.7,8,1.07,5.69,45.49,1149360.7010633203,1539447.4074074074,819190.0,612.3255555555558,525326.2037037037,54
15min,20,300.0,300.0,200.0,True,500000.0,211,211,0,100.0,1274990.0,999.99,239710.0,5.85,6042.6,8,1.07,5.32,42.5,1002414.051016751,1339374.4444444445,607670.0,6737.699074074072,466315.0,54
15min,20,300.0,300.0,250.0,False,500000.0,207,207,0,100.0,1927380.0,999.99,407565.0,12.81,9311.0,10,1.23,4.73,64.25,1169778.468459871,1639589.7222222222,1105000.0,501.5163888888889,600056.9444444445,36
15min,20,300.0,300.0,250.0,True,500000.0,207,207,0,100.0,1814680.0,999.99,407565.0,12.81,8766.6,10,1.23,4.45,60.49,987615.494601347,1408882.5,607670.0,4662.681944444444,538333.1944444445,36
15min,20,300.0,350.0,100.0,True,500000.0,222,222,0,100.0,652840.0,999.99,189435.0,6.01,2940.7,7,0.68,3.45,21.76,861579.0279977799,991878.3333333334,583540.0,10571.358333333334,267191.0416666667,24
15min,20,300.0,350.0,100.0,False,500000.0,222,222,0,100.0,652840.0,999.99,189435.0,6.01,2940.7,7,0.68,3.45,21.76,929739.1068307029,1100701.6666666667,583540.0,999.9900000000001,282550.625,24
15min,20,300.0,350.0,150.0,False,500000.0,214,214,0,100.0,926400.0,999.99,210200.0,6.29,4329.0,7,0.85,4.41,30.88,1011584.9568741578,1285186.6666666667,583540.0,917.0369444444445,334190.8333333333,36
15min,20,300.0,350.0,150.0,True,500000.0,214,214,0,100.0,926400.0,999.99,210200.0,6.29,4329.0,7,0.85,4.41,30.88,945028.7717741603,1134802.5,583540.0,10926.728333333333,321742.6388888889,36
15min,20,300.0,350.0,200.0,False,500000.0,208,208,0,100.0,1297240.0,999.99,315410.0,10.08,6236.7,8,0.98,4.11,43.24,1227763.5043743013,1568951.388888889,819190.0,750.8216666666668,453543.05555555556,36
15min,20,300.0,350.0,200.0,True,500000.0,208,208,0,100.0,1297240.0,999.99,315410.0,10.08,6236.7,8,0.98,4.11,43.24,1091357.4890919435,1390753.611111111,791120.0,8238.858888888886,445530.55555555556,36
15min,20,300.0,350.0,250.0,False,500000.0,203,203,0,100.0,1574810.0,999.99,315410.0,10.01,7757.7,8,1.09,4.99,52.49,1276935.767825166,1692904.1666666667,1160450.0,626.2375000000001,529806.6666666666,24
15min,20,300.0,350.0,250.0,True,500000.0,203,203,0,100.0,1574810.0,999.99,315410.0,10.01,7757.7,8,1.09,4.99,52.49,1128233.1652114943,1502726.6666666667,791120.0,6069.541250000001,524522.5,24
15min,30,100.0,150.0,100.0,False,500000.0,1087,1078,9,99.17,113190.0,1.02,2002985.0,59.11,104.1,15,1.37,0.06,3.77,-1000000.0,-188790.0,-2912360.0,1.04125,1760038.5416666667,24
15min,30,100.0,150.0,100.0,True,500000.0,1094,1086,8,99.27,334590.0,1.09,2141395.0,51.33,305.8,15,1.36,0.16,11.15,18070.775224787274,308974.5833333333,-1241870.0,1.2295833333333335,1524340.625,24
15min,30,100.0,150.0,150.0,False,500000.0,1020,1002,18,98.24,-2912360.0,0.69,3434080.0,99.41,-2855.3,15,1.57,-0.85,-97.08,-1000000.0,-468224.1666666667,-3078710.0,0.9930555555555556,2037623.611111111,36
15min,30,100.0,150.0,150.0,True,500000.0,1036,1023,13,98.75,-1241870.0,0.81,2765910.0,62.06,-1198.7,15,1.55,-0.45,-41.4,3226.5869668277373,102583.88888888889,-1958090.0,1.1519444444444449,1726955.9722222222,36
15min,30,100.0,150.0,200.0,False,500000.0,972,951,21,97.84,-2782960.0,0.75,3562635.0,96.26,-2863.1,15,1.73,-0.78,-92.77,-1000000.0,-1024761.3888888889,-3579090.0,0.9036111111111111,2479781.6666666665,36
15min,30,100.0,150.0,200.0,True,500000.0,996,981,15,98.49,-922900.0,0.87,2679470.0,57.28,-926.6,15,1.69,-0.34,-30.76,-1000000.0,-188498.61111111112,-2256090.0,1.0227777777777778,2008812.7777777778,36
15min,30,100.0,150.0,250.0,False,500000.0,924,899,25,97.29,-3579090.0,0.72,4464985.0,117.6,-3873.5,15,1.86,-0.8,-119.3,-1000000.0,-1298574.1666666667,-3579090.0,0.8633333333333333,2694382.9166666665,24
15min,30,100.0,200.0,100.0,False,500000.0,1043,1033,10,99.04,-1297260.0,0.74,1981655.0,63.1,-1243.8,15,1.08,-0.65,-43.24,5967.483492708333,83935.27777777778,-2912360.0,28.946388888888894,1644518.75,36
15min,30,100.0,150.0,250.0,True,500000.0,949,929,20,97.89,-2256090.0,0.75,3779400.0,85.23,-2377.3,15,1.83,-0.6,-75.2,-1000000.0,-329492.9166666667,-2256090.0,0.9841666666666667,2171837.9166666665,24
15min,30,100.0,200.0,150.0,False,500000.0,990,978,12,98.79,-1343240.0,0.78,2499695.0,72.01,-1356.8,15,1.18,-0.54,-44.77,-1000000.0,-141943.7037037037,-3078710.0,19.61777777777778,1912542.8703703703,54
15min,30,100.0,200.0,100.0,True,500000.0,1058,1050,8,99.24,153510.0,1.05,1768150.0,39.99,145.1,15,1.05,0.09,5.12,47283.07993435184,395943.3333333333,-1241870.0,304.21722222222223,1402905.9722222222,36
15min,30,100.0,200.0,150.0,True,500000.0,1010,1001,9,99.11,338150.0,1.09,2158485.0,43.96,334.8,15,1.15,0.16,11.27,17173.953796982172,210620.37037037036,-1958090.0,203.15037037037035,1592300.7407407407,54
15min,30,100.0,200.0,200.0,False,500000.0,925,911,14,98.49,-953790.0,0.87,2395400.0,70.09,-1031.1,15,1.34,-0.4,-31.79,-1000000.0,-533507.2222222222,-3579090.0,1.0450000000000002,2309433.2407407407,54
15min,30,100.0,200.0,200.0,True,500000.0,951,941,10,98.95,505660.0,1.12,2424630.0,45.79,531.7,15,1.3,0.21,16.86,-1000000.0,-20910.185185185186,-2256090.0,1.098888888888889,1846737.5,54
15min,30,100.0,200.0,250.0,False,500000.0,891,874,17,98.09,-1796120.0,0.79,2807325.0,87.32,-2015.8,15,1.41,-0.64,-59.87,-1000000.0,-735051.9444444445,-3579090.0,0.9436111111111113,2494373.0555555555,36
15min,30,100.0,200.0,250.0,True,500000.0,919,907,12,98.69,10880.0,1.0,2556440.0,51.25,11.8,15,1.38,0.0,0.36,-1000000.0,-140500.27777777778,-2256090.0,1.015,1992386.8055555555,36
15min,30,100.0,250.0,100.0,False,500000.0,996,989,7,99.3,-417130.0,0.88,1371890.0,43.61,-418.8,14,0.89,-0.3,-13.9,47609.06295045524,377421.94444444444,-1343240.0,56.85694444444445,1369285.9722222222,36
15min,30,100.0,250.0,100.0,True,500000.0,1007,1000,7,99.3,-249930.0,0.92,1404110.0,45.09,-248.2,14,0.88,-0.18,-8.33,96360.5981069219,555432.2222222222,-850330.0,332.08222222222224,1152940.9722222222,36
15min,30,100.0,250.0,150.0,False,500000.0,935,926,9,99.04,-543360.0,0.88,2359290.0,61.95,-581.1,14,1.01,-0.23,-18.11,28604.01478441701,310224.81481481483,-1343240.0,38.28092592592593,1538979.2592592593,54
15min,30,100.0,250.0,150.0,True,500000.0,950,941,9,99.05,-308160.0,0.91,1574670.0,46.77,-324.4,14,0.99,-0.2,-10.27,72292.55171734568,503503.3333333333,-850330.0,221.78518518518518,1282104.537037037,54
15min,30,100.0,250.0,250.0,False,500000.0,839,830,9,98.93,1119600.0,1.25,2057980.0,42.59,1334.4,14,1.15,0.54,37.32,4784.510185185186,210051.66666666666,-1796120.0,1.138888888888889,1889055.8333333333,36
15min,30,100.0,250.0,200.0,False,500000.0,870,861,9,98.97,196720.0,1.04,2229510.0,52.72,226.1,14,1.09,0.09,6.56,6426.363441909594,246437.03703703705,-1796120.0,1.2587037037037037,1792825.7407407407,54
15min,30,100.0,250.0,200.0,True,500000.0,880,871,9,98.98,-37890.0,0.99,1698490.0,54.07,-43.1,14,1.1,-0.02,-1.26,30383.497740983814,464189.81481481483,-850330.0,1.2774074074074075,1487595.7407407407,54
15min,30,100.0,250.0,250.0,True,500000.0,855,845,10,98.83,458290.0,1.13,1648810.0,52.12,536.0,14,1.15,0.28,15.28,26537.851525213282,469863.8888888889,-374640.0,1.1936111111111112,1581340.0,36
15min,30,100.0,300.0,100.0,False,500000.0,971,965,6,99.38,-506510.0,0.83,1410745.0,45.26,-521.6,13,0.75,-0.36,-16.88,111342.15529449319,657905.8333333334,-543360.0,84.75416666666666,1198553.0555555555,36
15min,30,100.0,300.0,100.0,True,500000.0,978,972,6,99.39,-292740.0,0.88,1133230.0,35.87,-299.3,13,0.75,-0.26,-9.76,124043.23755576699,602539.4444444445,-850330.0,359.9144444444445,1041006.25,36
15min,30,100.0,300.0,150.0,False,500000.0,910,903,7,99.23,-256660.0,0.93,1470235.0,45.97,-282.0,13,0.83,-0.17,-8.56,95203.83841312611,658223.8888888889,-543360.0,56.93814814814815,1326301.111111111,54
15min,30,100.0,300.0,150.0,True,500000.0,918,911,7,99.24,-850330.0,0.76,1591835.0,51.33,-926.3,13,0.84,-0.53,-28.34,112122.89973793125,609655.0,-850330.0,240.4124074074074,1129388.2407407407,54
15min,30,100.0,300.0,200.0,False,500000.0,853,845,8,99.06,-59910.0,0.99,1533685.0,43.67,-70.2,13,0.92,-0.04,-2.0,62510.9944521434,773899.8148148148,-543360.0,1.437037037037037,1509059.9074074074,54
15min,30,100.0,300.0,200.0,True,500000.0,872,865,7,99.2,-374640.0,0.89,1437900.0,46.05,-429.6,13,0.91,-0.26,-12.49,80336.51201378161,696128.3333333334,-850330.0,1.494074074074074,1279445.7407407407,54
15min,30,100.0,300.0,250.0,False,500000.0,819,812,7,99.15,1321910.0,1.38,1448375.0,44.91,1614.1,13,0.97,0.91,44.06,64558.49641874986,868120.0,-173270.0,1.357222222222222,1567105.2777777778,36
15min,30,100.0,300.0,250.0,True,500000.0,835,829,6,99.28,716620.0,1.24,1579050.0,49.99,858.2,13,0.96,0.45,23.89,96268.4387674775,798851.1111111111,-374640.0,1.4775000000000003,1321749.5833333333,36
15min,30,100.0,350.0,100.0,False,500000.0,942,938,4,99.58,289180.0,1.14,1275045.0,34.53,307.0,12,0.65,0.23,9.64,143176.71900928207,672165.8333333334,-506510.0,84.75291666666666,1091090.0,24
15min,30,100.0,350.0,100.0,True,500000.0,944,937,7,99.26,546010.0,1.36,1007885.0,31.56,578.4,12,0.65,0.54,18.2,137886.0559737306,618868.75,-850330.0,84.77541666666666,981491.0416666666,24
15min,30,100.0,350.0,150.0,False,500000.0,873,868,5,99.43,375490.0,1.15,1473685.0,46.86,430.1,12,0.73,0.25,12.52,147476.64985399146,732027.2222222222,-506510.0,56.973611111111104,1158260.9722222222,36
15min,30,100.0,350.0,150.0,True,500000.0,882,874,8,99.09,544670.0,1.27,1473685.0,47.31,617.5,12,0.73,0.37,18.16,155931.1493176721,701135.8333333334,-850330.0,57.04500000000001,1032587.2222222222,36
15min,30,150.0,150.0,100.0,False,500000.0,694,689,5,99.28,300510.0,1.11,1236205.0,34.28,433.0,15,1.32,0.24,10.02,-1000000.0,-172634.72222222222,-2912360.0,1.0411111111111113,1594287.5,36
15min,30,150.0,150.0,100.0,True,500000.0,695,690,5,99.28,131550.0,1.06,1080870.0,33.29,189.3,15,1.31,0.12,4.38,15269.05907586967,206552.77777777778,-1241870.0,1.2197222222222222,1393933.4722222222,36
15min,30,100.0,350.0,200.0,False,500000.0,830,825,5,99.4,1006940.0,1.4,1506875.0,47.56,1213.2,12,0.8,0.67,33.56,133757.8132268622,936349.1666666666,-256660.0,1.4916666666666665,1279221.6666666667,36
15min,30,150.0,150.0,150.0,False,500000.0,624,617,7,98.88,1099470.0,1.29,1694650.0,39.81,1762.0,15,1.87,0.65,36.65,-1000000.0,-447465.18518518517,-3078710.0,0.9838888888888889,1872621.0185185184,54
15min,30,150.0,150.0,150.0,True,500000.0,634,627,7,98.9,110900.0,1.03,1565340.0,43.39,174.9,15,1.83,0.07,3.7,1430.6317302381954,31127.962962962964,-1958090.0,1.1346296296296297,1594936.5740740742,54
15min,30,100.0,350.0,200.0,True,500000.0,843,834,9,98.93,1047470.0,1.52,1497310.0,47.61,1242.6,12,0.79,0.7,34.92,151328.4854532893,887059.1666666666,-850330.0,1.6155555555555554,1157875.138888889,36
15min,30,100.0,350.0,250.0,True,500000.0,809,801,8,99.01,1554980.0,1.78,1448450.0,45.65,1922.1,12,0.84,1.07,51.83,216191.20884699406,1079534.1666666667,-374640.0,1.6779166666666665,1165882.0833333333,24
15min,30,100.0,350.0,250.0,False,500000.0,799,794,5,99.37,1594720.0,1.64,1446635.0,45.26,1995.9,12,0.84,1.1,53.16,167113.0355340118,1106183.75,-59910.0,1.48375,1303481.25,24
15min,30,150.0,150.0,200.0,False,500000.0,602,589,13,97.84,-618340.0,0.91,2876245.0,56.54,-1027.1,15,2.08,-0.21,-20.61,-1000000.0,-1046531.6666666666,-3579090.0,0.8783333333333334,2404275.925925926,54
15min,30,150.0,150.0,200.0,True,500000.0,619,606,13,97.9,-1691310.0,0.71,2658785.0,67.9,-2732.3,15,2.0,-0.64,-56.38,-1000000.0,-238806.85185185185,-2256090.0,1.0218518518518518,1859992.5,54
15min,30,150.0,150.0,250.0,False,500000.0,589,571,18,96.94,-2059730.0,0.78,3394690.0,79.43,-3497.0,15,2.19,-0.61,-68.66,-1000000.0,-1347433.0555555555,-3579090.0,0.8294444444444444,2669478.3333333335,36
15min,30,150.0,150.0,250.0,True,500000.0,609,595,14,97.7,-1059310.0,0.82,2228475.0,54.24,-1739.4,15,2.1,-0.48,-35.31,-1000000.0,-409869.72222222225,-2256090.0,0.9455555555555555,2029926.5277777778,36
15min,30,150.0,200.0,100.0,False,500000.0,676,672,4,99.41,592270.0,1.29,730155.0,23.13,876.1,15,1.04,0.81,19.74,12414.293122633742,121768.88888888889,-2912360.0,56.67444444444445,1490251.851851852,54
15min,30,150.0,200.0,100.0,True,500000.0,680,676,4,99.41,1261680.0,2.24,627795.0,16.86,1855.4,15,1.03,2.01,42.06,51785.80967536008,356760.55555555556,-1241870.0,808.0405555555556,1274221.7592592593,54
15min,30,150.0,200.0,150.0,False,500000.0,602,594,8,98.67,-269830.0,0.93,1674955.0,45.53,-448.2,15,1.48,-0.16,-8.99,-1000000.0,-89377.90123456791,-3078710.0,38.1437037037037,1734049.8148148148,81
15min,30,150.0,200.0,150.0,True,500000.0,611,605,6,99.02,834820.0,1.41,767445.0,18.56,1366.3,15,1.45,1.09,27.83,23095.199060995274,209225.80246913582,-1958090.0,696.2533333333333,1448079.5679012346,81
15min,30,150.0,200.0,200.0,False,500000.0,586,575,11,98.12,-1068610.0,0.81,2760100.0,66.85,-1823.6,15,1.58,-0.39,-35.62,-1000000.0,-487478.76543209876,-3579090.0,13.405802469135804,2169224.938271605,81
15min,30,150.0,200.0,200.0,True,500000.0,598,590,8,98.66,350010.0,1.11,1658535.0,36.57,585.3,15,1.53,0.21,11.67,429.73340360463345,6821.604938271605,-2256090.0,549.188024691358,1685020.3086419753,81
15min,30,150.0,200.0,250.0,False,500000.0,567,553,14,97.53,-1683280.0,0.76,2621560.0,78.34,-2968.7,15,1.71,-0.64,-56.11,-1000000.0,-702259.074074074,-3579090.0,1.0142592592592594,2375238.3333333335,54
15min,30,150.0,250.0,100.0,True,500000.0,659,657,2,99.7,768000.0,1.77,943560.0,21.62,1165.4,15,0.88,0.81,25.6,141141.46930720305,601598.7037037037,-850330.0,845.2179629629629,1012947.9629629629,54
15min,30,150.0,200.0,250.0,True,500000.0,587,578,9,98.47,394000.0,1.11,1667560.0,36.39,671.2,15,1.63,0.24,13.13,-1000000.0,-123801.11111111111,-2256090.0,236.86,1824620.0,54
15min,30,150.0,250.0,150.0,False,500000.0,597,592,5,99.16,477970.0,1.19,1572525.0,34.45,800.6,15,1.18,0.3,15.93,43684.58412557537,360220.4938271605,-1898570.0,63.016049382716055,1393641.049382716,81
15min,30,150.0,250.0,100.0,False,500000.0,654,651,3,99.54,596030.0,1.4,1286565.0,28.37,911.4,15,0.89,0.46,19.87,75749.75187685185,479216.6666666667,-1343240.0,93.90685185185184,1209650.2777777778,54
15min,30,150.0,250.0,150.0,True,500000.0,602,598,4,99.34,422090.0,1.21,1304770.0,30.48,701.1,15,1.16,0.32,14.07,89183.09589124183,513701.1111111111,-850330.0,721.0825925925926,1150938.3333333333,81
15min,30,150.0,250.0,200.0,False,500000.0,562,555,7,98.75,272790.0,1.08,2301835.0,49.92,485.4,15,1.34,0.12,9.09,16645.935484237158,256729.5061728395,-2195320.0,13.629012345679014,1675807.9012345679,81
15min,30,150.0,250.0,200.0,True,500000.0,571,565,6,98.95,311090.0,1.12,1504920.0,37.02,544.8,15,1.31,0.21,10.37,59652.378336534064,463570.3703703704,-850330.0,549.3608641975309,1356598.4567901234,81
15min,30,150.0,250.0,250.0,False,500000.0,550,541,9,98.36,-104480.0,0.98,2178725.0,54.65,-190.0,15,1.39,-0.05,-3.48,3914.911218974911,161309.62962962964,-2195320.0,1.2044444444444447,1798500.0925925926,54
15min,30,150.0,250.0,250.0,True,500000.0,558,551,7,98.75,185640.0,1.06,1415060.0,42.23,332.7,15,1.38,0.13,6.19,45754.56999562756,420097.22222222225,-801280.0,237.0192592592593,1455428.7962962964,54
15min,30,150.0,300.0,100.0,False,500000.0,643,641,2,99.69,782700.0,1.78,936895.0,21.24,1217.3,13,0.74,0.84,26.09,178809.73013467953,765564.8148148148,-543360.0,186.56999999999996,1056599.8148148148,54
15min,30,150.0,300.0,100.0,True,500000.0,646,644,2,99.69,532860.0,1.53,936895.0,22.33,824.9,13,0.74,0.57,17.76,182468.7276088785,680014.4444444445,-850330.0,1948.9892592592598,925956.2037037037,54
15min,30,150.0,300.0,150.0,False,500000.0,576,572,4,99.31,454560.0,1.23,1292395.0,29.9,789.2,13,1.02,0.35,15.15,140919.1663913389,723572.3456790124,-543360.0,124.85444444444445,1189550.9259259258,81
15min,30,150.0,300.0,150.0,True,500000.0,581,577,4,99.31,-10130.0,0.99,1347495.0,33.99,-17.4,13,1.01,-0.01,-0.34,147999.55594654477,644623.9506172839,-850330.0,1456.9948148148148,1021783.024691358,81
15min,30,150.0,300.0,200.0,False,500000.0,551,545,6,98.91,114080.0,1.04,1477065.0,47.51,207.0,13,1.11,0.08,3.8,119858.46315940196,802585.8024691358,-543360.0,26.193209876543204,1384848.024691358,81
15min,30,150.0,300.0,250.0,False,500000.0,535,529,6,98.88,855240.0,1.28,1451565.0,46.48,1598.6,13,1.18,0.59,28.51,87122.96056425491,834209.2592592592,-173270.0,1.4368518518518518,1452065.1851851852,54
15min,30,150.0,300.0,200.0,True,500000.0,564,559,5,99.11,-43050.0,0.98,1286495.0,34.6,-76.3,13,1.08,-0.03,-1.44,126558.60769325115,683868.3950617284,-850330.0,561.893086419753,1187754.6296296297,81
15min,30,150.0,350.0,100.0,True,500000.0,642,641,1,99.84,887620.0,2.77,845945.0,20.86,1382.6,12,0.62,1.05,29.59,196655.03943662308,691433.6111111111,-850330.0,1712.6427777777778,871535.1388888889,36
15min,30,150.0,350.0,150.0,False,500000.0,561,557,4,99.29,133550.0,1.07,1236105.0,34.99,238.1,12,0.86,0.11,4.45,190670.5932644618,771960.1851851852,-506510.0,131.04999999999998,1055872.6851851852,54
15min,30,150.0,350.0,150.0,True,500000.0,566,563,3,99.47,352570.0,1.23,1096030.0,35.06,622.9,12,0.86,0.32,11.75,173209.30647374268,684225.1851851852,-850330.0,1142.246851851852,955491.7592592592,54
15min,30,150.0,300.0,250.0,True,500000.0,551,546,5,99.09,342560.0,1.14,1413105.0,34.26,621.7,13,1.14,0.24,11.42,129571.93311592992,727146.4814814815,-374640.0,237.26500000000001,1233940.648148148,54
15min,30,150.0,350.0,100.0,False,500000.0,640,639,1,99.84,1046710.0,3.09,845945.0,20.19,1635.5,12,0.62,1.24,34.89,223850.52126651883,793059.1666666666,-506510.0,195.88444444444443,943809.4444444445,36
15min,30,150.0,350.0,200.0,False,500000.0,545,541,4,99.27,746050.0,1.37,1166805.0,33.94,1368.9,12,0.92,0.64,24.87,179117.538591703,888565.1851851852,-256660.0,20.059444444444445,1227710.5555555555,54
15min,30,150.0,350.0,200.0,True,500000.0,551,548,3,99.46,891790.0,1.59,1091100.0,34.41,1618.5,12,0.91,0.82,29.73,164141.57794438553,776763.3333333334,-850330.0,20.079444444444448,1114093.9814814816,54
15min,30,150.0,350.0,250.0,False,500000.0,523,518,5,99.04,797540.0,1.32,1567515.0,50.3,1524.9,12,1.01,0.51,26.58,144940.8340069034,957269.4444444445,-59910.0,1.4633333333333334,1284718.611111111,36
15min,30,150.0,350.0,250.0,True,500000.0,533,530,3,99.44,1296160.0,1.86,1149335.0,35.89,2431.8,12,0.99,1.13,43.21,152106.69443292377,866551.6666666666,-374640.0,1.5530555555555556,1143907.5,36
15min,30,200.0,150.0,100.0,False,500000.0,417,412,5,98.8,-534520.0,0.81,1460360.0,47.69,-1281.8,15,1.47,-0.37,-17.82,14894.613380913252,157381.11111111112,-1697410.0,1.120277777777778,1155205.8333333333,36
15min,30,200.0,150.0,100.0,True,500000.0,417,409,8,98.08,-970300.0,0.66,1689980.0,55.19,-2326.9,15,1.46,-0.57,-32.34,17506.6907504826,152501.11111111112,-970300.0,1.2055555555555557,1047765.6944444445,36
15min,30,200.0,150.0,150.0,False,500000.0,395,386,9,97.72,-1697410.0,0.65,2461850.0,75.42,-4297.2,15,1.9,-0.69,-56.58,-1000000.0,-58509.25925925926,-1898570.0,1.0755555555555556,1404893.5185185184,54
15min,30,200.0,150.0,150.0,True,500000.0,398,389,9,97.74,-930720.0,0.72,2068665.0,66.18,-2338.5,15,1.85,-0.45,-31.02,46.595525538425925,526.1111111111111,-1958090.0,1.1366666666666667,1220827.5,54
15min,30,200.0,150.0,200.0,False,500000.0,373,363,10,97.32,-1065250.0,0.8,2612805.0,68.05,-2855.9,15,2.29,-0.41,-35.51,-1000000.0,-680334.8148148148,-2841080.0,0.9390740740740741,1972297.5,54
15min,30,200.0,150.0,250.0,False,500000.0,357,342,15,95.8,-2841080.0,0.64,4128445.0,96.92,-7958.2,15,2.58,-0.69,-94.7,-1000000.0,-1056349.1666666667,-2841080.0,0.87,2292645.972222222,36
15min,30,200.0,150.0,200.0,True,500000.0,378,369,9,97.62,-840660.0,0.78,2369205.0,72.79,-2224.0,15,2.24,-0.35,-28.02,-1000000.0,-267342.4074074074,-1960160.0,1.0188888888888887,1486361.111111111,54
15min,30,200.0,200.0,150.0,True,500000.0,392,389,3,99.23,831870.0,1.83,571840.0,17.35,2122.1,15,1.44,1.45,27.73,52544.16318706447,285425.55555555556,-1958090.0,1101.8033333333335,1079546.975308642,81
15min,30,200.0,150.0,250.0,True,500000.0,365,353,12,96.71,-1960160.0,0.63,2393430.0,70.28,-5370.3,15,2.51,-0.82,-65.34,-1000000.0,-473053.05555555556,-1960160.0,0.9308333333333331,1664412.638888889,36
15min,30,200.0,200.0,100.0,False,500000.0,410,407,3,99.27,153890.0,1.1,666990.0,20.17,375.3,15,1.17,0.23,5.13,83296.62736504457,443060.9259259259,-1697410.0,130.79666666666668,1059986.7592592593,54
15min,30,200.0,200.0,100.0,True,500000.0,411,408,3,99.27,369570.0,1.37,581830.0,18.87,899.2,15,1.16,0.64,12.32,87168.75380499313,409062.5925925926,-970300.0,1416.2424074074074,934530.3703703703,54
15min,30,200.0,200.0,150.0,False,500000.0,389,384,5,98.71,-167460.0,0.93,1264340.0,40.66,-430.5,15,1.47,-0.13,-5.58,40347.36730934156,278223.3333333333,-1898570.0,87.64382716049383,1274910.4320987654,81
15min,30,200.0,200.0,200.0,False,500000.0,357,347,10,97.2,-1898570.0,0.62,2660080.0,83.98,-5318.1,15,1.9,-0.71,-63.29,-1000000.0,-148097.16049382716,-2841080.0,25.94679012345679,1721956.913580247,81
15min,30,200.0,200.0,200.0,True,500000.0,361,354,7,98.06,-801280.0,0.73,1766595.0,50.06,-2219.6,15,1.86,-0.45,-26.71,10575.664712391403,76706.17283950618,-1960160.0,917.7786419753087,1310637.962962963,81
15min,30,200.0,200.0,250.0,False,500000.0,349,337,12,96.56,-2195320.0,0.64,3185560.0,99.22,-6290.3,15,2.07,-0.69,-73.18,-1000000.0,-428136.2962962963,-2841080.0,1.2066666666666666,1979019.9074074074,54
15min,30,200.0,200.0,250.0,True,500000.0,356,349,7,98.03,-515460.0,0.83,1587230.0,44.31,-1447.9,15,1.97,-0.32,-17.18,-1000000.0,-89638.33333333333,-1960160.0,237.01444444444442,1456170.8333333333,54
15min,30,200.0,250.0,100.0,False,500000.0,405,403,2,99.51,380290.0,1.38,1150970.0,28.92,939.0,14,0.96,0.33,12.68,204243.04191501852,727412.0370370371,-269830.0,278.96296296296293,828685.0925925926,54
15min,30,200.0,250.0,100.0,True,500000.0,405,402,3,99.26,619060.0,2.24,743030.0,19.34,1528.5,14,0.95,0.83,20.64,266028.18005653535,733618.3333333334,-129020.0,1997.743703703704,692103.7037037037,54
15min,30,200.0,250.0,150.0,False,500000.0,372,369,3,99.19,512240.0,1.34,1488100.0,34.34,1377.0,14,1.25,0.34,17.07,124509.86710157596,627036.0493827161,-1898570.0,186.55543209876546,1007155.4320987654,81
15min,30,200.0,250.0,150.0,True,500000.0,374,369,5,98.66,494600.0,1.49,1184790.0,28.89,1322.5,14,1.24,0.42,16.49,196469.88596006107,655636.4197530864,-801280.0,1489.5834567901231,809058.6419753087,81
15min,30,200.0,250.0,200.0,False,500000.0,346,341,5,98.55,229720.0,1.09,1332480.0,35.66,663.9,14,1.56,0.17,7.66,60768.693918847726,447047.4074074074,-2195320.0,63.27197530864197,1320332.7777777778,81
15min,30,200.0,250.0,200.0,True,500000.0,350,343,7,98.0,460100.0,1.31,1117240.0,28.47,1314.6,14,1.53,0.41,15.34,116997.7483875953,557920.1234567901,-995020.0,1243.9492592592592,1017899.3827160494,81
15min,30,200.0,300.0,150.0,False,500000.0,365,363,2,99.45,911830.0,1.91,1130460.0,25.13,2498.2,13,1.07,0.81,30.39,343681.3837212859,944646.2962962963,80060.0,359.3106172839506,848427.0987654321,81
15min,30,200.0,250.0,250.0,False,500000.0,342,337,5,98.54,906290.0,1.36,1178310.0,31.47,2650.0,14,1.63,0.77,30.21,24304.45062884026,305248.14814814815,-2195320.0,1.5896296296296297,1499116.388888889,54
15min,30,200.0,300.0,100.0,False,500000.0,396,395,1,99.75,728010.0,2.45,648880.0,16.5,1838.4,11,0.83,1.12,24.27,442520.568048088,987979.6296296297,133550.0,482.5651851851854,709334.9074074074,54
15min,30,200.0,250.0,250.0,True,500000.0,346,339,7,97.98,831470.0,1.55,1047010.0,25.25,2403.1,14,1.6,0.79,27.72,80534.59528888887,466880.0,-995020.0,237.3366666666667,1137523.611111111,54
15min,30,200.0,300.0,100.0,True,500000.0,397,395,2,99.5,522120.0,2.04,663130.0,17.61,1315.2,11,0.83,0.79,17.4,346472.64173491515,850698.8888888889,-129020.0,5891.021481481481,642864.074074074,54
15min,30,200.0,300.0,150.0,True,500000.0,367,364,3,99.18,491760.0,1.49,1130460.0,27.13,1339.9,13,1.07,0.44,16.39,294618.6409824455,818630.0,-129020.0,5506.820000000001,736552.4074074074,81
15min,30,200.0,300.0,200.0,False,500000.0,341,337,4,98.83,448290.0,1.22,1283590.0,41.38,1314.6,13,1.31,0.35,14.94,252250.48705100658,959296.0493827161,-104480.0,162.13506172839507,1061510.2469135802,81
15min,30,200.0,300.0,200.0,True,500000.0,345,340,5,98.55,-97670.0,0.95,1283590.0,41.38,-283.1,13,1.29,-0.08,-3.26,248137.4772347271,824448.6419753087,-129020.0,4162.618765432098,907423.086419753,81
15min,30,200.0,300.0,250.0,False,500000.0,331,327,4,98.79,935790.0,1.47,1255320.0,40.21,2827.2,13,1.4,0.75,31.19,211870.79643259197,926616.1111111111,-104480.0,75.80203703703702,1169439.9074074074,54
15min,30,200.0,300.0,250.0,True,500000.0,339,334,5,98.53,210560.0,1.11,1287210.0,41.23,621.1,13,1.37,0.16,7.02,224816.36675463352,812978.7037037037,-97670.0,2854.467777777778,979073.8888888889,54
15min,30,200.0,350.0,100.0,False,500000.0,394,394,0,100.0,1107300.0,999.99,313355.0,8.9,2810.4,10,0.74,3.53,36.91,474942.84915277414,974759.1666666666,133550.0,528.7730555555556,629228.0555555555,36
15min,30,200.0,350.0,100.0,True,500000.0,395,394,1,99.75,1035120.0,25879.0,313355.0,8.9,2620.6,10,0.73,3.3,34.5,335950.31768346776,814955.5555555555,-129020.0,6713.374166666666,610266.25,36
15min,30,200.0,350.0,150.0,False,500000.0,358,357,1,99.72,1049590.0,3.09,804980.0,19.47,2931.8,12,0.94,1.3,34.99,373569.3176724114,941125.1851851852,80060.0,408.57574074074086,765168.5185185185,54
15min,30,200.0,350.0,150.0,True,500000.0,359,357,2,99.44,846580.0,2.69,804980.0,20.27,2358.2,12,0.94,1.05,28.22,290856.02169751585,800332.7777777778,-129020.0,6608.661666666668,706335.6481481482,54
15min,30,200.0,350.0,200.0,False,500000.0,334,331,3,99.1,478330.0,1.32,1082730.0,35.01,1432.1,12,1.13,0.44,15.94,317952.2310948691,980755.0,80060.0,205.22148148148148,981627.5,54
15min,30,250.0,150.0,100.0,True,500000.0,275,271,4,98.55,-260630.0,0.85,1234645.0,40.73,-947.7,15,1.6,-0.21,-8.69,76644.11719359567,329622.77777777775,-970300.0,8728.464166666667,837396.5277777778,36
15min,30,250.0,150.0,150.0,True,500000.0,265,259,6,97.74,-851700.0,0.69,1552445.0,50.91,-3214.0,15,2.02,-0.55,-28.39,71717.0973399554,333437.5925925926,-991560.0,9687.486481481481,924579.9074074074,54
15min,30,250.0,150.0,150.0,False,500000.0,265,260,5,98.11,-175430.0,0.94,1232455.0,40.25,-662.0,15,2.06,-0.14,-5.85,83151.51173854936,424752.037037037,-1898570.0,204.88648148148147,1021175.8333333334,54
15min,30,200.0,350.0,200.0,True,500000.0,336,332,4,98.81,196270.0,1.13,1082730.0,35.01,584.1,12,1.12,0.18,6.54,262871.1788789808,854271.2962962963,-129020.0,4868.279074074074,881538.7962962963,54
15min,30,200.0,350.0,250.0,False,500000.0,331,328,3,99.09,904280.0,1.6,1115040.0,35.87,2732.0,12,1.18,0.81,30.14,285325.4436665384,975779.4444444445,80060.0,112.76305555555557,1078275.9722222222,36
15min,30,250.0,150.0,100.0,False,500000.0,275,272,3,98.91,159470.0,1.09,1028575.0,33.94,579.9,15,1.63,0.16,5.32,105614.75590087193,472773.05555555556,-1697410.0,223.37499999999997,883029.0277777778,36
15min,30,200.0,350.0,250.0,True,500000.0,333,329,4,98.8,556720.0,1.37,1115040.0,35.87,1671.8,12,1.17,0.5,18.56,253672.9999990185,880872.5,-97670.0,3927.110833333333,948767.2222222222,36
15min,30,250.0,150.0,200.0,False,500000.0,258,249,9,96.51,-1609070.0,0.66,2377335.0,72.35,-6236.7,15,2.42,-0.68,-53.64,4638.067758587106,43931.2962962963,-2841080.0,130.96888888888887,1472122.5925925926,54
15min,30,250.0,150.0,200.0,True,500000.0,259,252,7,97.3,-991560.0,0.69,1765910.0,57.07,-3828.4,15,2.33,-0.56,-33.05,44872.90176208847,249749.07407407407,-1960160.0,11707.032407407407,1101640.2777777778,54
15min,30,250.0,150.0,250.0,True,500000.0,251,243,8,96.81,-1510560.0,0.64,2154380.0,66.83,-6018.2,15,2.63,-0.7,-50.35,27340.91407666667,172380.0,-1960160.0,12682.641388888887,1206958.0555555555,36
15min,30,250.0,150.0,250.0,False,500000.0,249,237,12,95.18,-2492090.0,0.6,3089695.0,89.04,-10008.4,15,2.77,-0.81,-83.07,-1000000.0,-173036.11111111112,-2841080.0,84.74583333333334,1716812.5,36
15min,30,250.0,200.0,100.0,False,500000.0,274,271,3,98.91,-214810.0,0.86,998585.0,33.03,-784.0,15,1.28,-0.22,-7.16,158907.82019115225,653135.5555555555,-1697410.0,371.37037037037044,783500.4629629629,54
15min,30,250.0,200.0,100.0,True,500000.0,275,271,4,98.55,88140.0,1.09,637615.0,21.09,320.5,15,1.27,0.14,2.94,134929.01433310698,526499.6296296297,-970300.0,8355.299444444445,718621.9444444445,54
15min,30,250.0,200.0,150.0,False,500000.0,260,256,4,98.46,-229020.0,0.89,801745.0,26.39,-880.8,15,1.6,-0.29,-7.63,142987.0338208581,642674.6913580247,-1898570.0,322.11493827160496,887562.9012345679,81
15min,30,250.0,200.0,150.0,True,500000.0,262,257,5,98.09,355290.0,1.35,582100.0,18.83,1356.1,15,1.58,0.61,11.84,131112.49736215817,541213.8271604938,-991560.0,8557.907901234568,788718.1481481482,81
15min,30,250.0,200.0,200.0,False,500000.0,252,248,4,98.41,428430.0,1.21,818565.0,26.7,1700.1,15,1.83,0.52,14.28,66572.47208464258,434109.5061728395,-2841080.0,186.67407407407407,1233229.5061728396,81
15min,30,250.0,200.0,200.0,True,500000.0,254,249,5,98.03,709780.0,1.7,574880.0,17.7,2794.4,15,1.8,1.23,23.66,103306.99168770004,490422.962962963,-1960160.0,9172.667530864199,946756.1728395062,81
15min,30,250.0,200.0,250.0,False,500000.0,243,233,10,95.88,-2129540.0,0.58,2721865.0,88.04,-8763.5,15,2.25,-0.78,-70.98,35401.87733898834,301113.51851851854,-2841080.0,112.76944444444445,1412150.648148148,54
15min,30,250.0,250.0,100.0,False,500000.0,270,270,0,100.0,1139130.0,999.99,436480.0,14.45,4219.0,13,1.11,2.61,37.97,324957.4558102341,828873.3333333334,-229020.0,574.7592592592594,570608.425925926,54
15min,30,250.0,250.0,100.0,True,500000.0,271,271,0,100.0,974800.0,999.99,436480.0,14.45,3597.0,13,1.11,2.23,32.49,351843.6449957784,767759.6296296297,-81700.0,8765.118888888888,481746.94444444444,54
15min,30,250.0,250.0,150.0,False,500000.0,259,258,1,99.61,1083080.0,3.17,624330.0,14.99,4181.8,13,1.31,1.73,36.1,265377.4657211601,847588.3950617284,-1898570.0,494.7365432098765,666269.012345679,81
15min,30,250.0,200.0,250.0,True,500000.0,246,238,8,96.75,-995020.0,0.67,1776360.0,52.61,-4044.8,15,2.17,-0.56,-33.17,83788.10372016461,432455.55555555556,-1960160.0,9068.510925925926,1031251.8518518518,54
15min,30,250.0,250.0,200.0,False,500000.0,247,245,2,99.19,1105000.0,2.1,639420.0,19.49,4473.7,13,1.57,1.73,36.83,188662.24209561042,857892.5925925926,-2195320.0,322.3981481481482,900432.0370370371,81
15min,30,250.0,250.0,150.0,True,500000.0,260,259,1,99.62,1201890.0,8585.93,436480.0,14.39,4622.7,13,1.3,2.75,40.06,304343.13980474806,764455.8024691358,-801280.0,8746.46098765432,561185.2469135802,81
15min,30,250.0,250.0,200.0,True,500000.0,248,246,2,99.19,1009210.0,3.02,521675.0,16.33,4069.4,13,1.56,1.93,33.64,252299.29784091504,790582.4691358025,-995020.0,9250.911604938272,722072.0987654321,81
15min,30,250.0,250.0,250.0,False,500000.0,241,238,3,98.76,1218500.0,1.81,1013465.0,23.73,5056.0,13,1.8,1.2,40.62,159434.74912386146,820124.6296296297,-2195320.0,223.92999999999998,1027984.6296296297,54
15min,30,250.0,250.0,250.0,True,500000.0,242,239,3,98.76,840110.0,1.84,723510.0,18.79,3471.5,13,1.79,1.16,28.0,199061.28462490963,752204.074074074,-995020.0,8795.452407407407,812051.2037037037,54
15min,30,250.0,300.0,100.0,False,500000.0,269,269,0,100.0,938530.0,999.99,329245.0,10.9,3489.0,11,0.87,2.85,31.28,690515.7153746716,977993.3333333334,380290.0,759.81537037037,457296.94444444444,54
15min,30,250.0,300.0,100.0,True,500000.0,269,269,0,100.0,822430.0,999.99,329245.0,10.9,3057.4,11,0.87,2.5,27.41,626111.298396685,869115.0,320370.0,7196.778333333333,417663.24074074073,54
15min,30,250.0,300.0,150.0,False,500000.0,256,256,0,100.0,1382690.0,999.99,379770.0,10.86,5401.1,11,1.09,3.64,46.09,581029.7203099235,1024443.7037037037,229720.0,655.1137037037035,535566.2962962963,81
15min,30,250.0,300.0,150.0,True,500000.0,257,256,1,99.61,1055240.0,11725.89,329245.0,10.86,4106.0,11,1.07,3.21,35.17,417464.6201225939,892217.5308641975,-97670.0,6702.55987654321,486250.1234567901,81
15min,30,250.0,300.0,200.0,False,500000.0,245,244,1,99.59,1477420.0,3.95,737430.0,15.62,6030.3,13,1.31,2.0,49.25,590243.7745469799,1173173.4567901234,229720.0,458.0712345679012,688633.6419753087,81
15min,30,250.0,300.0,200.0,True,500000.0,246,243,3,98.78,967970.0,2.93,737430.0,17.21,3934.8,13,1.29,1.31,32.27,410566.75545738946,978815.3086419753,-97670.0,4835.34975308642,626419.074074074,81
15min,30,250.0,350.0,100.0,False,500000.0,267,267,0,100.0,803800.0,999.99,260855.0,8.64,3010.5,9,0.76,3.08,26.79,769269.5674953343,960059.7222222222,486620.0,806.0425000000001,393723.75,36
15min,30,250.0,300.0,250.0,False,500000.0,235,233,2,99.15,1431570.0,2.43,1042110.0,21.39,6091.8,13,1.54,1.37,47.72,562659.8803924737,1204947.4074074074,229720.0,353.367962962963,762206.4814814815,54
15min,30,250.0,300.0,250.0,True,500000.0,236,232,4,98.31,791120.0,1.79,1098460.0,25.08,3352.2,13,1.52,0.72,26.37,385832.81394447957,990144.074074074,-97670.0,3453.335925925925,688987.7777777778,54
15min,30,250.0,350.0,150.0,False,500000.0,252,252,0,100.0,1368890.0,999.99,321735.0,10.24,5432.1,9,1.0,4.25,45.63,679293.4901377283,997405.5555555555,401710.0,704.3846296296294,493180.9259259259,54
15min,30,250.0,350.0,150.0,True,500000.0,253,252,1,99.6,1264110.0,31603.75,321735.0,10.32,4996.5,9,1.0,3.93,42.14,398631.4093787863,859943.1481481482,-97670.0,6904.464444444444,470877.8703703704,54
15min,30,250.0,350.0,100.0,True,500000.0,267,266,1,99.63,760100.0,19003.5,260855.0,8.64,2846.8,9,0.76,2.91,25.34,621846.9477787103,843545.8333333334,320370.0,6990.682499999999,385958.47222222225,36
15min,30,250.0,350.0,200.0,False,500000.0,245,245,0,100.0,1725920.0,999.99,321735.0,10.09,7044.6,9,1.11,5.36,57.53,675696.7340171684,1152527.2222222222,401710.0,538.0646296296298,655228.7962962963,54
15min,30,250.0,350.0,200.0,True,500000.0,246,245,1,99.59,1549040.0,38727.0,321735.0,10.2,6296.9,9,1.1,4.81,51.63,403230.10524840245,982337.5925925926,-97670.0,5201.05574074074,621134.6296296297,54
15min,30,250.0,350.0,250.0,True,500000.0,234,231,3,98.72,1352410.0,3.7,705135.0,16.21,5779.5,11,1.32,1.92,45.08,380528.5675822148,1008912.7777777778,-97670.0,4259.878888888888,693561.9444444445,36
15min,30,250.0,350.0,250.0,False,500000.0,231,230,1,99.57,1629150.0,4.26,705135.0,15.42,7052.6,11,1.34,2.31,54.3,635442.1836367345,1182714.7222222222,401710.0,445.64361111111106,741896.25,36
15min,30,300.0,150.0,100.0,False,500000.0,186,185,1,99.46,1100750.0,3.2,630220.0,18.33,5918.0,15,1.7,1.75,36.69,219334.76323396328,779321.6666666666,-229020.0,334.5420833333334,693150.8333333334,24
15min,30,300.0,150.0,100.0,True,500000.0,186,184,2,98.92,819500.0,2.64,630220.0,18.46,4405.9,15,1.69,1.3,27.32,129363.73316876733,493579.5833333333,-851700.0,13092.09625,689535.2083333334,24
15min,30,300.0,150.0,150.0,False,500000.0,184,183,1,99.46,1638210.0,4.27,700195.0,19.82,8903.3,15,2.05,2.34,54.61,208268.6240647222,840101.6666666666,-1609070.0,306.84694444444443,760455.8333333334,36
15min,30,300.0,150.0,150.0,True,500000.0,184,182,2,98.91,1121780.0,3.24,700195.0,20.01,6096.6,15,2.02,1.6,37.39,142190.3474861574,556048.3333333334,-991560.0,14530.679722222223,721420.9722222222,36
15min,30,300.0,150.0,200.0,False,500000.0,179,177,2,98.88,1650910.0,2.65,690685.0,18.79,9223.0,15,2.4,2.39,55.03,112222.08933064813,610933.0555555555,-2492090.0,196.03944444444443,1081551.6666666667,36
15min,30,300.0,150.0,200.0,True,500000.0,181,179,2,98.9,1460920.0,3.92,681695.0,19.03,8071.4,15,2.31,2.14,48.7,122879.9390930864,544335.2777777778,-1826050.0,17560.03861111111,871284.4444444445,36
15min,30,300.0,150.0,250.0,False,500000.0,178,174,4,97.75,1186810.0,1.59,1403070.0,30.0,6667.5,15,2.68,0.85,39.56,68028.54828395831,463021.25,-2492090.0,126.73791666666666,1265384.1666666667,24
15min,30,300.0,200.0,150.0,False,500000.0,182,182,0,100.0,1506820.0,999.99,450020.0,13.47,8279.2,13,1.55,3.35,50.23,309671.2152655111,956135.1851851852,-1609070.0,445.5746296296299,642812.5,54
15min,30,300.0,150.0,250.0,True,500000.0,180,178,2,98.89,1724320.0,4.45,662745.0,18.14,9579.6,15,2.56,2.6,57.48,115587.34078326386,543881.6666666666,-1826050.0,19023.527916666666,937385.2083333334,24
15min,30,300.0,200.0,100.0,False,500000.0,185,185,0,100.0,1116110.0,999.99,450020.0,13.77,6033.0,13,1.32,2.48,37.2,317449.70288730203,880985.2777777778,-229020.0,500.9902777777778,584391.6666666666,36
15min,30,300.0,200.0,100.0,True,500000.0,185,183,2,98.92,923700.0,46186.0,237540.0,7.32,4993.0,12,1.32,3.89,30.79,203602.5204283915,650551.9444444445,-851700.0,11625.105555555554,569506.25,36
15min,30,300.0,200.0,150.0,True,500000.0,183,181,2,98.91,1111170.0,55559.5,443165.0,11.17,6072.0,13,1.56,2.51,37.04,209704.90218725987,708602.4074074074,-991560.0,11995.632222222224,603258.6111111111,54
15min,30,300.0,200.0,200.0,False,500000.0,179,179,0,100.0,1943060.0,999.99,450020.0,13.16,10855.1,13,1.72,4.32,64.77,185828.94881934838,848875.1851851852,-2492090.0,260.9474074074074,905440.0925925926,54
15min,30,300.0,200.0,200.0,True,500000.0,180,178,2,98.89,1324360.0,66219.0,443165.0,10.72,7357.6,13,1.73,2.99,44.15,177624.75694507538,704491.8518518518,-1826050.0,12936.318148148146,739341.2962962963,54
15min,30,300.0,200.0,250.0,True,500000.0,176,174,2,98.86,1588470.0,79424.5,443165.0,10.19,9025.4,13,2.01,3.58,52.95,166208.3469917824,693884.7222222222,-1826050.0,13248.49138888889,802334.5833333334,36
15min,30,300.0,200.0,250.0,False,500000.0,174,173,1,99.43,2049270.0,5.1,627555.0,15.91,11777.4,13,2.04,3.27,68.31,146341.12452565585,770006.9444444445,-2492090.0,168.57638888888889,1049741.5277777778,36
15min,30,300.0,250.0,100.0,False,500000.0,184,184,0,100.0,817110.0,999.99,161545.0,5.08,4440.8,10,1.05,5.06,27.24,403928.97581420396,901906.9444444445,-229020.0,778.1355555555558,410723.19444444444,36
15min,30,300.0,250.0,100.0,True,500000.0,184,183,1,99.46,754410.0,18861.25,161545.0,5.08,4100.1,10,1.05,4.67,25.15,399453.69071139855,804673.6111111111,-81700.0,12211.933611111112,356139.44444444444,36
15min,30,300.0,250.0,150.0,False,500000.0,181,181,0,100.0,1185600.0,999.99,325050.0,9.95,6550.3,10,1.31,3.65,39.52,466235.7363079318,1041276.6666666666,-229020.0,685.8616666666666,447921.2037037037,54
15min,30,300.0,250.0,150.0,True,500000.0,181,179,2,98.9,954250.0,5302.39,314215.0,8.19,5272.1,10,1.31,3.04,31.81,433008.1594751711,879635.3703703703,-81700.0,12259.852777777778,397474.9074074074,54
15min,30,300.0,250.0,200.0,False,500000.0,175,175,0,100.0,1582530.0,999.99,353620.0,9.92,9043.0,10,1.5,4.48,52.75,393130.295162839,1148181.6666666667,-2129540.0,464.41240740740756,629761.9444444445,54
15min,30,300.0,300.0,100.0,False,500000.0,185,185,0,100.0,674490.0,999.99,235895.0,7.42,3645.9,8,0.83,2.86,22.48,828354.6377568166,976548.6111111111,486620.0,944.6222222222223,299598.75,36
15min,30,300.0,250.0,250.0,False,500000.0,173,172,1,99.42,1410520.0,3.82,658300.0,20.61,8153.3,11,1.65,2.14,47.02,359841.6140655329,1198274.1666666667,-2129540.0,335.22722222222217,733282.6388888889,36
15min,30,300.0,300.0,100.0,True,500000.0,185,185,0,100.0,652640.0,999.99,132395.0,4.17,3527.8,8,0.83,4.93,21.75,769774.1746915308,886190.2777777778,486620.0,8231.598055555554,278566.80555555556,36
15min,30,300.0,300.0,150.0,False,500000.0,181,181,0,100.0,932730.0,999.99,236910.0,7.32,5153.2,8,1.0,3.94,31.09,872974.9905417708,1109530.9259259258,486620.0,852.3270370370367,345324.1666666667,54
15min,30,300.0,250.0,250.0,True,500000.0,173,170,3,98.27,928320.0,2.85,529325.0,16.68,5366.0,11,1.65,1.75,30.94,361031.8207646578,968024.1666666666,-995020.0,12838.843333333334,616273.6111111111,36
15min,30,300.0,250.0,200.0,True,500000.0,175,173,2,98.86,1201830.0,6677.83,353620.0,10.15,6867.6,10,1.5,3.4,40.06,394288.907030636,954707.9629629629,-995020.0,13053.60351851852,535806.2037037037,54
15min,30,300.0,300.0,150.0,True,500000.0,181,181,0,100.0,866030.0,999.99,236910.0,6.29,4784.7,8,1.0,3.66,28.87,822123.2780915553,981045.3703703703,486620.0,8108.759999999998,326088.8888888889,54
15min,30,300.0,300.0,200.0,False,500000.0,177,177,0,100.0,1212400.0,999.99,236910.0,7.18,6849.7,8,1.14,5.12,40.41,1046637.4677843137,1329781.2962962964,710550.0,649.2540740740741,464738.3333333333,54
15min,30,300.0,300.0,200.0,True,500000.0,177,177,0,100.0,1122700.0,999.99,236910.0,5.93,6342.9,8,1.14,4.74,37.42,901572.7552342799,1138548.7037037036,607670.0,6411.679074074073,437442.4074074074,54
15min,30,300.0,300.0,250.0,False,500000.0,175,175,0,100.0,1733700.0,999.99,407565.0,12.87,9906.9,10,1.29,4.25,57.79,1084625.4035191045,1424227.2222222222,1013770.0,529.2538888888889,532317.2222222222,36
15min,30,300.0,300.0,250.0,True,500000.0,175,175,0,100.0,1621000.0,999.99,407565.0,12.87,9262.9,10,1.29,3.98,54.03,903098.2135421536,1193347.5,607670.0,4825.5838888888875,504320.27777777775,36
15min,30,300.0,350.0,100.0,False,500000.0,184,184,0,100.0,583540.0,999.99,189435.0,6.04,3171.4,7,0.73,3.08,19.45,788822.1449436928,922666.6666666666,486620.0,999.9900000000001,265961.4583333333,24
15min,30,300.0,350.0,100.0,True,500000.0,184,184,0,100.0,583540.0,999.99,189435.0,6.04,3171.4,7,0.73,3.08,19.45,741960.0074931436,847037.0833333334,486620.0,8001.835,253126.04166666666,24
15min,30,300.0,350.0,150.0,False,500000.0,179,179,0,100.0,819190.0,999.99,210200.0,6.36,4576.5,7,0.89,3.9,27.31,856032.5753195062,1070195.2777777778,486620.0,916.9755555555556,314223.3333333333,36
15min,30,300.0,350.0,150.0,True,500000.0,179,179,0,100.0,819190.0,999.99,210200.0,6.36,4576.5,7,0.89,3.9,27.31,811789.4410974482,964712.7777777778,486620.0,8700.371388888889,305666.3888888889,36
15min,30,300.0,350.0,200.0,False,500000.0,174,174,0,100.0,1160450.0,999.99,315410.0,10.12,6669.3,8,1.05,3.68,38.68,1070396.5874572578,1332292.2222222222,710550.0,778.4994444444445,420499.02777777775,36
15min,30,300.0,350.0,200.0,True,500000.0,174,174,0,100.0,1160450.0,999.99,315410.0,10.12,6669.3,8,1.05,3.68,38.68,957668.8710803749,1195420.5555555555,710550.0,7773.079999999998,418436.1111111111,36
15min,30,300.0,350.0,250.0,False,500000.0,171,171,0,100.0,1401780.0,999.99,315410.0,10.06,8197.5,8,1.15,4.44,46.73,1129657.4709369822,1444351.6666666667,1013770.0,667.7541666666667,489247.7083333333,24
15min,30,300.0,350.0,250.0,True,500000.0,171,171,0,100.0,1401780.0,999.99,315410.0,10.06,8197.5,8,1.15,4.44,46.73,998082.5224073569,1293075.8333333333,791120.0,6389.166666666668,490363.75,24
15min,50,100.0,150.0,100.0,True,500000.0,901,895,6,99.33,750250.0,1.26,1754170.0,43.92,832.7,15,1.29,0.43,25.01,42735.50255732331,448024.5833333333,-1241870.0,1.3541666666666667,1295607.2916666667,24
15min,50,100.0,150.0,150.0,False,500000.0,849,836,13,98.47,-1492570.0,0.78,2123830.0,62.25,-1758.0,15,1.48,-0.7,-49.75,-1000000.0,-8413.055555555555,-2912360.0,1.1741666666666668,1739063.3333333333,36
15min,50,100.0,150.0,100.0,False,500000.0,895,887,8,99.11,-105720.0,0.98,1711440.0,52.0,-118.1,15,1.3,-0.06,-3.52,4238.555415170193,85318.75,-2912360.0,1.1795833333333332,1578842.2916666667,24
15min,50,100.0,150.0,150.0,True,500000.0,861,851,10,98.84,-577920.0,0.88,1998555.0,45.68,-671.2,15,1.46,-0.29,-19.26,22745.476563276028,320256.3888888889,-1691310.0,1.2847222222222223,1447174.5833333333,36
15min,50,100.0,150.0,200.0,False,500000.0,810,795,15,98.15,-1122780.0,0.86,2212275.0,69.77,-1386.1,15,1.63,-0.51,-37.43,-1000000.0,-453360.55555555556,-3579090.0,1.0799999999999998,2096466.111111111,36
15min,50,100.0,150.0,200.0,True,500000.0,832,821,11,98.68,58550.0,1.01,1686425.0,35.95,70.4,15,1.59,0.03,1.95,3142.53804953026,89856.38888888889,-2256090.0,1.1572222222222224,1697785.8333333333,36
15min,50,100.0,150.0,250.0,True,500000.0,798,783,15,98.12,-278490.0,0.95,1824595.0,40.68,-349.0,15,1.69,-0.15,-9.28,-1000000.0,-34667.083333333336,-2256090.0,1.0916666666666666,1831575.0,24
15min,50,100.0,150.0,250.0,False,500000.0,778,759,19,97.56,-2150160.0,0.78,2654695.0,83.17,-2763.7,15,1.74,-0.81,-71.67,-1000000.0,-689517.9166666666,-3579090.0,1.01875,2248885.2083333335,24
15min,50,100.0,200.0,100.0,False,500000.0,852,845,7,99.18,-235550.0,0.93,1894605.0,60.75,-276.5,15,1.05,-0.12,-7.85,41448.73158148147,357784.44444444444,-2912360.0,84.56694444444445,1420758.3333333333,36
15min,50,100.0,200.0,100.0,True,500000.0,867,861,6,99.31,788270.0,1.39,1064545.0,25.05,909.2,15,1.01,0.74,26.28,86933.79374993825,533499.4444444445,-1241870.0,814.1911111111112,1185249.4444444445,36
15min,50,100.0,200.0,150.0,False,500000.0,815,807,8,99.02,240900.0,1.06,1883370.0,59.36,295.6,15,1.16,0.13,8.03,21590.249370644713,268531.48148148146,-2912360.0,56.79277777777778,1597994.0740740742,54
15min,50,100.0,200.0,150.0,True,500000.0,832,825,7,99.16,830220.0,1.33,1231495.0,26.94,997.9,15,1.12,0.67,27.67,54356.93898185185,407180.0,-1691310.0,543.2131481481481,1332519.537037037,54
15min,50,100.0,200.0,200.0,False,500000.0,787,776,11,98.6,-319590.0,0.94,2283290.0,73.13,-406.1,15,1.25,-0.14,-10.65,-1000000.0,-32610.74074074074,-3579090.0,19.73574074074074,1922414.7222222222,54
15min,50,100.0,200.0,200.0,True,500000.0,807,798,9,98.88,396390.0,1.11,2078465.0,41.73,491.2,15,1.21,0.19,13.21,19423.612460768174,215737.03703703705,-2256090.0,200.0412962962963,1549831.2962962964,54
15min,50,100.0,200.0,250.0,False,500000.0,750,737,13,98.27,-817540.0,0.87,2249895.0,70.89,-1090.1,15,1.34,-0.36,-27.25,-1000000.0,-203191.38888888888,-3579090.0,1.1452777777777776,2067298.611111111,36
15min,50,100.0,200.0,250.0,True,500000.0,776,766,10,98.71,202610.0,1.05,2042090.0,43.89,261.1,15,1.3,0.1,6.75,4062.489385539054,103701.38888888889,-2256090.0,1.185277777777778,1669487.7777777778,36
15min,50,100.0,250.0,100.0,False,500000.0,838,835,3,99.64,1127380.0,1.75,866255.0,27.68,1345.3,14,0.84,1.3,37.58,105185.8879359259,622931.6666666666,-1343240.0,167.96694444444444,1155718.888888889,36
15min,50,100.0,250.0,150.0,False,500000.0,784,778,6,99.23,279350.0,1.09,2082970.0,46.09,356.3,14,0.95,0.13,9.31,85500.27916592594,608771.1111111111,-1343240.0,112.50851851851851,1297763.3333333333,54
15min,50,100.0,250.0,100.0,True,500000.0,847,842,5,99.41,783890.0,1.52,916660.0,29.58,925.5,14,0.83,0.86,26.13,183233.52167468186,730538.8888888889,-850330.0,897.6580555555556,926360.2777777778,36
15min,50,100.0,250.0,150.0,True,500000.0,799,792,7,99.12,158660.0,1.06,1619860.0,40.17,198.6,14,0.93,0.1,5.29,151830.35860379718,696253.7037037037,-850330.0,617.4598148148149,1031598.6111111111,54
15min,50,100.0,250.0,200.0,False,500000.0,741,734,7,99.06,371260.0,1.11,1993540.0,45.49,501.0,14,1.03,0.19,12.38,55789.02388183813,583730.925925926,-1796120.0,38.57851851851852,1522134.0740740742,54
15min,50,100.0,250.0,200.0,True,500000.0,763,754,9,98.82,-58350.0,0.98,1534780.0,41.71,-76.5,14,1.01,-0.04,-1.94,110472.12742726877,656499.6296296297,-850330.0,255.80962962962963,1206018.0555555555,54
15min,50,100.0,250.0,250.0,True,500000.0,735,725,10,98.64,287060.0,1.1,1408340.0,39.75,390.6,14,1.07,0.2,9.57,96962.01071785398,637212.2222222222,-374640.0,56.939166666666665,1290530.0,36
15min,50,100.0,250.0,250.0,False,500000.0,719,712,7,99.03,1096760.0,1.31,1864100.0,38.28,1525.4,14,1.07,0.59,36.56,30527.495813633675,535968.6111111111,-1796120.0,1.5344444444444443,1628806.25,36
15min,50,100.0,300.0,100.0,False,500000.0,811,808,3,99.63,690690.0,1.46,925510.0,29.85,851.7,12,0.71,0.75,23.02,165471.95741912612,749929.7222222222,-543360.0,223.50416666666663,982586.6666666666,36
15min,50,100.0,300.0,100.0,True,500000.0,817,814,3,99.63,949680.0,1.95,771435.0,25.04,1162.4,11,0.7,1.23,31.66,167549.34494187037,664456.6666666666,-850330.0,953.0888888888888,873114.1666666666,36
15min,50,100.0,300.0,150.0,False,500000.0,778,775,3,99.61,1281210.0,1.85,967905.0,30.95,1646.8,12,0.77,1.32,42.71,161264.90351239138,766330.3703703703,-543360.0,149.54796296296294,1096992.6851851852,54
15min,50,100.0,300.0,150.0,True,500000.0,782,778,4,99.49,866680.0,1.58,1042780.0,33.84,1108.3,12,0.77,0.83,28.89,154011.65984227994,663990.7407407408,-850330.0,654.4353703703704,951920.925925926,54
15min,50,100.0,300.0,200.0,False,500000.0,732,728,4,99.45,1391750.0,1.7,916375.0,28.71,1901.3,13,0.84,1.52,46.39,161253.64257546497,878264.8148148148,-543360.0,38.664259259259275,1267908.7037037036,54
15min,50,100.0,300.0,200.0,True,500000.0,742,738,4,99.46,809610.0,1.4,1002690.0,32.38,1091.1,13,0.84,0.81,26.99,146190.0759047476,714766.6666666666,-850330.0,255.882037037037,1084553.4259259258,54
15min,50,100.0,300.0,250.0,False,500000.0,708,703,5,99.29,1488740.0,1.59,1390625.0,30.96,2102.7,13,0.89,1.07,49.62,156191.3992163786,960073.3333333334,-104480.0,1.6769444444444446,1334470.4166666667,36
15min,50,100.0,300.0,250.0,True,500000.0,714,709,5,99.3,787540.0,1.31,1390625.0,36.49,1103.0,13,0.9,0.57,26.25,167713.17869761446,788992.7777777778,-374640.0,57.09083333333334,1125425.9722222222,36
15min,50,100.0,350.0,100.0,False,500000.0,794,791,3,99.62,347160.0,1.23,1272965.0,32.68,437.2,12,0.6,0.27,11.57,164394.1398631604,673536.6666666666,-506510.0,209.58541666666667,921584.7916666666,24
15min,50,100.0,350.0,100.0,True,500000.0,796,793,3,99.62,704890.0,1.7,809190.0,21.13,885.5,12,0.6,0.87,23.5,169859.28448912431,644460.4166666666,-850330.0,209.70083333333332,827404.375,24
15min,50,100.0,350.0,150.0,False,500000.0,742,738,4,99.46,289480.0,1.14,1234635.0,33.2,390.1,12,0.68,0.23,9.65,181716.1518814167,738285.2777777778,-506510.0,140.30694444444444,987561.25,36
15min,50,100.0,350.0,150.0,True,500000.0,752,748,4,99.47,605290.0,1.4,954990.0,30.83,804.9,12,0.67,0.63,20.18,183843.82525945487,705472.5,-850330.0,168.11805555555554,876276.6666666666,36
15min,50,100.0,350.0,200.0,False,500000.0,715,711,4,99.44,795670.0,1.4,1192035.0,32.75,1112.8,12,0.72,0.67,26.52,215069.726528292,912952.7777777778,-256660.0,29.47277777777778,1114707.0833333333,36
15min,50,100.0,350.0,200.0,True,500000.0,724,720,4,99.45,1079080.0,1.72,1061730.0,34.02,1490.4,12,0.72,1.02,35.97,203957.62929163227,838400.8333333334,-850330.0,84.91833333333334,999869.0277777778,36
15min,50,150.0,150.0,100.0,False,500000.0,540,537,3,99.44,929610.0,1.5,967450.0,24.34,1721.5,15,1.39,0.96,30.99,1196.6829719081784,18700.0,-2912360.0,1.1294444444444445,1433405.138888889,36
15min,50,100.0,350.0,250.0,False,500000.0,685,681,4,99.42,1309300.0,1.65,1126965.0,30.26,1911.4,12,0.78,1.16,43.64,247012.82000314048,1055379.1666666667,-59910.0,1.8162500000000001,1149642.9166666667,24
15min,50,100.0,350.0,250.0,True,500000.0,700,696,4,99.43,1497490.0,2.0,1014200.0,32.27,2139.3,12,0.77,1.48,49.92,267298.4745342691,993270.0,-374640.0,84.94999999999999,1015482.2916666666,24
15min,50,150.0,150.0,100.0,True,500000.0,541,537,4,99.26,765400.0,1.57,967450.0,27.09,1414.8,15,1.38,0.79,25.51,22032.91432291004,233584.44444444444,-1241870.0,1.2336111111111108,1235372.7777777778,36
15min,50,150.0,150.0,150.0,False,500000.0,493,488,5,98.99,1525130.0,1.53,1253250.0,26.73,3093.6,15,1.88,1.22,50.84,-1000000.0,-85924.62962962964,-2912360.0,1.1125925925925928,1599224.4444444445,54
15min,50,150.0,150.0,150.0,True,500000.0,501,495,6,98.8,664370.0,1.28,1234350.0,30.61,1326.1,15,1.84,0.54,22.15,9002.553512041257,124055.18518518518,-1691310.0,1.171296296296296,1380439.0740740742,54
15min,50,150.0,150.0,200.0,False,500000.0,482,472,10,97.93,-166840.0,0.97,1855735.0,39.83,-346.1,15,2.05,-0.09,-5.56,-1000000.0,-553906.6666666666,-3579090.0,1.0166666666666668,2020280.7407407407,54
15min,50,150.0,150.0,200.0,True,500000.0,492,481,11,97.76,-848100.0,0.81,2166425.0,50.52,-1723.8,15,1.99,-0.39,-28.27,-1000000.0,-101468.51851851853,-2256090.0,1.0744444444444443,1617849.0740740742,54
15min,50,150.0,150.0,250.0,False,500000.0,472,459,13,97.25,-688900.0,0.9,1898640.0,45.47,-1459.5,15,2.18,-0.36,-22.96,-1000000.0,-808254.4444444445,-3579090.0,0.9505555555555557,2219802.638888889,36
15min,50,150.0,150.0,250.0,True,500000.0,485,473,12,97.53,-273740.0,0.94,1822725.0,40.37,-564.4,15,2.11,-0.15,-9.12,-1000000.0,-251770.55555555556,-2256090.0,0.998611111111111,1761095.9722222222,36
15min,50,150.0,200.0,100.0,False,500000.0,531,528,3,99.44,762830.0,1.5,609960.0,16.71,1436.6,15,1.08,1.25,25.43,45961.57950685872,321068.7037037037,-2912360.0,130.73037037037037,1284240.7407407407,54
15min,50,150.0,200.0,100.0,True,500000.0,534,531,3,99.44,959480.0,1.95,583900.0,16.99,1796.8,15,1.06,1.64,31.98,71690.145986797,401464.0740740741,-1241870.0,1567.6203703703707,1107141.2037037036,54
15min,50,150.0,200.0,150.0,False,500000.0,480,474,6,98.75,163010.0,1.05,1225715.0,31.68,339.6,15,1.47,0.13,5.43,26621.125036122543,239442.46913580247,-2912360.0,87.61382716049383,1444101.851851852,81
15min,50,150.0,200.0,150.0,True,500000.0,489,484,5,98.98,393010.0,1.2,939680.0,24.22,803.7,15,1.43,0.42,13.1,47696.222437860066,312377.77777777775,-1691310.0,1577.01987654321,1236561.851851852,81
15min,50,150.0,200.0,200.0,False,500000.0,475,469,6,98.74,937210.0,1.31,1000825.0,28.8,1973.1,15,1.54,0.94,31.24,-1000000.0,-62052.345679012345,-3579090.0,38.24543209876543,1794386.6049382717,81
15min,50,150.0,200.0,200.0,True,500000.0,484,479,5,98.97,883210.0,1.44,732745.0,17.62,1824.8,15,1.5,1.21,29.44,15764.772125328458,141740.98765432098,-2256090.0,1323.5865432098765,1443888.024691358,81
15min,50,150.0,200.0,250.0,False,500000.0,459,449,10,97.82,-407970.0,0.92,1955840.0,50.01,-888.8,15,1.69,-0.21,-13.6,-1000000.0,-240882.96296296295,-3579090.0,1.2187037037037038,1959992.037037037,54
15min,50,150.0,200.0,250.0,True,500000.0,472,465,7,98.52,208470.0,1.07,1702825.0,38.26,441.7,15,1.62,0.12,6.95,2290.2433981310005,26284.25925925926,-2256090.0,798.4787037037037,1564331.7592592593,54
15min,50,150.0,250.0,100.0,False,500000.0,513,513,0,100.0,1852020.0,999.99,469285.0,14.99,3610.2,14,0.92,3.95,61.73,124873.29867182097,632070.5555555555,-1343240.0,223.42333333333332,1012188.6111111111,54
15min,50,150.0,250.0,100.0,True,500000.0,517,516,1,99.81,1526680.0,10905.86,469285.0,15.24,2953.0,14,0.9,3.25,50.89,184410.3407990392,668932.0370370371,-850330.0,1660.34962962963,834655.2777777778,54
15min,50,150.0,250.0,150.0,False,500000.0,477,476,1,99.79,2086780.0,5.18,513910.0,14.59,4374.8,14,1.16,4.06,69.56,98667.68157927449,583302.0987654321,-1898570.0,149.50024691358024,1154231.7283950618,81
15min,50,150.0,250.0,150.0,True,500000.0,482,480,2,99.59,1527860.0,4.06,513910.0,14.95,3169.8,14,1.14,2.97,50.93,136770.231164265,616501.8518518518,-850330.0,1651.2502469135802,942821.975308642,81
15min,50,150.0,250.0,200.0,False,500000.0,452,447,5,98.89,637440.0,1.25,2059550.0,42.34,1410.3,14,1.33,0.31,21.25,64521.934676916615,532682.0987654321,-2195320.0,50.89666666666667,1394367.3456790124,81
15min,50,150.0,250.0,200.0,True,500000.0,458,452,6,98.69,292060.0,1.15,1569530.0,37.35,637.7,14,1.31,0.19,9.74,101759.26913007467,575046.1728395062,-850330.0,1360.8327160493827,1115207.8395061728,81
15min,50,150.0,250.0,250.0,False,500000.0,446,439,7,98.43,71590.0,1.02,1982660.0,47.95,160.5,14,1.38,0.04,2.39,34545.57665014444,455620.9259259259,-2195320.0,1.5525925925925923,1511649.9074074074,54
15min,50,150.0,300.0,100.0,False,500000.0,509,509,0,100.0,1530160.0,999.99,351560.0,11.34,3006.2,11,0.76,4.35,51.01,227489.55992253934,803871.8518518518,-543360.0,352.9661111111112,856861.7592592592,54
15min,50,150.0,250.0,250.0,True,500000.0,454,447,7,98.46,110660.0,1.04,1494640.0,38.28,243.7,14,1.35,0.07,3.69,85041.87248398148,532768.3333333334,-801280.0,835.7012962962964,1201886.9444444445,54
15min,50,150.0,300.0,100.0,True,500000.0,510,510,0,100.0,1341330.0,999.99,351560.0,11.34,2630.1,11,0.76,3.82,44.71,214320.8125243633,693692.2222222222,-850330.0,2250.5261111111113,770189.7222222222,54
15min,50,150.0,300.0,150.0,True,500000.0,467,466,1,99.79,1252710.0,3.44,598895.0,13.96,2682.5,11,1.0,2.09,41.76,178733.6745392976,662901.7283950617,-850330.0,2044.728395061728,855920.061728395,81
15min,50,150.0,300.0,200.0,False,500000.0,450,447,3,99.33,1176570.0,1.78,962400.0,31.04,2614.6,12,1.09,1.22,39.22,199061.1480200465,875842.0987654321,-543360.0,75.69222222222221,1135571.4814814816,81
15min,50,150.0,300.0,150.0,False,500000.0,464,463,1,99.78,1652330.0,4.22,598895.0,12.94,3561.1,11,1.0,2.76,55.08,204689.2777524859,789743.2098765433,-543360.0,235.89197530864197,966887.0370370371,81
15min,50,150.0,300.0,200.0,True,500000.0,458,456,2,99.56,1179180.0,2.16,641160.0,20.16,2574.6,12,1.07,1.84,39.31,155681.03565063316,677167.5308641975,-850330.0,1385.581111111111,1003133.2716049383,81
15min,50,150.0,300.0,250.0,False,500000.0,441,437,4,99.09,1139640.0,1.57,930805.0,29.63,2584.2,12,1.14,1.22,37.99,181943.00831058848,910887.5925925926,-104480.0,1.7279629629629627,1201844.351851852,54
15min,50,150.0,300.0,250.0,True,500000.0,450,446,4,99.11,1008390.0,1.67,930805.0,21.48,2240.9,12,1.12,1.08,33.61,156391.0834477724,700962.2222222222,-374640.0,835.8466666666667,1053579.1666666667,54
15min,50,150.0,350.0,100.0,False,500000.0,506,506,0,100.0,1278470.0,999.99,303960.0,9.09,2526.6,10,0.61,4.21,42.62,233149.60778693188,742904.7222222222,-506510.0,334.48305555555555,792336.6666666666,36
15min,50,150.0,350.0,100.0,True,500000.0,507,507,0,100.0,1211040.0,999.99,303960.0,9.09,2388.6,10,0.61,3.98,40.37,215162.02545529243,671926.6666666666,-850330.0,1025.592222222222,729945.5555555555,36
15min,50,150.0,350.0,150.0,False,500000.0,450,447,3,99.33,255710.0,1.17,1265445.0,33.1,568.2,11,0.84,0.2,8.52,216203.63282085347,739526.4814814815,-506510.0,223.5298148148148,883402.2222222222,54
15min,50,150.0,350.0,150.0,True,500000.0,455,453,2,99.56,553080.0,1.55,793770.0,21.43,1215.6,11,0.84,0.7,18.44,182615.05832673312,649841.1111111111,-850330.0,702.7340740740739,809476.3888888889,54
15min,50,150.0,350.0,200.0,False,500000.0,442,439,3,99.32,716600.0,1.48,1218925.0,29.21,1621.3,12,0.9,0.59,23.89,225906.77930368506,852935.0,-256660.0,57.18685185185185,1032058.0555555555,54
15min,50,150.0,350.0,200.0,True,500000.0,448,446,2,99.55,941940.0,1.94,755890.0,18.85,2102.5,12,0.89,1.25,31.4,169260.04376775795,701671.2962962963,-850330.0,94.06629629629631,956716.9444444445,54
15min,50,200.0,150.0,100.0,False,500000.0,330,327,3,99.09,256730.0,1.14,1314540.0,38.98,778.0,15,1.52,0.2,8.56,23779.83460633593,211702.5,-1697410.0,1.1624999999999999,1033749.1666666666,36
15min,50,150.0,350.0,250.0,False,500000.0,425,421,4,99.06,631100.0,1.32,1187985.0,34.23,1484.9,12,0.98,0.53,21.04,217563.78812282538,919401.3888888889,-59910.0,1.7144444444444444,1082581.111111111,36
15min,50,200.0,150.0,100.0,True,500000.0,330,322,8,97.58,-197100.0,0.89,1404510.0,43.69,-597.3,15,1.51,-0.14,-6.57,2591.036313687826,24254.444444444445,-975530.0,1.0794444444444444,1010349.4444444445,36
15min,50,150.0,350.0,250.0,True,500000.0,435,433,2,99.54,1345670.0,2.34,730450.0,22.68,3093.5,12,0.95,1.84,44.86,183135.0885576029,760246.3888888889,-374640.0,57.05055555555555,994967.0833333334,36
15min,50,200.0,150.0,150.0,False,500000.0,316,311,5,98.42,-4260.0,1.0,1481630.0,40.37,-13.5,15,1.9,-0.0,-0.14,14063.999833261192,147152.59259259258,-1898570.0,1.1737037037037037,1185703.7037037036,54
15min,50,200.0,150.0,200.0,False,500000.0,299,292,7,97.66,-115860.0,0.97,1373005.0,37.28,-387.5,15,2.34,-0.08,-3.86,-1000000.0,-273219.25925925927,-2841080.0,1.0705555555555557,1621540.462962963,54
15min,50,200.0,150.0,150.0,True,500000.0,317,308,9,97.16,-284120.0,0.88,1504330.0,44.5,-896.3,15,1.87,-0.19,-9.47,-1000000.0,-57401.666666666664,-1691310.0,1.058888888888889,1127189.0740740742,54
15min,50,200.0,150.0,200.0,True,500000.0,302,293,9,97.02,248200.0,1.11,1400630.0,38.82,821.9,15,2.29,0.18,8.27,-1000000.0,-248627.59259259258,-1994270.0,0.9907407407407406,1352983.0555555555,54
15min,50,200.0,150.0,250.0,False,500000.0,287,275,12,95.82,-2091670.0,0.67,3070255.0,77.48,-7288.0,15,2.61,-0.68,-69.72,-1000000.0,-534115.5555555555,-2841080.0,1.0058333333333334,1849296.6666666667,36
15min,50,200.0,150.0,250.0,True,500000.0,293,280,13,95.56,-1370480.0,0.68,2192875.0,57.61,-4677.4,15,2.55,-0.62,-45.68,-1000000.0,-393203.05555555556,-1994270.0,0.941388888888889,1483970.4166666667,36
15min,50,200.0,200.0,100.0,False,500000.0,326,324,2,99.39,447720.0,1.45,612070.0,20.13,1373.4,15,1.21,0.73,14.92,111744.19083509258,513931.6666666667,-1697410.0,223.24796296296296,912849.7222222222,54
15min,50,200.0,200.0,100.0,True,500000.0,326,323,3,99.08,192030.0,1.19,596580.0,19.62,589.0,15,1.21,0.32,6.4,73986.05022728052,326939.81481481483,-975530.0,2011.0642592592596,868506.574074074,54
15min,50,200.0,200.0,150.0,False,500000.0,311,308,3,99.04,479240.0,1.32,614450.0,19.23,1541.0,15,1.46,0.78,15.97,86047.92357080017,455460.3703703704,-1898570.0,149.371975308642,1055374.1975308643,81
15min,50,200.0,200.0,150.0,True,500000.0,313,310,3,99.04,537610.0,1.54,577920.0,18.09,1717.6,15,1.44,0.93,17.92,53113.67951923792,258971.35802469135,-1691310.0,1872.6934567901237,974525.987654321,81
15min,50,200.0,200.0,200.0,False,500000.0,289,283,6,97.92,-289680.0,0.9,1209175.0,35.53,-1002.4,15,1.89,-0.24,-9.66,20971.465827451604,175821.35802469135,-2841080.0,63.08222222222221,1403614.3827160494,81
15min,50,200.0,200.0,200.0,True,500000.0,291,286,5,98.28,-154520.0,0.92,1129760.0,31.84,-531.0,15,1.85,-0.14,-5.15,18679.67894833105,112318.51851851853,-1994270.0,1582.3359259259257,1168450.6172839506,81
15min,50,200.0,250.0,100.0,False,500000.0,323,323,0,100.0,1180650.0,999.99,452495.0,14.91,3655.3,14,0.97,2.61,39.35,247031.1312166393,771447.4074074074,-348370.0,426.8677777777779,674234.9074074074,54
15min,50,200.0,200.0,250.0,True,500000.0,287,282,5,98.26,109520.0,1.05,1088790.0,28.88,381.6,15,1.98,0.1,3.65,-1000000.0,-11020.555555555555,-1994270.0,798.5798148148148,1283688.2407407407,54
15min,50,200.0,200.0,250.0,False,500000.0,283,275,8,97.17,-753160.0,0.81,1613780.0,50.84,-2661.3,15,2.05,-0.47,-25.11,-1000000.0,-28230.185185185186,-2841080.0,1.4301851851851852,1596590.3703703703,54
15min,50,200.0,250.0,100.0,True,500000.0,323,323,0,100.0,956200.0,999.99,452495.0,14.91,2960.4,14,0.97,2.11,31.87,231632.8052418692,664885.3703703703,-511090.0,2413.3405555555564,608724.074074074,54
15min,50,200.0,250.0,150.0,False,500000.0,302,302,0,100.0,1718820.0,999.99,494775.0,14.81,5691.5,14,1.23,3.47,57.29,188916.86084251545,741592.0987654321,-1898570.0,297.57246913580246,804193.2716049383,81
15min,50,200.0,250.0,150.0,True,500000.0,303,302,1,99.67,1266350.0,31659.75,452495.0,14.81,4179.4,14,1.22,2.8,42.21,191393.46628754187,634916.6666666666,-801280.0,2165.6290123456793,696903.7037037037,81
15min,50,200.0,250.0,200.0,False,500000.0,284,283,1,99.65,1918800.0,4.83,544225.0,16.94,6756.3,14,1.54,3.53,63.96,125359.53842770917,661625.925925926,-2195320.0,137.42506172839506,1052640.3703703703,81
15min,50,200.0,250.0,200.0,True,500000.0,285,283,2,99.3,1655560.0,12736.08,452495.0,14.55,5809.0,14,1.52,3.66,55.19,142295.0832577062,594937.9012345679,-995020.0,1813.6616049382715,857299.7530864198,81
15min,50,200.0,250.0,250.0,False,500000.0,274,271,3,98.91,1368080.0,1.89,1153035.0,24.69,4993.0,14,1.67,1.19,45.6,91959.25649852879,571690.1851851852,-2195320.0,38.85,1195724.7222222222,54
15min,50,200.0,250.0,250.0,True,500000.0,275,271,4,98.55,882340.0,1.85,1153035.0,26.2,3208.5,14,1.66,0.77,29.41,113720.94733607682,542032.5925925926,-995020.0,872.8396296296296,950976.8518518518,54
15min,50,200.0,300.0,100.0,False,500000.0,321,321,0,100.0,1052530.0,999.99,340560.0,11.24,3278.9,11,0.83,3.09,35.08,480274.55887969607,972358.5185185185,133550.0,667.3812962962962,568941.4814814815,54
15min,50,200.0,300.0,100.0,True,500000.0,321,321,0,100.0,910280.0,999.99,340560.0,11.24,2835.8,11,0.83,2.67,30.34,364400.0817438014,822809.4444444445,-10130.0,5278.089629629629,529218.0555555555,54
15min,50,200.0,300.0,150.0,False,500000.0,296,294,2,99.32,585750.0,1.58,1168365.0,27.41,1978.9,13,1.07,0.5,19.52,419354.2217574774,950380.7407407408,114080.0,494.90679012345674,677117.4691358025,81
15min,50,200.0,300.0,150.0,True,500000.0,297,295,2,99.33,320370.0,1.32,1168365.0,28.77,1078.7,13,1.06,0.27,10.68,313843.4471822261,796306.4197530864,-97670.0,5260.287160493827,610865.4320987654,81
15min,50,200.0,300.0,200.0,False,500000.0,280,277,3,98.93,504560.0,1.34,1127975.0,27.88,1802.0,13,1.26,0.45,16.82,336629.5601171303,1007088.7654320988,-104480.0,260.85555555555555,843014.074074074,81
15min,50,200.0,300.0,200.0,True,500000.0,282,279,3,98.94,170920.0,1.11,1127975.0,29.7,606.1,13,1.26,0.15,5.7,277348.42940719426,809974.3209876543,-97670.0,4686.593456790123,748912.7777777778,81
15min,50,200.0,300.0,250.0,False,500000.0,273,270,3,98.9,906420.0,1.6,1074685.0,25.36,3320.2,13,1.36,0.84,30.21,308146.9205815364,996927.7777777778,-104480.0,131.4924074074074,929240.0925925926,54
15min,50,200.0,350.0,100.0,False,500000.0,316,316,0,100.0,905670.0,999.99,271270.0,8.93,2866.0,10,0.73,3.34,30.19,473889.7652290396,899342.7777777778,133550.0,667.3625000000002,517886.80555555556,36
15min,50,200.0,300.0,250.0,True,500000.0,278,275,3,98.92,429440.0,1.29,1074685.0,27.1,1544.7,13,1.33,0.4,14.31,251304.66198101174,797674.8148148148,-97670.0,3693.0283333333327,814169.074074074,54
15min,50,200.0,350.0,100.0,True,500000.0,316,316,0,100.0,859120.0,999.99,271270.0,8.93,2718.7,10,0.73,3.17,28.64,344606.46858882037,768058.8888888889,-10130.0,4901.617499999999,501416.6666666667,36
15min,50,200.0,350.0,150.0,False,500000.0,299,299,0,100.0,1257950.0,999.99,290815.0,8.87,4207.2,10,0.87,4.33,41.93,418738.60346912226,889533.1481481482,114080.0,519.4759259259262,618318.6111111111,54
15min,50,200.0,350.0,150.0,True,500000.0,299,299,0,100.0,1153550.0,999.99,290815.0,8.87,3858.0,10,0.87,3.97,38.45,295151.58259769453,748600.925925926,-97670.0,5082.449444444444,581698.2407407408,54
15min,50,200.0,350.0,200.0,False,500000.0,273,271,2,99.27,625260.0,1.62,769690.0,20.93,2290.3,11,1.1,0.81,20.84,397469.5286138077,973681.8518518518,114080.0,297.7305555555555,780640.0,54
15min,50,200.0,350.0,200.0,True,500000.0,275,273,2,99.27,394000.0,1.39,769690.0,21.86,1432.7,11,1.09,0.51,13.13,271860.10421038256,797856.1111111111,-97670.0,4657.377037037037,723676.2962962963,54
15min,50,200.0,350.0,250.0,False,500000.0,271,269,2,99.26,935660.0,1.93,746750.0,19.26,3452.6,11,1.14,1.25,31.19,387412.2269107292,1003621.3888888889,114080.0,196.09916666666666,848271.25,36
15min,50,250.0,150.0,100.0,False,500000.0,217,215,2,99.08,479460.0,1.39,869190.0,26.26,2209.5,15,1.75,0.55,15.98,88638.96099043208,368873.8888888889,-1697410.0,278.6694444444444,798519.4444444445,36
15min,50,250.0,150.0,100.0,True,500000.0,217,213,4,98.16,37510.0,1.03,869190.0,28.2,172.9,15,1.71,0.04,1.25,32679.687175370364,137059.16666666666,-975530.0,7130.767777777777,807825.5555555555,36
15min,50,200.0,350.0,250.0,True,500000.0,273,271,2,99.27,641400.0,1.64,746750.0,20.15,2349.5,11,1.13,0.86,21.38,260328.91751420367,819840.0,-97670.0,4342.614166666667,779691.6666666666,36
15min,50,250.0,150.0,150.0,False,500000.0,210,207,3,98.57,559420.0,1.32,1158500.0,34.22,2663.9,15,2.11,0.48,18.65,86745.29547989025,392685.9259259259,-1898570.0,260.2324074074074,895487.5925925926,54
15min,50,250.0,150.0,150.0,True,500000.0,210,205,5,97.62,-156000.0,0.91,1294970.0,41.11,-742.9,15,2.06,-0.12,-5.2,36218.935550288064,159883.88888888888,-991560.0,7917.841851851852,867336.2962962963,54
15min,50,250.0,150.0,200.0,False,500000.0,206,202,4,98.06,669290.0,1.3,1078820.0,29.37,3249.0,15,2.37,0.62,22.31,23602.93813860082,157191.11111111112,-2841080.0,167.88888888888889,1249227.962962963,54
15min,50,250.0,150.0,200.0,True,500000.0,206,200,6,97.09,-377680.0,0.83,1261790.0,38.58,-1833.4,15,2.32,-0.3,-12.59,23044.929491934152,116025.74074074074,-1994270.0,9528.53925925926,1006904.4444444445,54
15min,50,250.0,150.0,250.0,False,500000.0,200,192,8,96.0,-977300.0,0.77,1590305.0,45.31,-4886.5,15,2.73,-0.61,-32.58,2205.047623310185,19794.166666666668,-2841080.0,112.47305555555556,1443005.6944444445,36
15min,50,250.0,150.0,250.0,True,500000.0,200,193,7,96.5,-476070.0,0.83,1232290.0,35.86,-2380.3,15,2.62,-0.39,-15.87,13184.933436064817,72151.66666666667,-1994270.0,10309.568055555555,1086304.3055555555,36
15min,50,250.0,200.0,100.0,False,500000.0,218,216,2,99.08,127570.0,1.13,594790.0,19.48,585.2,15,1.34,0.21,4.25,144984.14788271603,553666.6666666666,-1697410.0,463.6637037037039,690691.0185185185,54
15min,50,250.0,200.0,100.0,True,500000.0,218,215,3,98.62,-81700.0,0.92,714345.0,23.64,-374.8,15,1.33,-0.11,-2.72,93418.35229364882,353222.4074074074,-975530.0,7492.897407407408,677627.0370370371,54
15min,50,250.0,200.0,150.0,False,500000.0,208,206,2,99.04,583350.0,1.58,603995.0,19.89,2804.6,15,1.63,0.97,19.44,146287.8823779302,594164.938271605,-1898570.0,395.99641975308646,768962.3456790124,81
15min,50,250.0,200.0,150.0,True,500000.0,208,205,3,98.56,132240.0,1.13,638720.0,21.04,635.8,15,1.62,0.21,4.41,97840.71864925927,385370.0,-991560.0,8014.796419753086,730561.2962962963,81
15min,50,250.0,200.0,200.0,False,500000.0,204,202,2,99.02,1048520.0,2.04,584930.0,18.95,5139.8,15,1.78,1.79,34.95,92247.09836919981,482573.0864197531,-2841080.0,235.95135802469133,1044216.2962962963,81
15min,50,250.0,200.0,200.0,True,500000.0,204,201,3,98.53,410410.0,1.41,584930.0,18.7,2011.8,15,1.76,0.7,13.68,83050.00216163693,364907.4074074074,-1994270.0,8477.211604938271,862040.061728395,81
15min,50,250.0,200.0,250.0,False,500000.0,197,192,5,97.46,65770.0,1.03,1020030.0,33.02,333.9,15,2.15,0.06,2.19,64824.80579002056,401721.1111111111,-2841080.0,131.30833333333334,1193161.5740740742,54
15min,50,250.0,250.0,100.0,False,500000.0,216,216,0,100.0,967090.0,999.99,436480.0,14.45,4477.3,13,1.16,2.22,32.24,276929.9931746007,700430.5555555555,-348370.0,648.6485185185186,487523.05555555556,54
15min,50,250.0,200.0,250.0,True,500000.0,198,195,3,98.48,119730.0,1.08,935955.0,27.8,604.7,15,2.09,0.13,3.99,70979.1671201886,333103.14814814815,-1994270.0,8238.71462962963,934576.7592592592,54
15min,50,250.0,250.0,100.0,True,500000.0,216,216,0,100.0,805390.0,999.99,436480.0,14.45,3728.7,13,1.16,1.85,26.85,239314.92242910463,586876.2962962963,-511090.0,7539.995,448410.3703703704,54
15min,50,250.0,250.0,150.0,False,500000.0,208,208,0,100.0,1357990.0,999.99,436480.0,14.4,6528.8,13,1.34,3.11,45.27,257451.28899184536,748755.8024691358,-1898570.0,556.3285185185184,559312.5925925926,81
15min,50,250.0,250.0,150.0,True,500000.0,208,207,1,99.52,1023490.0,11373.11,436480.0,14.4,4920.6,13,1.34,2.34,34.12,221384.54620177578,605559.012345679,-801280.0,7904.6765432098755,512271.2962962963,81
15min,50,250.0,250.0,200.0,False,500000.0,200,199,1,99.5,1241180.0,3.48,608995.0,18.7,6205.9,13,1.54,2.04,41.37,202512.3166844993,808129.6296296297,-2195320.0,371.6682716049383,747030.7407407408,81
15min,50,250.0,250.0,200.0,True,500000.0,200,198,2,99.0,761780.0,2.52,547220.0,17.27,3808.9,13,1.54,1.39,25.39,210877.77277131766,657691.4814814815,-995020.0,8221.124197530866,638816.5432098765,81
15min,50,250.0,250.0,250.0,True,500000.0,197,195,2,98.98,997910.0,2.99,521675.0,16.23,5065.5,13,1.7,1.91,33.26,182224.78383997903,652107.0370370371,-995020.0,7780.500185185186,713601.7592592592,54
15min,50,250.0,250.0,250.0,False,500000.0,197,196,1,99.49,1729760.0,4.46,586025.0,17.61,8780.5,13,1.7,2.95,57.66,185261.00765096018,807403.7037037037,-2195320.0,260.8862962962963,852736.2037037037,54
15min,50,250.0,300.0,100.0,False,500000.0,215,215,0,100.0,760110.0,999.99,329245.0,10.9,3535.4,11,0.88,2.31,25.34,601459.0168702092,835451.2962962963,323070.0,852.1637037037034,387920.9259259259,54
15min,50,250.0,300.0,100.0,True,500000.0,215,215,0,100.0,670610.0,999.99,329245.0,10.9,3119.1,11,0.88,2.04,22.35,560031.9221720306,728804.6296296297,320370.0,6136.190555555554,366064.44444444444,54
15min,50,250.0,300.0,150.0,False,500000.0,207,207,0,100.0,1090300.0,999.99,329245.0,10.87,5267.1,11,1.06,3.31,36.34,526251.983493145,888386.0493827161,199740.0,729.0053086419753,450617.16049382713,81
15min,50,250.0,300.0,200.0,False,500000.0,201,200,1,99.5,1053900.0,3.1,736550.0,16.94,5243.3,13,1.24,1.43,35.13,569086.7497746996,1052281.2345679011,199740.0,531.98012345679,569606.7283950617,81
15min,50,250.0,300.0,150.0,True,500000.0,207,207,0,100.0,891450.0,999.99,329245.0,10.87,4306.5,11,1.06,2.71,29.71,353950.8645604187,754392.3456790124,-97670.0,6272.424197530864,429258.02469135803,81
15min,50,250.0,300.0,200.0,True,500000.0,201,200,1,99.5,795300.0,2.59,736550.0,17.82,3956.7,13,1.24,1.08,26.51,361025.66806726693,840955.925925926,-97670.0,5414.639753086421,549863.1481481482,81
15min,50,250.0,300.0,250.0,False,500000.0,195,194,1,99.49,1418050.0,3.83,736050.0,15.87,7272.1,13,1.41,1.93,47.27,563034.4890048394,1099218.5185185184,199740.0,408.8357407407409,630623.7962962963,54
15min,50,250.0,300.0,250.0,True,500000.0,195,194,1,99.49,1092950.0,3.18,736050.0,16.84,5604.9,13,1.41,1.48,36.43,341406.9054552388,855560.925925926,-97670.0,4445.613518518518,612101.0185185185,54
15min,50,250.0,350.0,100.0,False,500000.0,215,215,0,100.0,676180.0,999.99,260855.0,8.64,3145.0,9,0.78,2.59,22.54,600111.4550584776,791550.8333333334,323070.0,861.4194444444446,344364.30555555556,36
15min,50,250.0,350.0,100.0,True,500000.0,215,214,1,99.53,632480.0,15813.0,260855.0,8.64,2941.8,9,0.78,2.42,21.08,552165.4187126167,700432.5,320370.0,5095.7074999999995,340481.6666666667,36
15min,50,250.0,350.0,150.0,False,500000.0,204,204,0,100.0,1149400.0,999.99,321735.0,10.28,5634.3,9,0.99,3.57,38.31,514857.7284855133,834017.5925925926,199740.0,759.7457407407405,417969.81481481483,54
15min,50,250.0,350.0,150.0,True,500000.0,204,203,1,99.51,1082700.0,27068.5,321735.0,10.36,5307.4,9,0.99,3.37,36.09,331980.1568750868,713417.4074074074,-97670.0,5304.283518518518,415381.3888888889,54
15min,50,250.0,350.0,200.0,False,500000.0,201,201,0,100.0,1398500.0,999.99,321735.0,10.15,6957.7,9,1.06,4.35,46.62,561280.0368199635,1011753.3333333334,199740.0,611.9320370370372,537313.6111111111,54
15min,50,250.0,350.0,200.0,True,500000.0,201,200,1,99.5,1308800.0,32721.0,321735.0,10.26,6511.4,9,1.06,4.07,43.63,349300.2617528362,830098.5185185185,-97670.0,4934.68148148148,538639.074074074,54
15min,50,300.0,150.0,100.0,False,500000.0,154,154,0,100.0,1348990.0,999.99,309450.0,8.09,8759.7,15,1.81,4.36,44.97,167724.5324478125,610579.5833333334,-354140.0,417.4895833333333,626513.75,24
15min,50,250.0,350.0,250.0,True,500000.0,193,191,2,98.96,1569280.0,26155.67,369830.0,10.14,8131.0,11,1.24,4.24,52.31,332889.3717456029,855838.3333333334,-97670.0,4619.916388888888,602590.6944444445,36
15min,50,250.0,350.0,250.0,False,500000.0,191,191,0,100.0,1735840.0,999.99,369830.0,10.01,9088.2,11,1.26,4.69,57.86,557665.343556588,1066040.2777777778,199740.0,528.7641666666668,599199.0277777778,36
15min,50,300.0,150.0,100.0,True,500000.0,154,152,2,98.7,1010740.0,5946.53,309450.0,8.14,6563.2,15,1.8,3.27,33.69,81613.9377326389,303236.6666666667,-896290.0,10695.655416666666,654286.4583333334,24
15min,50,300.0,150.0,150.0,False,500000.0,152,152,0,100.0,2016050.0,999.99,337045.0,8.45,13263.5,15,2.2,5.98,67.2,186818.033328858,709502.7777777778,-1609070.0,389.8538888888889,683458.0555555555,36
15min,50,300.0,150.0,150.0,True,500000.0,152,150,2,98.68,1412620.0,8310.53,309435.0,7.6,9293.6,15,2.16,4.57,47.09,98921.3258911574,373999.44444444444,-991560.0,11876.290555555555,677520.4166666666,36
15min,50,300.0,150.0,200.0,False,500000.0,150,149,1,99.33,1865630.0,4.73,801810.0,22.22,12437.5,15,2.41,2.33,62.19,130030.52263595679,613286.1111111111,-2492090.0,251.38833333333332,939886.9444444445,36
15min,50,300.0,150.0,200.0,True,500000.0,150,148,2,98.67,1675400.0,9856.29,309435.0,7.45,11169.3,15,2.37,5.41,55.85,101413.9394528395,416097.77777777775,-1510560.0,14292.354444444445,781368.8888888889,36
15min,50,300.0,150.0,250.0,False,500000.0,149,146,3,97.99,1312020.0,1.87,968910.0,21.69,8805.5,15,2.7,1.35,43.73,101262.35743312497,552555.0,-2492090.0,168.30250000000004,1083689.7916666667,24
15min,50,300.0,150.0,250.0,True,500000.0,149,147,2,98.66,1850290.0,10885.06,324565.0,7.4,12418.1,15,2.62,5.7,61.68,106542.308990625,451216.25,-1510560.0,15463.945833333331,819387.5,24
15min,50,300.0,200.0,100.0,False,500000.0,154,154,0,100.0,903730.0,999.99,206220.0,6.09,5868.4,11,1.38,4.38,30.12,233183.43755307584,706681.3888888889,-354140.0,583.9669444444446,530433.75,36
15min,50,300.0,200.0,100.0,True,500000.0,154,153,1,99.35,725130.0,36257.5,206220.0,6.29,4708.6,11,1.38,3.52,24.17,134561.771458341,461136.94444444444,-896290.0,9702.106666666667,540978.1944444445,36
15min,50,300.0,200.0,150.0,False,500000.0,152,152,0,100.0,1291220.0,999.99,206220.0,5.7,8494.9,11,1.59,6.26,43.04,252079.72410643016,800615.1851851852,-1609070.0,519.3666666666669,585284.8148148148,54
15min,50,300.0,200.0,150.0,True,500000.0,152,151,1,99.34,981170.0,49059.5,206220.0,5.99,6455.1,11,1.59,4.76,32.71,147403.54277771604,516668.3333333333,-991560.0,10199.877962962964,573518.7037037037,54
15min,50,300.0,200.0,200.0,False,500000.0,150,150,0,100.0,1712020.0,999.99,438515.0,11.3,11413.5,12,1.78,3.9,57.07,188684.19194183813,784327.4074074074,-2492090.0,316.29462962962964,797159.2592592592,54
15min,50,300.0,200.0,200.0,True,500000.0,150,149,1,99.33,1120220.0,56012.0,438515.0,11.0,7468.1,12,1.78,2.55,37.34,145652.23751938267,550486.6666666666,-1510560.0,10930.478888888889,677059.3518518518,54
15min,50,300.0,200.0,250.0,False,500000.0,148,147,1,99.32,1627660.0,4.26,623805.0,16.43,10997.7,13,2.01,2.61,54.26,164762.7579358565,760714.7222222222,-2492090.0,196.2797222222222,917052.9166666666,36
15min,50,300.0,200.0,250.0,True,500000.0,149,148,1,99.33,1298030.0,64902.5,438515.0,10.62,8711.6,12,1.97,2.96,43.27,143818.4017991821,563929.7222222222,-1510560.0,11161.539166666666,724855.2777777778,36
15min,50,300.0,250.0,100.0,False,500000.0,154,154,0,100.0,679750.0,999.99,233520.0,7.54,4414.0,9,1.09,2.91,22.66,314743.22686540365,725471.6666666666,-348370.0,805.8047222222225,368720.55555555556,36
15min,50,300.0,250.0,100.0,True,500000.0,154,153,1,99.35,621450.0,15537.25,149460.0,4.59,4035.4,9,1.08,4.16,20.72,264860.46331124805,607455.2777777778,-511090.0,9717.126111111113,346992.9166666667,36
15min,50,300.0,250.0,150.0,True,500000.0,152,150,2,98.68,881950.0,4900.72,229320.0,6.3,5802.3,9,1.31,3.85,29.4,302511.87566635944,679839.4444444445,-511090.0,9997.59925925926,385772.5925925926,54
15min,50,300.0,250.0,150.0,False,500000.0,152,152,0,100.0,1018750.0,999.99,233520.0,7.23,6702.3,9,1.32,4.36,33.96,380127.0726396632,856951.6666666666,-348370.0,722.7509259259257,405384.6296296296,54
15min,50,300.0,250.0,200.0,False,500000.0,147,147,0,100.0,1349810.0,999.99,353620.0,10.08,9182.4,10,1.49,3.82,44.99,373880.4796941957,996902.2222222222,-2129540.0,519.735925925926,551129.1666666666,54
15min,50,300.0,250.0,200.0,True,500000.0,147,145,2,98.64,1096660.0,6093.56,353620.0,10.28,7460.3,10,1.48,3.1,36.56,317616.9648147368,780467.5925925926,-995020.0,10546.24685185185,491431.1111111111,54
15min,50,300.0,250.0,250.0,False,500000.0,147,146,1,99.32,1157320.0,3.31,590125.0,18.63,7872.9,11,1.65,1.96,38.58,366458.7021847107,1063642.7777777778,-2129540.0,390.5349999999999,640435.6944444445,36
15min,50,300.0,250.0,250.0,True,500000.0,147,144,3,97.96,754820.0,2.51,529325.0,16.82,5134.8,11,1.64,1.43,25.16,313081.0707289497,816220.2777777778,-995020.0,10474.1375,558102.2222222222,36
15min,50,300.0,300.0,100.0,False,500000.0,154,154,0,100.0,545580.0,999.99,187150.0,6.04,3542.7,7,0.88,2.92,18.19,621273.1167991686,797298.8888888889,323070.0,972.3005555555555,279175.4166666667,36
15min,50,300.0,300.0,150.0,False,500000.0,152,152,0,100.0,789910.0,999.99,234810.0,6.39,5196.8,8,1.05,3.36,26.33,667174.212375023,914294.6296296297,323070.0,889.2179629629626,322587.8703703704,54
15min,50,300.0,300.0,100.0,True,500000.0,154,154,0,100.0,545580.0,999.99,187150.0,6.04,3542.7,7,0.88,2.92,18.19,589318.6168297512,717125.2777777778,323070.0,6781.585555555555,266926.25,36
15min,50,300.0,300.0,150.0,True,500000.0,152,152,0,100.0,756560.0,999.99,234810.0,6.39,4977.4,8,1.05,3.22,25.22,616548.7305384943,801226.6666666666,323070.0,6995.979074074073,311927.8703703704,54
15min,50,300.0,300.0,200.0,False,500000.0,150,150,0,100.0,1020200.0,999.99,234810.0,6.06,6801.3,8,1.14,4.34,34.01,838322.9547152221,1142923.5185185184,454390.0,723.0961111111109,418961.5740740741,54
15min,50,300.0,300.0,200.0,True,500000.0,150,150,0,100.0,975350.0,999.99,234810.0,6.06,6502.3,8,1.14,4.15,32.51,663982.2620644924,960449.2592592592,310220.0,6299.469999999999,404648.24074074073,54
15min,50,300.0,300.0,250.0,False,500000.0,149,149,0,100.0,1500530.0,999.99,407565.0,12.95,10070.7,10,1.3,3.68,50.02,950732.4558681408,1242569.7222222222,605620.0,612.3386111111113,477639.5833333333,36
15min,50,300.0,300.0,250.0,True,500000.0,149,149,0,100.0,1444180.0,999.99,407565.0,12.95,9692.5,10,1.3,3.54,48.14,670447.452114716,1020890.8333333334,310220.0,5471.7411111111105,463208.75,36
15min,50,300.0,350.0,100.0,False,500000.0,154,154,0,100.0,486620.0,999.99,178945.0,5.25,3159.9,7,0.77,2.72,16.22,598903.0444350056,746505.8333333334,323070.0,999.9900000000001,249626.25,24
15min,50,300.0,350.0,100.0,True,500000.0,154,154,0,100.0,486620.0,999.99,178945.0,5.25,3159.9,7,0.77,2.72,16.22,577918.426939509,687219.1666666666,323070.0,6314.87375,243208.54166666666,24
15min,50,300.0,350.0,150.0,True,500000.0,150,150,0,100.0,710550.0,999.99,210200.0,6.41,4737.0,7,0.92,3.38,23.69,622941.9628581466,800836.9444444445,323070.0,7070.442222222221,285134.1666666667,36
15min,50,300.0,350.0,150.0,False,500000.0,150,150,0,100.0,710550.0,999.99,210200.0,6.41,4737.0,7,0.92,3.38,23.69,654826.6569759173,880021.9444444445,323070.0,944.6308333333333,289412.6388888889,36
15min,50,300.0,350.0,200.0,False,500000.0,146,146,0,100.0,1013770.0,999.99,315410.0,10.17,6943.6,8,1.05,3.21,33.79,863971.898458728,1151180.2777777778,454390.0,861.5905555555559,372590.4166666667,36
15min,50,300.0,350.0,200.0,True,500000.0,146,146,0,100.0,1013770.0,999.99,315410.0,10.17,6943.6,8,1.05,3.21,33.79,804204.9021206405,1031041.6666666666,454390.0,7345.84111111111,372752.22222222225,36
15min,50,300.0,350.0,250.0,False,500000.0,145,145,0,100.0,1211360.0,999.99,315410.0,10.12,8354.2,8,1.12,3.84,40.38,1023674.964692715,1275337.5,714360.0,792.3908333333334,424569.7916666667,24
15min,50,300.0,350.0,250.0,True,500000.0,145,145,0,100.0,1211360.0,999.99,315410.0,10.12,8354.2,8,1.12,3.84,40.38,910502.6683406922,1136657.9166666667,714360.0,6929.24875,426917.7083333333,24
15min,80,100.0,150.0,100.0,True,500000.0,732,727,5,99.32,171270.0,1.07,1806660.0,43.92,234.0,15,1.25,0.09,5.71,61230.396080487626,481962.5,-577920.0,1.3975,1090920.2083333333,24
15min,80,100.0,150.0,100.0,False,500000.0,729,723,6,99.18,-234940.0,0.93,1762960.0,51.43,-322.3,15,1.26,-0.13,-7.83,23945.1399350625,309764.5833333333,-1492570.0,1.27,1391330.0,24
15min,80,100.0,150.0,150.0,False,500000.0,699,691,8,98.86,-217280.0,0.95,1904655.0,60.92,-310.8,15,1.41,-0.11,-7.24,24181.793070778353,346187.5,-1492570.0,1.301111111111111,1463137.9166666667,36
15min,80,100.0,150.0,150.0,True,500000.0,705,699,6,99.15,220150.0,1.08,1742060.0,39.49,312.3,15,1.39,0.13,7.34,49145.07962655798,438769.44444444444,-848100.0,1.3602777777777777,1176590.138888889,36
15min,80,100.0,150.0,200.0,False,500000.0,675,666,9,98.67,589080.0,1.12,1705105.0,54.03,872.7,15,1.55,0.35,19.64,2475.576664486539,72244.44444444444,-2466720.0,1.216388888888889,1718291.8055555555,36
15min,80,100.0,150.0,200.0,True,500000.0,685,677,8,98.83,232280.0,1.07,1919210.0,40.84,339.1,15,1.52,0.12,7.74,31541.942331125738,365249.72222222225,-848100.0,1.2877777777777775,1329409.1666666667,36
15min,80,100.0,200.0,100.0,False,500000.0,701,696,5,99.29,16290.0,1.01,1937585.0,62.22,23.2,15,1.0,0.01,0.54,101172.89326064811,623944.1666666666,-1492570.0,140.1522222222222,1189247.2222222222,36
15min,80,100.0,150.0,250.0,False,500000.0,663,649,14,97.89,-1383390.0,0.81,2321695.0,70.6,-2086.6,15,1.6,-0.6,-46.11,-1000000.0,-116605.0,-2466720.0,1.1425,1836956.0416666667,24
15min,80,100.0,150.0,250.0,True,500000.0,673,663,10,98.51,181100.0,1.05,1865175.0,37.56,269.1,15,1.57,0.1,6.04,22151.894492822463,305763.75,-848100.0,1.2258333333333333,1408991.875,24
15min,80,100.0,200.0,100.0,True,500000.0,709,705,4,99.44,1107430.0,2.08,579470.0,17.86,1562.0,15,0.97,1.91,36.91,141856.18943576922,621836.1111111111,-577920.0,1259.2241666666666,982138.3333333334,36
15min,80,100.0,200.0,150.0,False,500000.0,680,675,5,99.26,802020.0,1.32,1938760.0,61.25,1179.4,15,1.09,0.41,26.73,85544.9793204801,608117.4074074074,-1492570.0,93.91462962962963,1296640.9259259258,54
15min,80,100.0,200.0,150.0,True,500000.0,688,683,5,99.27,1539220.0,2.5,718795.0,17.38,2237.2,15,1.06,2.14,51.31,100504.62188089163,544030.7407407408,-848100.0,839.9462962962962,1076296.4814814816,54
15min,80,100.0,200.0,200.0,False,500000.0,660,652,8,98.79,-160.0,1.0,2353980.0,75.59,-0.2,15,1.17,-0.0,-0.01,39419.10041107682,422299.0740740741,-2466720.0,38.38555555555555,1533279.8148148148,54
15min,80,100.0,200.0,200.0,True,500000.0,672,665,7,98.96,982300.0,1.48,1012170.0,22.46,1461.8,15,1.14,0.97,32.74,71427.85157366942,455542.4074074074,-848100.0,372.7446296296297,1216013.148148148,54
15min,80,100.0,200.0,250.0,False,500000.0,639,629,10,98.44,-681630.0,0.86,2431985.0,76.85,-1066.7,15,1.23,-0.28,-22.72,11885.506614190868,266756.3888888889,-2466720.0,1.3041666666666667,1658359.1666666667,36
15min,80,100.0,200.0,250.0,True,500000.0,655,648,7,98.93,1290080.0,1.64,853270.0,18.42,1969.6,15,1.2,1.51,43.0,34872.973625038096,374776.6666666667,-848100.0,1.3227777777777776,1296555.9722222222,36
15min,80,100.0,250.0,100.0,True,500000.0,691,687,4,99.42,708030.0,1.71,944665.0,30.63,1024.6,14,0.81,0.75,23.6,438525.36087601515,932283.6111111111,158660.0,1398.2977777777776,699905.2777777778,36
15min,80,100.0,250.0,100.0,False,500000.0,687,685,2,99.71,1021470.0,2.02,903695.0,28.99,1486.9,14,0.82,1.13,34.05,264368.6850573474,937777.2222222222,-235550.0,279.0572222222222,938366.3888888889,36
15min,80,100.0,250.0,150.0,False,500000.0,659,656,3,99.54,1105290.0,1.74,890130.0,27.87,1677.2,14,0.89,1.24,36.84,229900.05690905332,943326.6666666666,-761680.0,186.6922222222222,1051374.351851852,54
15min,80,100.0,250.0,150.0,True,500000.0,669,663,6,99.1,546430.0,1.36,944345.0,30.73,816.8,14,0.87,0.58,18.21,334570.2492620933,926979.2592592592,-58350.0,969.811111111111,770516.2037037037,54
15min,80,100.0,250.0,200.0,False,500000.0,629,625,4,99.36,1056870.0,1.53,1147015.0,35.36,1680.2,14,0.96,0.92,35.23,167877.55448018544,944892.9629629629,-817540.0,75.85037037037036,1231954.1666666667,54
15min,80,100.0,250.0,200.0,True,500000.0,641,634,7,98.91,233940.0,1.12,1276780.0,41.3,365.0,14,0.95,0.18,7.8,286085.4700037992,926732.2222222222,-58350.0,484.1094444444446,889531.2037037037,54
15min,80,100.0,300.0,100.0,False,500000.0,684,682,2,99.71,701270.0,1.7,963910.0,31.2,1025.2,12,0.65,0.73,23.38,321056.57506129524,939208.8888888889,5050.0,362.24,752419.5833333334,36
15min,80,100.0,250.0,250.0,True,500000.0,629,621,8,98.73,504780.0,1.25,1246680.0,40.08,802.5,14,0.99,0.4,16.83,251943.78953311083,898197.5,-58350.0,112.65777777777778,956460.1388888889,36
15min,80,100.0,300.0,100.0,True,500000.0,686,684,2,99.71,1054810.0,3.1,780420.0,25.26,1537.6,11,0.65,1.35,35.16,297707.74761095387,815473.6111111111,-121100.0,1481.3780555555556,680919.1666666666,36
15min,80,100.0,250.0,250.0,False,500000.0,615,611,4,99.35,1660610.0,1.83,1071415.0,32.61,2700.2,14,1.0,1.55,55.35,107811.48222447502,866501.6666666666,-817540.0,1.868611111111111,1343007.638888889,36
15min,80,100.0,300.0,150.0,False,500000.0,649,647,2,99.69,1177680.0,2.18,1072855.0,34.29,1814.6,12,0.73,1.1,39.26,304464.1172396981,947738.1481481482,5050.0,242.13,862789.2592592592,54
15min,80,100.0,300.0,150.0,True,500000.0,652,650,2,99.69,1396310.0,3.79,766375.0,24.87,2141.6,11,0.73,1.82,46.54,274129.512732453,813405.925925926,-121100.0,1025.182222222222,750589.8148148148,54
15min,80,100.0,300.0,200.0,False,500000.0,628,626,2,99.68,1643850.0,2.64,1014005.0,32.13,2617.6,12,0.77,1.62,54.8,292524.09162924247,1040092.0370370371,5050.0,75.87666666666667,1015658.5185185185,54
15min,80,100.0,300.0,200.0,True,500000.0,631,630,1,99.84,1729580.0,4.45,746375.0,24.1,2741.0,11,0.77,2.32,57.65,253514.9508623313,847943.3333333334,-121100.0,484.0768518518519,858815.8333333334,54
15min,80,100.0,300.0,250.0,False,500000.0,610,607,3,99.51,1662980.0,2.11,1109235.0,34.75,2726.2,12,0.81,1.5,55.43,315081.32069715194,1083659.4444444445,71590.0,1.9624999999999997,1087368.4722222222,36
15min,80,100.0,300.0,250.0,True,500000.0,615,613,2,99.67,1658620.0,2.66,739190.0,23.66,2696.9,11,0.81,2.24,55.29,260668.77836702584,886564.1666666666,-58350.0,112.70027777777779,899662.7777777778,36
15min,80,100.0,350.0,100.0,True,500000.0,663,661,2,99.7,312250.0,1.31,660900.0,18.76,471.0,12,0.56,0.47,10.41,288190.35782880464,772418.75,-121100.0,334.62833333333333,639091.4583333334,24
15min,80,100.0,350.0,100.0,False,500000.0,663,661,2,99.7,426250.0,1.43,660900.0,18.33,642.9,12,0.56,0.64,14.21,262858.7315817204,782661.6666666666,5050.0,334.4016666666667,736088.5416666666,24
15min,80,100.0,350.0,150.0,False,500000.0,640,637,3,99.53,265830.0,1.18,925570.0,29.66,415.4,12,0.61,0.29,8.86,282486.10231561895,855618.6111111111,5050.0,223.6241666666667,812360.4166666666,36
15min,80,100.0,350.0,150.0,True,500000.0,640,637,3,99.53,113580.0,1.08,957555.0,31.0,177.5,12,0.61,0.12,3.79,303832.61810913304,842832.2222222222,-121100.0,279.21416666666664,688030.1388888889,36
15min,80,100.0,350.0,200.0,False,500000.0,628,625,3,99.52,669880.0,1.45,1128595.0,35.92,1066.7,12,0.63,0.59,22.33,303169.97365769034,998933.8888888889,5050.0,57.453055555555565,941859.8611111111,36
15min,80,150.0,150.0,100.0,False,500000.0,429,427,2,99.53,412560.0,1.31,971130.0,27.35,961.7,15,1.35,0.42,13.75,28365.294035876006,284026.1111111111,-1492570.0,1.288611111111111,1224990.2777777778,36
15min,80,100.0,350.0,200.0,True,500000.0,629,625,4,99.36,460170.0,1.31,1184225.0,38.05,731.6,12,0.64,0.39,15.34,315811.5818253751,953851.1111111111,-121100.0,168.2861111111111,793613.1944444445,36
15min,80,150.0,150.0,100.0,True,500000.0,429,425,4,99.07,-95940.0,0.93,971130.0,29.98,-223.6,15,1.34,-0.1,-3.2,35319.0380781875,287885.0,-975530.0,1.2750000000000001,1037768.3333333334,36
15min,80,150.0,150.0,150.0,False,500000.0,400,397,3,99.25,1220250.0,1.66,1172810.0,28.37,3050.6,15,1.78,1.04,40.67,32626.50568085005,337724.81481481483,-1492570.0,1.354814814814815,1286937.4074074074,54
15min,80,100.0,350.0,250.0,False,500000.0,601,598,3,99.5,1056570.0,1.7,1071925.0,33.91,1758.0,12,0.68,0.99,35.22,457151.5832499894,1108749.5833333333,310340.0,2.13,980470.0,24
15min,80,150.0,150.0,150.0,True,500000.0,402,397,5,98.76,220180.0,1.12,1316160.0,35.47,547.7,15,1.75,0.17,7.34,31289.766394061153,275250.9259259259,-975530.0,1.2724074074074072,1106597.1296296297,54
15min,80,100.0,350.0,250.0,True,500000.0,602,598,4,99.34,777720.0,1.52,1154695.0,36.87,1291.9,12,0.69,0.67,25.92,424760.31763740716,1073445.0,134760.0,168.29208333333335,813652.0833333334,24
15min,80,150.0,150.0,200.0,False,500000.0,390,385,5,98.72,1086900.0,1.38,1048160.0,22.56,2786.9,15,1.94,1.04,36.23,4967.140207987824,88183.33333333333,-2466720.0,1.276111111111111,1558600.9259259258,54
15min,80,150.0,150.0,200.0,True,500000.0,394,386,8,97.97,-314970.0,0.89,1285585.0,32.59,-799.4,15,1.91,-0.25,-10.5,18547.147902767003,197515.1851851852,-1994270.0,1.2464814814814815,1246660.3703703703,54
15min,80,150.0,150.0,250.0,False,500000.0,379,371,8,97.89,517780.0,1.12,1385170.0,35.19,1366.2,15,2.11,0.37,17.26,-1000000.0,-81253.05555555556,-2466720.0,1.2119444444444445,1695726.388888889,36
15min,80,150.0,150.0,250.0,True,500000.0,386,377,9,97.67,-422940.0,0.87,1596725.0,38.53,-1095.7,15,2.05,-0.26,-14.1,10748.93805647256,132633.88888888888,-1994270.0,1.207222222222222,1328688.888888889,36
15min,80,150.0,200.0,100.0,False,500000.0,424,422,2,99.53,566410.0,1.56,586550.0,17.09,1335.9,15,1.03,0.97,18.88,113433.90115580246,591928.3333333334,-1492570.0,204.8394444444444,1041827.4074074074,54
15min,80,150.0,200.0,100.0,True,500000.0,424,422,2,99.53,358260.0,1.35,586550.0,17.38,845.0,15,1.02,0.61,11.94,105796.4595068244,486050.74074074073,-975530.0,2245.0814814814817,911672.6851851852,54
15min,80,150.0,200.0,150.0,False,500000.0,387,385,2,99.48,1411950.0,2.39,693765.0,17.45,3648.4,15,1.4,2.04,47.06,106665.88508894986,610711.7283950617,-1492570.0,137.14716049382716,1126708.3950617283,81
15min,80,150.0,200.0,150.0,True,500000.0,391,389,2,99.49,735610.0,1.73,724215.0,20.16,1881.4,15,1.37,1.02,24.52,94048.1203646487,462041.72839506174,-975530.0,2352.044938271605,982255.1234567901,81
15min,80,150.0,200.0,200.0,False,500000.0,384,382,2,99.48,2069360.0,3.04,660315.0,17.38,5389.0,15,1.47,3.13,68.98,55971.26164801705,444392.0987654321,-2466720.0,63.14086419753086,1370249.1358024692,81
15min,80,150.0,200.0,200.0,True,500000.0,388,386,2,99.48,1145520.0,2.13,701265.0,18.38,2952.4,15,1.44,1.63,38.18,67420.14731824417,380604.93827160494,-1994270.0,2003.6246913580244,1114302.7777777778,81
15min,80,150.0,200.0,250.0,True,500000.0,380,376,4,98.95,394780.0,1.2,1014810.0,25.66,1038.9,15,1.54,0.39,13.16,49927.45380257202,309737.962962963,-1994270.0,1283.6314814814816,1194037.2222222222,54
15min,80,150.0,200.0,250.0,False,500000.0,373,367,6,98.39,532120.0,1.18,1072700.0,32.64,1426.6,15,1.59,0.5,17.74,22378.717970062407,305177.77777777775,-2466720.0,1.4751851851851852,1502909.1666666667,54
15min,80,150.0,250.0,100.0,False,500000.0,410,410,0,100.0,1326360.0,999.99,469285.0,15.25,3235.0,14,0.9,2.83,44.21,275367.1061795993,866887.9629629629,-235550.0,352.98074074074077,805032.3148148148,54
15min,80,150.0,250.0,100.0,True,500000.0,410,409,1,99.76,1067010.0,7622.5,469285.0,15.25,2602.5,14,0.9,2.27,35.57,299412.92775729066,791061.2962962963,-279820.0,2393.3514814814816,646853.7037037037,54
15min,80,150.0,250.0,150.0,False,500000.0,387,387,0,100.0,1920430.0,999.99,469285.0,14.95,4962.4,14,1.1,4.09,64.01,240686.62131083608,869042.9629629629,-761680.0,236.01518518518523,904159.5061728396,81
15min,80,150.0,250.0,150.0,True,500000.0,387,386,1,99.74,1502830.0,10735.5,469285.0,14.95,3883.3,14,1.1,3.2,50.09,270944.7620876065,788099.012345679,-279820.0,2475.6588888888887,711499.4444444445,81
15min,80,150.0,250.0,200.0,False,500000.0,370,368,2,99.46,1435900.0,2.43,698865.0,17.06,3880.8,14,1.25,2.05,47.86,173337.30776158383,856495.925925926,-817540.0,88.16283950617283,1095915.8641975308,81
15min,80,150.0,250.0,200.0,True,500000.0,371,367,4,98.92,1264250.0,3.52,698865.0,16.28,3407.7,14,1.25,1.81,42.14,233792.6930841144,784394.3209876543,-217420.0,2077.921234567901,832023.9506172839,81
15min,80,150.0,250.0,250.0,False,500000.0,363,360,3,99.17,1418480.0,1.95,864310.0,25.95,3907.7,14,1.32,1.64,47.28,117054.4798932776,782944.4444444445,-817540.0,1.8827777777777779,1205931.388888889,54
15min,80,150.0,250.0,250.0,True,500000.0,364,359,5,98.63,1013730.0,2.01,646865.0,16.5,2785.0,14,1.31,1.57,33.79,204681.28281603195,759179.2592592592,-217420.0,1357.8961111111114,895970.1851851852,54
15min,80,150.0,300.0,100.0,False,500000.0,407,407,0,100.0,1089510.0,999.99,351560.0,11.46,2676.9,11,0.73,3.1,36.32,353662.3783541964,917976.4814814815,5050.0,519.3735185185187,643767.3148148148,54
15min,80,150.0,300.0,100.0,True,500000.0,407,407,0,100.0,969810.0,999.99,351560.0,11.46,2382.8,11,0.73,2.76,32.33,311759.54689845606,781199.2592592592,-121100.0,2559.7074074074067,595317.4074074074,54
15min,80,150.0,300.0,150.0,False,500000.0,382,382,0,100.0,1586210.0,999.99,351560.0,11.28,4152.4,11,0.92,4.51,52.87,320234.57746800536,904542.3456790124,5050.0,346.9116049382716,748271.8518518518,81
15min,80,150.0,300.0,150.0,True,500000.0,382,382,0,100.0,1335360.0,999.99,351560.0,11.28,3495.7,11,0.92,3.8,44.51,269786.35493913456,759731.6049382716,-121100.0,2586.543950617284,669019.012345679,81
15min,80,150.0,300.0,200.0,False,500000.0,370,369,1,99.73,1546360.0,4.09,685585.0,21.29,4179.4,13,1.0,2.26,51.55,297913.6087104554,964961.1111111111,5050.0,125.15246913580248,905107.6543209876,81
15min,80,150.0,300.0,200.0,True,500000.0,373,373,0,100.0,1729430.0,999.99,351560.0,11.17,4636.5,11,0.99,4.92,57.65,231939.13474306092,758356.1728395062,-121100.0,2114.8672839506175,792625.8641975309,81
15min,80,150.0,350.0,100.0,False,500000.0,403,403,0,100.0,952090.0,999.99,281015.0,9.16,2362.5,10,0.61,3.39,31.74,297552.0436161147,773098.3333333334,5050.0,473.08972222222224,627900.1388888889,36
15min,80,150.0,300.0,250.0,True,500000.0,366,366,0,100.0,2066630.0,999.99,351560.0,11.07,5646.5,11,1.04,5.88,68.89,216860.5904122007,757505.1851851852,-58350.0,1357.9005555555555,847252.3148148148,54
15min,80,150.0,300.0,250.0,False,500000.0,362,361,1,99.72,1970120.0,4.94,674585.0,20.73,5442.3,13,1.05,2.92,65.67,301972.42014866724,970111.6666666666,71590.0,1.9451851851851854,983486.4814814815,54
15min,80,150.0,350.0,150.0,False,500000.0,374,372,2,99.47,321810.0,1.32,648740.0,20.45,860.5,11,0.77,0.5,10.73,277113.2027333936,778470.7407407408,5050.0,316.00148148148145,719282.5925925926,54
15min,80,150.0,350.0,100.0,True,500000.0,403,403,0,100.0,905540.0,999.99,281015.0,9.16,2247.0,10,0.61,3.22,30.18,294214.0459702395,730607.7777777778,-121100.0,473.2138888888889,563235.4166666666,36
15min,80,150.0,350.0,150.0,True,500000.0,374,372,2,99.47,184160.0,1.18,648740.0,20.65,492.4,11,0.77,0.28,6.14,256979.53730247176,721785.7407407408,-121100.0,353.02092592592595,636742.9629629629,54
15min,80,150.0,350.0,200.0,False,500000.0,369,367,2,99.46,665550.0,1.66,631820.0,19.84,1803.7,11,0.81,1.05,22.19,276144.1297576813,869036.8518518518,5050.0,94.29351851851851,860888.7037037037,54
15min,80,150.0,350.0,200.0,True,500000.0,369,367,2,99.46,479400.0,1.48,631820.0,20.09,1299.2,11,0.81,0.76,15.98,235272.8547886493,764142.0370370371,-121100.0,168.11037037037036,764145.0,54
15min,80,150.0,350.0,250.0,False,500000.0,357,355,2,99.44,1087850.0,2.09,751045.0,23.33,3047.2,11,0.88,1.45,36.26,331024.0732221208,916147.7777777778,149810.0,1.9169444444444446,916592.3611111111,36
15min,80,150.0,350.0,250.0,True,500000.0,359,357,2,99.44,856140.0,1.86,781855.0,24.68,2384.8,11,0.87,1.1,28.54,237315.31638305387,804284.7222222222,-56890.0,112.61083333333335,808511.5277777778,36
15min,80,200.0,150.0,100.0,False,500000.0,258,255,3,98.84,-580600.0,0.68,1342840.0,43.42,-2250.4,15,1.55,-0.43,-19.35,100480.11576066358,429582.77777777775,-580600.0,56.84305555555555,830491.8055555555,36
15min,80,200.0,150.0,100.0,True,500000.0,258,252,6,97.67,-975530.0,0.47,1516350.0,49.94,-3781.1,15,1.53,-0.64,-32.52,13754.358438657406,60745.833333333336,-975530.0,468.32916666666665,867876.3888888889,36
15min,80,200.0,150.0,150.0,False,500000.0,253,250,3,98.81,1490.0,1.0,1271300.0,38.48,5.9,15,1.78,0.0,0.05,118674.6331335185,525921.6666666666,-580600.0,38.470740740740744,871746.1111111111,54
15min,80,200.0,150.0,150.0,True,500000.0,254,248,6,97.64,-615490.0,0.66,1407770.0,45.55,-2423.2,15,1.74,-0.44,-20.52,13209.593920277777,61085.0,-975530.0,312.62333333333333,918753.0555555555,54
15min,80,200.0,150.0,200.0,False,500000.0,241,237,4,98.34,423360.0,1.18,1394375.0,36.66,1756.7,15,2.24,0.3,14.11,46160.19859527584,371682.22222222225,-2091670.0,1.4190740740740742,1124833.2407407407,54
15min,80,200.0,150.0,200.0,True,500000.0,242,235,7,97.11,-721020.0,0.69,1641695.0,50.09,-2979.4,15,2.2,-0.44,-24.03,-1000000.0,-7940.925925925926,-1994270.0,1.1457407407407405,1063212.4074074074,54
15min,80,200.0,200.0,100.0,False,500000.0,257,255,2,99.22,-76420.0,0.92,630840.0,20.81,-297.4,15,1.21,-0.12,-2.55,197552.08004542216,688011.2962962963,-580600.0,352.80296296296297,700108.2407407408,54
15min,80,200.0,150.0,250.0,False,500000.0,231,223,8,96.54,-1127570.0,0.74,2262245.0,54.92,-4881.3,15,2.49,-0.5,-37.59,29270.429505331074,276711.6666666667,-2091670.0,1.3805555555555555,1233790.138888889,36
15min,80,200.0,150.0,250.0,True,500000.0,235,225,10,95.74,-1994270.0,0.48,2413835.0,70.92,-8486.3,15,2.42,-0.83,-66.48,-1000000.0,-53058.61111111111,-1994270.0,1.1580555555555554,1122094.7222222222,36
15min,80,200.0,200.0,100.0,True,500000.0,257,255,2,99.22,-279820.0,0.72,787690.0,25.98,-1088.8,15,1.2,-0.36,-9.33,90248.79915277776,353708.3333333333,-975530.0,2859.501666666666,724248.3333333334,54
15min,80,200.0,200.0,150.0,True,500000.0,250,248,2,99.2,-21550.0,0.98,671380.0,22.01,-86.2,15,1.38,-0.03,-0.72,84244.12279711627,345729.8765432099,-975530.0,2774.0,781648.2098765433,81
15min,80,200.0,200.0,150.0,False,500000.0,250,248,2,99.2,347150.0,1.35,589160.0,19.31,1388.6,15,1.38,0.59,11.57,209772.87558498874,738415.3086419753,-580600.0,248.20543209876547,765982.1604938272,81
15min,80,200.0,200.0,200.0,False,500000.0,233,229,4,98.28,-16610.0,0.99,792030.0,25.35,-71.3,15,1.82,-0.02,-0.55,129557.7955057171,640603.5802469136,-2091670.0,124.9556790123457,988783.3950617284,81
15min,80,200.0,200.0,200.0,True,500000.0,234,231,3,98.72,-217420.0,0.86,758695.0,24.36,-929.1,15,1.79,-0.29,-7.25,61663.378382030176,284015.18518518517,-1994270.0,2193.3267901234562,914435.1851851852,81
15min,80,200.0,200.0,250.0,False,500000.0,230,224,6,97.39,-577320.0,0.81,1637895.0,51.94,-2510.1,15,1.97,-0.35,-19.24,96581.46961734568,539168.7037037037,-2091670.0,38.69222222222223,1104348.3333333333,54
15min,80,200.0,200.0,250.0,True,500000.0,232,229,3,98.71,-14180.0,0.99,698915.0,22.06,-61.1,15,1.9,-0.02,-0.47,45318.0035377229,222314.07407407407,-1994270.0,1320.6692592592594,980766.2037037037,54
15min,80,200.0,250.0,100.0,False,500000.0,255,255,0,100.0,802200.0,999.99,452495.0,14.95,3145.9,14,0.96,1.77,26.74,341923.2053090044,852457.2222222222,-348370.0,593.3362962962965,492266.1111111111,54
15min,80,200.0,250.0,100.0,True,500000.0,255,255,0,100.0,613850.0,999.99,452495.0,14.95,2407.3,14,0.96,1.36,20.46,236561.69397715465,638309.2592592592,-511090.0,3037.8912962962954,495870.64814814815,54
15min,80,200.0,250.0,150.0,False,500000.0,241,241,0,100.0,1237720.0,999.99,452495.0,14.87,5135.8,14,1.22,2.74,41.26,340183.2548509499,888383.086419753,-348370.0,433.3039506172839,576331.2962962963,81
15min,80,200.0,250.0,150.0,True,500000.0,241,240,1,99.59,866570.0,21665.25,452495.0,14.87,3595.7,14,1.22,1.92,28.89,234267.99052787747,660412.0987654321,-511090.0,2942.306666666667,546312.4691358025,81
15min,80,200.0,250.0,200.0,False,500000.0,232,231,1,99.57,1250760.0,3.5,560695.0,17.53,5391.2,14,1.47,2.23,41.69,283383.64264022117,902214.3209876543,-753160.0,236.22790123456792,762407.5925925926,81
15min,80,200.0,250.0,200.0,True,500000.0,232,231,1,99.57,1212840.0,30322.0,452495.0,14.61,5227.8,14,1.46,2.68,40.43,229629.5285601172,693072.5925925926,-330610.0,2353.833950617284,654743.9506172839,81
15min,80,200.0,250.0,250.0,False,500000.0,225,223,2,99.11,1182290.0,2.14,708425.0,17.36,5254.6,14,1.59,1.67,39.41,235104.27775885144,860717.9629629629,-753160.0,113.04499999999999,869985.7407407408,54
15min,80,200.0,300.0,100.0,False,500000.0,253,253,0,100.0,720280.0,999.99,340560.0,11.26,2847.0,11,0.82,2.11,24.01,579518.5055388722,942357.5925925926,255710.0,852.1922222222221,407720.8333333333,54
15min,80,200.0,250.0,250.0,True,500000.0,225,223,2,99.11,875520.0,2.64,708425.0,18.06,3891.2,14,1.58,1.24,29.18,214681.789420463,690384.4444444445,-217420.0,1468.8412962962966,710767.4074074074,54
15min,80,200.0,300.0,150.0,False,500000.0,242,241,1,99.59,691830.0,2.38,554300.0,14.23,2858.8,11,1.01,1.25,23.06,479693.8602494381,926263.3333333334,149810.0,642.788148148148,508928.3333333333,81
15min,80,200.0,300.0,100.0,True,500000.0,253,253,0,100.0,621730.0,999.99,340560.0,11.26,2457.4,11,0.82,1.83,20.72,463393.8419112849,788287.7777777778,158740.0,4347.945,398550.3703703704,54
15min,80,200.0,300.0,150.0,True,500000.0,242,241,1,99.59,510330.0,2.02,554300.0,14.71,2108.8,11,1.01,0.92,17.01,337257.4837075843,777610.987654321,-56890.0,4534.7028395061725,469061.72839506174,81
15min,80,200.0,300.0,200.0,False,500000.0,229,227,2,99.13,520290.0,1.52,850995.0,27.16,2272.0,13,1.2,0.61,17.34,425718.6749760358,997989.3827160494,71590.0,384.1146913580247,652881.2345679012,81
15min,80,200.0,300.0,200.0,True,500000.0,229,227,2,99.13,287490.0,1.29,850995.0,27.56,1255.4,13,1.2,0.34,9.58,317476.5564811292,813690.987654321,-56890.0,4407.707530864198,582560.6790123457,81
15min,80,200.0,300.0,250.0,False,500000.0,223,221,2,99.1,868030.0,1.87,823815.0,26.07,3892.5,13,1.3,1.05,28.93,395790.6905648458,983007.7777777778,71590.0,223.9748148148148,736584.6296296297,54
15min,80,200.0,300.0,250.0,True,500000.0,225,223,2,99.11,504620.0,1.5,857675.0,27.65,2242.8,13,1.29,0.59,16.82,293312.038550303,806968.8888888889,-56890.0,3608.712222222221,640274.2592592592,54
15min,80,200.0,350.0,100.0,False,500000.0,250,250,0,100.0,643060.0,999.99,271270.0,8.95,2572.2,10,0.72,2.37,21.44,526906.6328204966,811102.2222222222,255710.0,805.9269444444446,391910.69444444444,36
15min,80,200.0,350.0,100.0,True,500000.0,250,250,0,100.0,596510.0,999.99,271270.0,8.95,2386.0,10,0.72,2.2,19.88,430178.3010248834,712615.0,158740.0,2700.9941666666673,379329.44444444444,36
15min,80,200.0,350.0,150.0,True,500000.0,242,242,0,100.0,854840.0,999.99,271270.0,8.9,3532.4,10,0.84,3.15,28.49,303484.3743067017,708906.6666666666,-56890.0,2953.6775925925913,449873.3333333333,54
15min,80,200.0,350.0,150.0,False,500000.0,242,242,0,100.0,925890.0,999.99,271270.0,8.9,3826.0,10,0.84,3.41,30.86,434596.02073492267,807693.7037037037,149810.0,630.3448148148149,486165.3703703704,54
15min,80,200.0,350.0,200.0,False,500000.0,225,223,2,99.11,199740.0,1.2,630450.0,20.23,887.7,11,1.03,0.32,6.66,434358.7600301832,907760.925925926,149810.0,390.1575925925928,620980.0,54
15min,80,200.0,350.0,200.0,True,500000.0,225,223,2,99.11,21090.0,1.02,630450.0,20.5,93.7,11,1.03,0.03,0.7,300507.272095695,786572.7777777778,-56890.0,3322.7168518518506,565400.6481481482,54
15min,80,250.0,150.0,100.0,False,500000.0,168,166,2,98.81,-287340.0,0.76,870510.0,28.38,-1710.4,15,1.71,-0.33,-9.58,135352.81560868054,492309.1666666667,-580600.0,389.65166666666664,625327.0833333334,36
15min,80,250.0,150.0,150.0,False,500000.0,163,160,3,98.16,-354140.0,0.79,1189940.0,38.47,-2172.6,15,2.06,-0.3,-11.8,165811.2982166746,609738.7037037037,-580600.0,352.82740740740746,661660.8333333334,54
15min,80,250.0,150.0,150.0,True,500000.0,163,158,5,96.93,-896290.0,0.48,1431585.0,47.11,-5498.7,15,2.01,-0.63,-29.88,57377.56367880659,218421.4814814815,-975530.0,6740.952222222221,686540.2777777778,54
15min,80,250.0,150.0,100.0,True,500000.0,168,164,4,97.62,-647770.0,0.47,1029325.0,34.13,-3855.8,15,1.67,-0.63,-21.59,44406.43217549382,165806.11111111112,-975530.0,6204.444444444444,660892.7777777778,36
15min,80,200.0,350.0,250.0,False,500000.0,223,221,2,99.1,442700.0,1.44,620450.0,19.76,1985.2,11,1.07,0.71,14.76,430672.5673162856,942470.2777777778,149810.0,279.3044444444444,682144.5833333334,36
15min,80,200.0,350.0,250.0,True,500000.0,223,221,2,99.1,215550.0,1.22,620450.0,20.09,966.6,11,1.07,0.35,7.18,298467.15685045597,823923.6111111111,-56890.0,3433.2225000000003,611356.8055555555,36
15min,80,250.0,150.0,200.0,False,500000.0,162,159,3,98.15,156810.0,1.09,1123630.0,33.7,968.0,15,2.24,0.14,5.23,123584.09875083332,551656.8518518518,-2091670.0,205.05296296296297,879882.5,54
15min,80,250.0,150.0,200.0,True,500000.0,162,157,5,96.91,-654390.0,0.62,1342945.0,43.7,-4039.4,15,2.19,-0.49,-21.81,59404.8978619753,240838.33333333334,-1994270.0,7809.430185185185,766705.925925926,54
15min,80,250.0,150.0,250.0,False,500000.0,158,153,5,96.84,-373060.0,0.86,1773845.0,49.71,-2361.1,15,2.58,-0.21,-12.44,106967.90994638886,528215.0,-2091670.0,140.45138888888886,987458.6111111111,36
15min,80,250.0,200.0,100.0,False,500000.0,168,166,2,98.81,-348370.0,0.65,735725.0,24.42,-2073.6,15,1.28,-0.47,-11.61,205904.00726371282,612112.4074074074,-580600.0,593.097777777778,530474.8148148148,54
15min,80,250.0,150.0,250.0,True,500000.0,158,152,6,96.2,-894560.0,0.6,1640145.0,51.42,-5661.8,15,2.49,-0.55,-29.82,62277.08314830247,259698.61111111112,-1994270.0,8487.778333333332,800973.8888888889,36
15min,80,250.0,200.0,100.0,True,500000.0,168,165,3,98.21,-511090.0,0.49,854675.0,28.37,-3042.2,15,1.27,-0.6,-17.04,97941.20337727366,338140.55555555556,-975530.0,7029.439814814815,551767.8703703703,54
15min,80,250.0,200.0,150.0,False,500000.0,161,159,2,98.76,-18590.0,0.98,603995.0,19.94,-115.5,15,1.57,-0.03,-0.62,247065.82710611727,720909.8765432099,-580600.0,507.0328395061728,571331.8518518518,81
15min,80,250.0,200.0,150.0,True,500000.0,161,158,3,98.14,-330610.0,0.67,789235.0,26.06,-2053.5,15,1.56,-0.42,-11.02,113089.1879956714,398744.6913580247,-975530.0,7770.221975308643,581934.8765432099,81
15min,80,250.0,200.0,200.0,False,500000.0,160,158,2,98.75,353900.0,1.35,586900.0,19.01,2211.9,15,1.69,0.6,11.8,180873.80662342327,726258.2716049383,-2091670.0,322.324938271605,754755.6172839506,81
15min,80,250.0,200.0,250.0,True,500000.0,158,155,3,98.1,77790.0,1.08,779980.0,25.43,492.3,15,1.9,0.1,2.59,113105.78689500684,439295.18518518517,-1994270.0,8043.636296296296,712644.8148148148,54
15min,80,250.0,200.0,200.0,True,500000.0,160,157,3,98.12,-107070.0,0.89,695255.0,22.77,-669.2,15,1.68,-0.15,-3.57,113153.0925546319,425214.0740740741,-1994270.0,8230.134320987654,669457.3456790124,81
15min,80,250.0,200.0,250.0,False,500000.0,157,153,4,97.45,-270790.0,0.87,1339130.0,43.66,-1724.8,15,1.99,-0.2,-9.03,165596.09044733542,720533.1481481482,-2091670.0,205.40370370370368,850878.0555555555,54
15min,80,250.0,250.0,100.0,True,500000.0,167,167,0,100.0,487110.0,999.99,436480.0,14.49,2916.8,13,1.07,1.12,16.24,199272.22655215836,485467.4074074074,-511090.0,6653.179259259259,383631.75925925927,54
15min,80,250.0,250.0,100.0,False,500000.0,167,167,0,100.0,595610.0,999.99,436480.0,14.49,3566.5,13,1.07,1.36,19.85,289979.744639875,645005.925925926,-348370.0,741.1246296296295,376382.1296296296,54
15min,80,250.0,250.0,150.0,False,500000.0,161,161,0,100.0,896610.0,999.99,436480.0,14.43,5569.0,13,1.26,2.05,29.89,310975.0669522793,722644.1975308642,-348370.0,642.6746913580246,425672.77777777775,81
15min,80,250.0,250.0,150.0,True,500000.0,161,161,0,100.0,657810.0,999.99,436480.0,14.43,4085.8,13,1.26,1.51,21.93,208357.9000607528,530637.2839506173,-511090.0,7315.061604938272,425333.64197530865,81
15min,80,250.0,250.0,200.0,False,500000.0,157,156,1,99.36,723440.0,2.45,632330.0,19.55,4607.9,13,1.48,1.14,24.11,314875.7252409865,822232.8395061728,-753160.0,457.95530864197525,568855.3703703703,81
15min,80,250.0,250.0,200.0,True,500000.0,157,156,1,99.36,327890.0,1.66,677180.0,21.52,2088.5,13,1.48,0.48,10.93,239147.38619839714,616151.975308642,-330610.0,7644.0403703703705,512906.72839506174,81
15min,80,250.0,250.0,250.0,False,500000.0,156,155,1,99.36,1098190.0,3.2,597850.0,18.1,7039.7,13,1.61,1.84,36.61,302697.34487814194,857385.7407407408,-753160.0,353.3203703703704,646242.3148148148,54
15min,80,250.0,300.0,100.0,False,500000.0,166,166,0,100.0,485430.0,999.99,329245.0,10.93,2924.3,11,0.84,1.47,16.18,517108.9963686514,705549.4444444445,267670.0,944.5401851851849,300618.3333333333,54
15min,80,250.0,250.0,250.0,True,500000.0,156,155,1,99.36,528040.0,2.06,644390.0,20.21,3384.9,13,1.61,0.82,17.6,245061.22142883402,652595.5555555555,-217420.0,7379.674444444445,559877.3148148148,54
15min,80,250.0,300.0,100.0,True,500000.0,166,166,0,100.0,417780.0,999.99,329245.0,10.93,2516.7,11,0.84,1.27,13.93,428754.1232340439,609430.925925926,186080.0,4767.743888888888,298200.9259259259,54
15min,80,250.0,300.0,150.0,False,500000.0,160,160,0,100.0,773490.0,999.99,329245.0,10.89,4834.3,11,1.07,2.35,25.78,451608.35342460684,756133.4567901235,149810.0,815.2264197530864,358379.7530864198,81
15min,80,250.0,300.0,150.0,True,500000.0,160,160,0,100.0,641340.0,999.99,329245.0,10.89,4008.4,11,1.07,1.95,21.38,307965.93923884246,642275.061728395,-56890.0,5343.960246913581,352627.962962963,81
15min,80,250.0,300.0,200.0,False,500000.0,159,159,0,100.0,1190350.0,999.99,418065.0,13.14,7486.5,11,1.17,2.85,39.68,500504.31968050706,905117.5308641975,149810.0,642.7850617283949,459611.2962962963,81
15min,80,250.0,300.0,250.0,True,500000.0,155,155,0,100.0,1254000.0,999.99,418065.0,13.3,8090.3,11,1.3,3.0,41.8,318826.88857705647,753948.1481481482,-56890.0,4821.811666666666,505014.72222222225,54
15min,80,250.0,350.0,100.0,False,500000.0,166,166,0,100.0,427350.0,999.99,260855.0,8.66,2574.4,9,0.71,1.64,14.25,492999.30364378094,632464.7222222222,267670.0,916.815277777778,280542.3611111111,36
15min,80,250.0,350.0,100.0,True,500000.0,166,165,1,99.4,383650.0,9592.25,260855.0,8.66,2311.1,9,0.71,1.47,12.79,412451.20627966605,572741.6666666666,186080.0,2811.9005555555564,280542.3611111111,36
15min,80,250.0,300.0,200.0,True,500000.0,159,159,0,100.0,1021450.0,999.99,418065.0,13.46,6424.2,11,1.17,2.44,34.05,327811.8129920739,731197.0370370371,-56890.0,5386.87,451155.6790123457,81
15min,80,250.0,300.0,250.0,False,500000.0,155,155,0,100.0,1466400.0,999.99,418065.0,12.91,9460.6,11,1.3,3.51,48.88,501773.0765128396,949090.925925926,149810.0,519.6324074074075,516837.4074074074,54
15min,80,250.0,350.0,150.0,False,500000.0,158,158,0,100.0,856670.0,999.99,321735.0,10.34,5422.0,9,0.96,2.66,28.56,414524.8620331125,662574.074074074,149810.0,815.1177777777775,342232.68518518517,54
15min,80,250.0,350.0,150.0,True,500000.0,158,157,1,99.37,789970.0,19750.25,321735.0,10.43,4999.8,9,0.96,2.46,26.33,278534.59366126644,583717.0370370371,-56890.0,3101.5596296296285,342579.9074074074,54
15min,80,250.0,350.0,200.0,False,500000.0,158,158,0,100.0,1070680.0,999.99,321735.0,10.22,6776.5,9,1.03,3.33,35.69,464713.6071280357,819945.7407407408,149810.0,685.7431481481481,437166.01851851854,54
15min,80,250.0,350.0,200.0,True,500000.0,158,157,1,99.37,980980.0,24525.5,321735.0,10.34,6208.7,9,1.03,3.05,32.7,307823.3208353495,699812.7777777778,-56890.0,3544.533703703703,439253.4259259259,54
15min,80,250.0,350.0,250.0,False,500000.0,153,153,0,100.0,1316540.0,999.99,321735.0,10.09,8604.8,9,1.16,4.09,43.88,470574.82336335606,871051.6666666666,149810.0,611.7944444444446,486397.6388888889,36
15min,80,300.0,150.0,100.0,False,500000.0,117,117,0,100.0,877040.0,999.99,309450.0,8.27,7496.1,15,1.91,2.83,29.23,203074.98771418224,622189.1666666666,-354140.0,583.8145833333334,491835.2083333333,24
15min,80,250.0,350.0,250.0,True,500000.0,154,153,1,99.35,1206310.0,30158.75,321735.0,10.22,7833.2,9,1.16,3.75,40.21,303866.29702940775,731678.0555555555,-56890.0,3655.0413888888893,489528.75,36
15min,80,300.0,150.0,100.0,True,500000.0,117,115,2,98.29,595790.0,3505.65,309450.0,8.77,5092.2,15,1.9,1.93,19.86,88122.7569559375,298844.1666666667,-896290.0,9306.151666666667,525606.875,24
15min,80,300.0,150.0,150.0,False,500000.0,116,116,0,100.0,1217560.0,999.99,337045.0,9.18,10496.2,15,2.13,3.61,40.59,268076.95875612437,754208.3333333334,-354140.0,528.5100000000001,525223.0555555555,36
15min,80,300.0,150.0,150.0,True,500000.0,116,114,2,98.28,749880.0,4412.06,309435.0,8.49,6464.5,15,2.08,2.42,25.0,102769.45454486883,353525.27777777775,-896290.0,10110.880000000001,546504.8611111111,36
15min,80,300.0,150.0,200.0,False,500000.0,114,114,0,100.0,1581680.0,999.99,337045.0,8.78,13874.4,15,2.35,4.69,52.72,220344.4249269273,767454.7222222222,-977300.0,306.88166666666666,700214.1666666666,36
15min,80,300.0,150.0,250.0,True,500000.0,113,111,2,98.23,1087160.0,6396.06,309435.0,7.89,9620.9,15,2.47,3.51,36.24,137251.77423510415,496360.8333333333,-894560.0,12731.082500000002,617419.375,24
15min,80,300.0,150.0,250.0,False,500000.0,113,112,1,99.12,1470190.0,3.93,658380.0,14.88,13010.5,15,2.58,2.23,49.01,214781.7052246432,797597.0833333334,-977300.0,210.00166666666667,774554.375,24
15min,80,300.0,200.0,100.0,True,500000.0,117,116,1,99.15,428030.0,21402.5,206220.0,6.37,3658.4,11,1.39,2.08,14.27,124608.42441759257,399970.8333333333,-896290.0,8435.761666666667,442281.1111111111,36
15min,80,300.0,150.0,200.0,True,500000.0,114,112,2,98.25,953000.0,5606.88,309435.0,8.1,8359.6,15,2.3,3.08,31.77,119650.13505499998,430234.44444444444,-896290.0,11713.563333333332,609477.5,36
15min,80,300.0,200.0,100.0,False,500000.0,117,117,0,100.0,574330.0,999.99,206220.0,6.22,4908.8,11,1.39,2.79,19.14,252398.95758280167,654220.2777777778,-354140.0,722.5397222222224,422218.3333333333,36
15min,80,300.0,200.0,150.0,False,500000.0,116,116,0,100.0,781530.0,999.99,206220.0,6.06,6737.3,11,1.5,3.79,26.05,310900.8007843087,773414.6296296297,-354140.0,648.7431481481481,463576.1111111111,54
15min,80,300.0,200.0,150.0,True,500000.0,116,115,1,99.14,520780.0,26040.0,206475.0,6.28,4489.5,11,1.5,2.52,17.36,136897.68079958847,449085.18518518517,-896290.0,8967.211851851853,475816.1111111111,54
15min,80,300.0,200.0,200.0,False,500000.0,114,114,0,100.0,1087010.0,999.99,279905.0,7.61,9535.2,11,1.73,3.88,36.23,297120.46522065863,845098.3333333334,-977300.0,427.16166666666686,610039.5370370371,54
15min,80,300.0,200.0,200.0,True,500000.0,114,113,1,99.12,662910.0,33146.5,279905.0,8.21,5815.0,11,1.73,2.37,22.1,151643.4087061111,522456.1111111111,-896290.0,9712.509074074074,548745.0,54
15min,80,300.0,200.0,250.0,False,500000.0,113,112,1,99.12,904190.0,2.81,623805.0,17.43,8001.7,13,1.95,1.45,30.14,298382.8430541236,889789.4444444445,-977300.0,307.19694444444445,680312.5,36
15min,80,300.0,200.0,250.0,True,500000.0,114,113,1,99.12,773310.0,38666.5,279905.0,8.1,6783.4,11,1.89,2.76,25.78,162257.68878993054,569112.5,-894560.0,10141.33,574467.3611111111,36
15min,80,300.0,250.0,100.0,False,500000.0,117,117,0,100.0,436960.0,999.99,149460.0,4.64,3734.7,9,1.1,2.92,14.57,287920.60444068955,604954.1666666666,-348370.0,861.2730555555559,295391.1111111111,36
15min,80,300.0,250.0,100.0,True,500000.0,117,116,1,99.15,405610.0,10141.25,149460.0,4.64,3466.8,9,1.1,2.71,13.52,206841.99502216835,473892.77777777775,-511090.0,7788.039444444444,305072.3611111111,36
15min,80,300.0,250.0,150.0,False,500000.0,116,116,0,100.0,608940.0,999.99,149460.0,4.52,5249.5,9,1.22,4.07,20.3,346459.3569940611,723728.5185185185,-348370.0,796.6814814814811,333644.25925925927,54
15min,80,300.0,250.0,150.0,True,500000.0,116,115,1,99.14,555090.0,13878.25,149460.0,4.52,4785.3,9,1.22,3.71,18.5,242073.2020614605,540786.6666666666,-511090.0,8228.915185185186,341267.5,54
15min,80,300.0,250.0,200.0,False,500000.0,112,112,0,100.0,902540.0,999.99,353620.0,10.54,8058.4,10,1.47,2.55,30.08,410246.2252162467,893498.3333333334,-270790.0,630.539074074074,441363.4259259259,54
15min,80,300.0,250.0,200.0,True,500000.0,112,111,1,99.11,715490.0,17888.25,353620.0,10.73,6388.3,10,1.47,2.02,23.85,304210.39535362506,674368.7037037037,-330610.0,8833.288148148147,410855.3703703704,54
15min,80,300.0,300.0,100.0,False,500000.0,117,117,0,100.0,377050.0,999.99,112345.0,3.39,3222.6,7,0.9,3.36,12.57,494346.0492744391,620568.3333333334,267670.0,999.9899999999998,237696.11111111112,36
15min,80,300.0,300.0,100.0,True,500000.0,117,117,0,100.0,377050.0,999.99,112345.0,3.39,3222.6,7,0.9,3.36,12.57,471400.3853550599,557821.1111111111,267670.0,4793.432777777777,235244.44444444444,36
15min,80,300.0,250.0,250.0,False,500000.0,112,111,1,99.11,605620.0,2.21,617980.0,19.63,5407.3,11,1.59,0.98,20.19,437943.32836729375,978163.6111111111,-270790.0,529.0250000000001,503474.02777777775,36
15min,80,300.0,250.0,250.0,True,500000.0,112,110,2,98.21,310220.0,1.62,674330.0,21.56,2769.8,11,1.59,0.46,10.34,334136.0720739267,738321.9444444445,-107070.0,9145.325277777776,452320.8333333333,36
15min,80,300.0,300.0,150.0,False,500000.0,116,116,0,100.0,506180.0,999.99,117795.0,3.61,4363.6,7,0.97,4.3,16.87,539471.6260580631,725124.8148148148,267670.0,944.602222222222,277951.1111111111,54
15min,80,300.0,300.0,150.0,True,500000.0,116,116,0,100.0,506180.0,999.99,117795.0,3.61,4363.6,7,0.97,4.3,16.87,500629.8723893763,637221.1111111111,267670.0,5161.3066666666655,276003.24074074073,54
15min,80,300.0,300.0,200.0,False,500000.0,114,114,0,100.0,726700.0,999.99,152625.0,4.4,6374.6,7,1.15,4.76,24.22,718140.1643905949,950326.6666666666,390130.0,852.3255555555553,347413.98148148146,54
15min,80,300.0,300.0,200.0,True,500000.0,114,114,0,100.0,726700.0,999.99,152625.0,4.4,6374.6,7,1.15,4.76,24.22,598249.7082108048,807204.6296296297,310220.0,5392.080925925925,346610.55555555556,54
15min,80,300.0,300.0,250.0,False,500000.0,113,113,0,100.0,1116010.0,999.99,407565.0,13.02,9876.2,10,1.27,2.74,37.2,831626.5200031989,1052128.3333333333,504320.0,778.4933333333336,387394.8611111111,36
15min,80,300.0,350.0,100.0,False,500000.0,117,117,0,100.0,323070.0,999.99,93380.0,2.95,2761.3,6,0.73,3.46,10.77,475848.5822164801,571711.25,267670.0,999.9900000000001,215051.875,24
15min,80,300.0,300.0,250.0,True,500000.0,113,113,0,100.0,1116010.0,999.99,407565.0,13.02,9876.2,10,1.27,2.74,37.2,627072.6774932852,881228.6111111111,310220.0,5308.566944444444,386306.3888888889,36
15min,80,300.0,350.0,100.0,True,500000.0,117,117,0,100.0,323070.0,999.99,93380.0,2.95,2761.3,6,0.73,3.46,10.77,462529.1749224677,535619.5833333334,267670.0,3842.6583333333333,215051.875,24
15min,80,300.0,350.0,150.0,False,500000.0,115,115,0,100.0,454390.0,999.99,210200.0,6.6,3951.2,7,0.84,2.16,15.15,523507.44384465675,681773.6111111111,267670.0,972.2986111111111,246785.55555555556,36
15min,80,300.0,350.0,150.0,True,500000.0,115,115,0,100.0,454390.0,999.99,210200.0,6.6,3951.2,7,0.84,2.16,15.15,504668.8118488413,635729.1666666666,267670.0,4402.022222222221,246785.55555555556,36
15min,80,300.0,350.0,200.0,False,500000.0,111,111,0,100.0,714360.0,999.99,315410.0,10.22,6435.7,8,1.03,2.26,23.81,718128.7120948253,925297.2222222222,390130.0,944.6275,306275.8333333333,36
15min,80,300.0,350.0,200.0,True,500000.0,111,111,0,100.0,714360.0,999.99,315410.0,10.22,6435.7,8,1.03,2.26,23.81,688074.0522279023,857357.2222222222,390130.0,5232.921111111111,306275.8333333333,36
15min,80,300.0,350.0,250.0,False,500000.0,110,110,0,100.0,882520.0,999.99,315410.0,10.16,8022.9,8,1.12,2.8,29.42,849775.224726662,1041105.4166666666,504320.0,916.94625,335177.9166666667,24
15min,80,300.0,350.0,250.0,True,500000.0,110,110,0,100.0,882520.0,999.99,315410.0,10.16,8022.9,8,1.12,2.8,29.42,802661.9074533088,964535.0,504320.0,5481.937916666666,335177.9166666667,24
15min,120,100.0,150.0,100.0,False,500000.0,576,570,6,98.96,-541350.0,0.84,1770380.0,54.34,-939.8,15,1.4,-0.31,-18.04,29966.901792286375,352919.375,-700790.0,1.3218750000000001,1357643.75,16
15min,120,100.0,150.0,100.0,True,500000.0,579,574,5,99.14,-59140.0,0.97,1814080.0,45.13,-102.1,15,1.39,-0.03,-1.97,60382.83082601601,437126.25,-134250.0,1.4175,1025496.25,16
15min,120,100.0,150.0,150.0,True,500000.0,559,553,6,98.93,-122230.0,0.96,1780830.0,41.74,-218.7,15,1.52,-0.07,-4.07,57840.63255772082,447190.4166666667,-590400.0,1.405833333333333,1079960.0,24
15min,120,100.0,150.0,150.0,False,500000.0,554,546,8,98.56,-700790.0,0.84,1958735.0,62.74,-1265.0,15,1.55,-0.36,-23.36,39373.39768093528,472796.25,-761680.0,1.3929166666666664,1402134.1666666667,24
15min,120,100.0,150.0,200.0,False,500000.0,541,533,8,98.52,440650.0,1.1,1773835.0,56.29,814.5,15,1.66,0.25,14.69,13881.190606333113,287537.5,-2466720.0,1.3258333333333334,1635881.0416666667,24
15min,120,100.0,150.0,200.0,True,500000.0,548,541,7,98.72,291450.0,1.1,1731670.0,38.57,531.8,15,1.63,0.17,9.71,54238.55553274695,478767.0833333333,-590400.0,1.3870833333333332,1183264.7916666667,24
15min,120,100.0,150.0,250.0,False,500000.0,529,515,14,97.35,-2466720.0,0.66,3554600.0,111.58,-4663.0,15,1.73,-0.69,-82.22,3783.44869500427,121128.125,-2466720.0,1.2418749999999998,1748484.375,16
15min,120,100.0,200.0,100.0,False,500000.0,552,547,5,99.09,-228320.0,0.91,1969870.0,63.42,-413.6,15,1.14,-0.12,-7.61,110650.34201902778,638700.8333333334,-700790.0,167.83916666666667,1133785.8333333333,24
15min,120,100.0,150.0,250.0,True,500000.0,537,529,8,98.51,150490.0,1.05,1944945.0,41.31,280.2,15,1.7,0.08,5.02,43946.708260633,436839.375,-590400.0,1.315,1234969.375,16
15min,120,100.0,200.0,100.0,True,500000.0,559,555,4,99.28,914900.0,1.91,572775.0,18.12,1636.7,15,1.1,1.6,30.5,133434.13053751158,575663.75,-134250.0,1433.6962500000002,919296.6666666666,24
15min,120,100.0,200.0,150.0,False,500000.0,540,535,5,99.07,402500.0,1.16,1973010.0,62.55,745.4,15,1.2,0.2,13.42,113487.27947888119,704679.7222222222,-761680.0,112.4336111111111,1194759.861111111,36
15min,120,100.0,200.0,150.0,True,500000.0,547,543,4,99.27,1277830.0,2.27,569775.0,17.73,2336.1,15,1.17,2.24,42.59,117549.37741729505,557881.3888888889,-590400.0,956.3122222222222,973827.2222222222,36
15min,120,100.0,200.0,200.0,False,500000.0,530,522,8,98.49,-761680.0,0.81,2593345.0,83.37,-1437.1,15,1.27,-0.29,-25.39,77630.20471737653,626696.3888888889,-2466720.0,56.94138888888889,1380639.4444444445,36
15min,120,100.0,200.0,200.0,True,500000.0,537,532,5,99.07,1119520.0,1.74,803000.0,18.64,2084.8,15,1.24,1.39,37.32,109147.56442451586,572854.4444444445,-590400.0,558.4930555555557,1057313.1944444445,36
15min,120,100.0,200.0,250.0,False,500000.0,516,507,9,98.26,-740590.0,0.84,2516155.0,79.56,-1435.3,15,1.34,-0.29,-24.69,37593.67466519124,506781.25,-2466720.0,1.44625,1487078.5416666667,24
15min,120,100.0,200.0,250.0,True,500000.0,527,522,5,99.05,1376620.0,1.92,719490.0,17.04,2612.2,15,1.3,1.91,45.89,67691.98411816642,521317.9166666667,-590400.0,1.4570833333333333,1108851.25,24
15min,120,100.0,250.0,100.0,False,500000.0,549,547,2,99.64,756000.0,1.76,929145.0,29.88,1377.0,14,0.89,0.81,25.2,288703.93983470794,930369.5833333334,-228320.0,334.41625,891302.0833333334,24
15min,120,100.0,250.0,100.0,True,500000.0,553,550,3,99.46,498610.0,1.5,970535.0,31.56,901.6,14,0.88,0.51,16.62,494565.3967824975,924322.5,230510.0,1600.5579166666666,628857.7083333334,24
15min,120,100.0,250.0,150.0,False,500000.0,526,523,3,99.43,771570.0,1.51,909630.0,28.51,1466.9,14,0.98,0.85,25.72,267251.7296571599,980941.3888888889,-761680.0,223.70055555555552,976897.0833333334,36
15min,120,100.0,250.0,150.0,True,500000.0,533,527,6,98.87,256160.0,1.17,939675.0,30.64,480.6,14,0.97,0.27,8.54,499216.99460267834,977119.7222222222,230510.0,1123.228611111111,665125.0,36
15min,120,100.0,250.0,200.0,False,500000.0,506,503,3,99.41,1341460.0,1.89,1075455.0,33.17,2651.1,14,1.05,1.25,44.72,243344.69707484794,1070966.111111111,-761680.0,112.94722222222222,1101745.9722222222,36
15min,120,100.0,250.0,200.0,True,500000.0,513,506,7,98.64,599640.0,1.4,940695.0,30.51,1168.9,14,1.05,0.64,19.99,521187.4499292724,1080765.8333333333,233940.0,725.3822222222226,709982.5,36
15min,120,100.0,250.0,250.0,True,500000.0,506,498,8,98.42,825300.0,1.55,916595.0,29.57,1631.0,14,1.08,0.9,27.51,505522.4887702147,1092845.0,233940.0,168.34166666666667,745994.5833333334,24
15min,120,100.0,250.0,250.0,False,500000.0,498,495,3,99.4,1876020.0,2.25,1020415.0,31.07,3767.1,14,1.08,1.84,62.53,184369.29178114992,1017841.6666666666,-761680.0,2.1625,1198265.4166666667,24
15min,120,100.0,300.0,100.0,False,500000.0,544,542,2,99.63,482570.0,1.48,988290.0,32.08,887.1,12,0.72,0.49,16.09,325499.61333323683,880865.8333333334,5050.0,417.56583333333333,676408.75,24
15min,120,100.0,300.0,100.0,True,500000.0,546,544,2,99.63,841810.0,2.68,794950.0,25.8,1541.8,11,0.71,1.06,28.06,268840.30242242076,744802.5,-121100.0,1683.5629166666668,640283.125,24
15min,120,100.0,300.0,150.0,False,500000.0,521,519,2,99.62,883350.0,1.88,1241535.0,39.74,1695.5,12,0.78,0.71,29.44,329278.7513156179,928273.0555555555,5050.0,279.09,760958.3333333334,36
15min,120,100.0,300.0,150.0,True,500000.0,523,521,2,99.62,1106270.0,3.21,807520.0,26.28,2115.2,11,0.79,1.37,36.88,267509.2979268628,783294.7222222222,-121100.0,1178.5108333333333,689438.1944444445,36
15min,120,100.0,300.0,200.0,False,500000.0,510,508,2,99.61,1253730.0,2.25,1179685.0,37.43,2458.3,12,0.81,1.06,41.79,361994.7192920747,1097046.9444444445,5050.0,112.93083333333335,870995.4166666666,36
15min,120,100.0,300.0,200.0,True,500000.0,512,510,2,99.61,1363100.0,3.72,784020.0,25.38,2662.3,11,0.81,1.74,45.44,281960.66584461834,876231.3888888889,-121100.0,725.2291666666667,758805.8333333334,36
15min,120,100.0,300.0,250.0,True,500000.0,500,497,3,99.4,1158160.0,2.16,760990.0,24.42,2316.3,11,0.86,1.52,38.61,366171.2242712549,943165.8333333334,134760.0,168.26666666666668,785542.5,24
15min,120,100.0,300.0,250.0,False,500000.0,496,493,3,99.4,1133180.0,1.75,1130065.0,35.42,2284.6,12,0.86,1.0,37.77,499854.4745108291,1174388.3333333333,310340.0,2.2279166666666668,929970.8333333334,24
15min,120,100.0,350.0,100.0,False,500000.0,534,532,2,99.63,208570.0,1.21,571150.0,17.99,390.6,12,0.6,0.37,6.95,253026.3869970623,716166.875,5050.0,375.911875,671578.125,16
15min,120,100.0,350.0,100.0,True,500000.0,534,532,2,99.63,111670.0,1.11,571150.0,18.23,209.1,12,0.6,0.2,3.72,241742.13342175068,690834.375,-121100.0,376.2175,606975.9375,16
15min,120,100.0,350.0,150.0,False,500000.0,509,506,3,99.41,5050.0,1.0,953110.0,30.59,9.9,12,0.67,0.01,0.17,275433.8329996734,808186.25,5050.0,251.37750000000003,751431.875,24
15min,120,100.0,350.0,150.0,True,500000.0,509,506,3,99.41,-121100.0,0.92,986065.0,31.97,-237.9,12,0.67,-0.12,-4.04,264963.6688458825,785310.4166666666,-121100.0,334.70374999999996,653376.4583333334,24
15min,120,100.0,350.0,200.0,False,500000.0,505,502,3,99.41,310340.0,1.21,1038800.0,33.12,614.5,12,0.68,0.3,10.34,314368.0198062207,993063.3333333334,5050.0,85.30999999999999,871415.0,24
15min,120,100.0,350.0,200.0,True,500000.0,505,501,4,99.21,134760.0,1.09,1068090.0,34.37,266.9,12,0.69,0.13,4.49,300164.2205816678,933832.5,-121100.0,251.49125,735503.75,24
15min,120,150.0,150.0,100.0,False,500000.0,343,341,2,99.42,300150.0,1.25,854910.0,25.09,875.1,15,1.44,0.35,10.0,33071.191278787104,302411.25,-700790.0,1.3395833333333333,1183639.1666666667,24
15min,120,100.0,350.0,250.0,True,500000.0,488,484,4,99.18,409080.0,1.27,1046060.0,33.42,838.3,12,0.73,0.39,13.64,423463.35016530234,1069611.25,134760.0,251.529375,750006.25,16
15min,120,100.0,350.0,250.0,False,500000.0,488,485,3,99.39,644800.0,1.43,997130.0,31.56,1321.3,12,0.73,0.65,21.49,482722.1160366178,1122538.75,310340.0,2.414375,912822.8125,16
15min,120,150.0,150.0,100.0,True,500000.0,343,340,3,99.13,-134250.0,0.89,854910.0,26.97,-391.4,15,1.43,-0.16,-4.48,29995.600942622823,230931.66666666666,-975530.0,1.2725,979257.2916666666,24
15min,120,150.0,150.0,150.0,False,500000.0,315,312,3,99.05,979480.0,1.57,1083060.0,27.56,3109.5,15,1.97,0.9,32.65,52212.83449279811,454100.27777777775,-761680.0,1.4713888888888889,1218555.6944444445,36
15min,120,150.0,150.0,150.0,True,500000.0,317,312,5,98.42,76560.0,1.04,1226410.0,34.03,241.5,15,1.94,0.06,2.55,33594.15904403626,262731.1111111111,-975530.0,1.3041666666666665,1019564.1666666666,36
15min,120,150.0,150.0,200.0,False,500000.0,307,302,5,98.37,702340.0,1.26,1229985.0,28.39,2287.8,15,2.15,0.57,23.41,25749.676374154416,328816.3888888889,-2466720.0,1.4241666666666668,1450133.1944444445,36
15min,120,150.0,150.0,200.0,True,500000.0,310,303,7,97.74,-590400.0,0.78,1509050.0,39.98,-1904.5,15,2.11,-0.39,-19.68,32738.443411902088,275584.1666666667,-1994270.0,1.335,1110138.3333333333,36
15min,120,150.0,150.0,250.0,False,500000.0,301,294,7,97.67,448780.0,1.12,1397845.0,35.95,1491.0,15,2.28,0.32,14.96,12381.49614803121,210909.58333333334,-2466720.0,1.3637500000000002,1569530.8333333333,24
15min,120,150.0,150.0,250.0,True,500000.0,306,299,7,97.71,-233250.0,0.91,1431525.0,36.37,-762.3,15,2.21,-0.16,-7.78,25389.236793281252,233050.0,-1994270.0,1.3050000000000002,1165185.4166666667,24
15min,120,150.0,200.0,100.0,False,500000.0,339,337,2,99.41,393060.0,1.39,583520.0,17.27,1159.5,15,1.1,0.67,13.1,116292.62275296298,576446.1111111111,-700790.0,223.30833333333334,991296.6666666666,36
15min,120,150.0,200.0,100.0,True,500000.0,339,337,2,99.41,230510.0,1.23,583520.0,17.58,680.0,15,1.1,0.4,7.68,96329.97506851851,422377.77777777775,-975530.0,2156.855555555556,859670.4166666666,36
15min,120,150.0,200.0,150.0,True,500000.0,310,308,2,99.35,553660.0,1.55,560600.0,16.7,1786.0,15,1.48,0.99,18.46,97532.24235714677,442800.74074074073,-975530.0,2484.878333333333,898689.2592592592,54
15min,120,150.0,200.0,150.0,False,500000.0,307,305,2,99.35,1064720.0,2.06,560600.0,16.51,3468.1,15,1.5,1.9,35.49,130071.41279286075,674178.1481481482,-761680.0,149.51018518518518,1039995.5555555555,54
15min,120,150.0,200.0,200.0,False,500000.0,304,302,2,99.34,1573910.0,2.57,564195.0,17.66,5177.3,15,1.56,2.79,52.46,95780.72255341566,620784.6296296297,-2466720.0,75.53888888888889,1228551.111111111,54
15min,120,150.0,200.0,200.0,True,500000.0,307,305,2,99.35,872850.0,1.87,549150.0,16.05,2843.2,15,1.54,1.59,29.1,90876.89258109737,443740.9259259259,-1994270.0,2182.7274074074076,976014.074074074,54
15min,120,150.0,250.0,100.0,False,500000.0,326,326,0,100.0,1142810.0,999.99,458695.0,14.98,3505.6,14,0.97,2.49,38.09,282766.31727294775,831003.6111111111,-228320.0,389.90472222222223,761085.8333333334,36
15min,120,150.0,200.0,250.0,False,500000.0,293,287,6,97.95,11300.0,1.0,1366680.0,42.23,38.6,15,1.75,0.01,0.38,55633.19235850692,527850.2777777778,-2466720.0,1.5930555555555557,1338404.861111111,36
15min,120,150.0,200.0,250.0,True,500000.0,299,296,3,99.0,514000.0,1.34,822470.0,21.92,1719.1,15,1.67,0.62,17.13,77649.21677222222,399302.77777777775,-1994270.0,1571.16,1027690.0,36
15min,120,150.0,250.0,100.0,True,500000.0,326,325,1,99.69,938110.0,6701.79,458695.0,14.98,2877.6,14,0.97,2.05,31.27,291287.58522787207,754333.3333333334,-279820.0,2323.6630555555557,589935.5555555555,36
15min,120,150.0,250.0,150.0,False,500000.0,306,306,0,100.0,1638180.0,999.99,458695.0,14.73,5353.5,14,1.2,3.57,54.61,265141.74337838864,873487.7777777778,-761680.0,260.69777777777773,834572.4074074074,54
15min,120,150.0,250.0,150.0,True,500000.0,306,305,1,99.67,1304730.0,9320.5,458695.0,14.73,4263.8,14,1.2,2.84,43.49,294810.96775487834,798160.1851851852,-279820.0,2633.202037037037,623508.0555555555,54
15min,120,150.0,250.0,200.0,False,500000.0,291,288,3,98.97,505020.0,1.34,950240.0,29.3,1735.5,14,1.38,0.53,16.83,232678.74686861952,934590.7407407408,-761680.0,112.90944444444443,979741.6666666666,54
15min,120,150.0,250.0,200.0,True,500000.0,292,287,5,98.29,431420.0,1.43,567220.0,17.28,1477.5,14,1.37,0.76,14.38,307669.9808601228,873747.7777777778,-217420.0,2294.0474074074073,679501.9444444445,54
15min,120,150.0,250.0,250.0,False,500000.0,287,284,3,98.95,930340.0,1.62,886420.0,26.91,3241.6,14,1.42,1.05,31.01,177361.1421106466,884947.7777777778,-761680.0,2.081388888888889,1077986.5277777778,36
15min,120,150.0,250.0,250.0,True,500000.0,288,283,5,98.26,649140.0,1.65,559220.0,15.83,2254.0,14,1.41,1.16,21.64,296431.28675088286,883210.8333333334,-217420.0,1682.4613888888891,717415.4166666666,36
15min,120,150.0,300.0,100.0,False,500000.0,322,322,0,100.0,934860.0,999.99,344660.0,11.28,2903.3,11,0.81,2.71,31.16,343543.7692573885,838850.5555555555,5050.0,556.2661111111113,580329.4444444445,36
15min,120,150.0,300.0,100.0,True,500000.0,322,322,0,100.0,815160.0,999.99,344660.0,11.28,2531.6,11,0.81,2.37,27.17,279310.5489790767,701030.5555555555,-121100.0,2489.974166666667,556245.6944444445,36
15min,120,150.0,300.0,150.0,False,500000.0,300,300,0,100.0,1362680.0,999.99,344660.0,11.12,4542.3,11,1.02,3.95,45.42,321577.223786488,847368.7037037037,5050.0,371.53222222222234,665809.8148148148,54
15min,120,150.0,300.0,150.0,True,500000.0,300,300,0,100.0,1124880.0,999.99,344660.0,11.12,3749.6,11,1.02,3.26,37.5,252083.3363974984,706048.1481481482,-121100.0,2744.0185185185173,613931.574074074,54
15min,120,150.0,300.0,200.0,False,500000.0,291,290,1,99.66,1320400.0,3.64,854360.0,26.74,4537.5,13,1.1,1.55,44.01,327369.88882839837,956838.3333333334,5050.0,149.8287037037037,786179.2592592592,54
15min,120,150.0,300.0,200.0,True,500000.0,294,294,0,100.0,1521020.0,999.99,420815.0,13.25,5173.5,11,1.09,3.61,50.7,237624.36953199975,745709.4444444445,-121100.0,2330.8875925925927,701987.8703703703,54
15min,120,150.0,350.0,100.0,False,500000.0,323,323,0,100.0,790650.0,999.99,274970.0,9.0,2447.8,10,0.63,2.88,26.35,280956.9323141015,696017.9166666666,5050.0,500.77625000000006,567188.3333333334,24
15min,120,150.0,300.0,250.0,False,500000.0,286,285,1,99.65,1670250.0,4.34,837360.0,25.91,5840.0,13,1.15,1.99,55.67,376447.1500239743,980578.6111111111,149810.0,2.073611111111111,857387.3611111111,36
15min,120,150.0,300.0,250.0,True,500000.0,289,289,0,100.0,1783870.0,999.99,420815.0,13.12,6172.6,11,1.13,4.24,59.46,231453.6561270768,762535.8333333334,-56890.0,1682.3461111111117,747004.3055555555,36
15min,120,150.0,350.0,150.0,False,500000.0,295,293,2,99.32,270290.0,1.27,770765.0,24.73,916.2,11,0.84,0.35,9.01,259304.67203696683,713886.1111111111,5050.0,334.50444444444446,657277.0833333334,36
15min,120,150.0,350.0,100.0,True,500000.0,323,323,0,100.0,744100.0,999.99,274970.0,9.0,2303.7,10,0.63,2.71,24.8,252431.46166108677,648910.8333333334,-121100.0,500.9504166666666,524120.2083333333,24
15min,120,150.0,350.0,150.0,True,500000.0,295,293,2,99.32,158740.0,1.16,789515.0,25.58,538.1,11,0.84,0.2,5.29,220071.69621433836,657602.2222222222,-121100.0,390.0144444444444,592427.6388888889,36
15min,120,150.0,350.0,200.0,False,500000.0,289,287,2,99.31,527690.0,1.53,756265.0,23.94,1825.9,11,0.9,0.7,17.59,270528.2494829686,832896.9444444445,5050.0,112.85888888888888,786575.4166666666,36
15min,120,150.0,350.0,250.0,False,500000.0,279,277,2,99.28,797070.0,1.8,744705.0,23.36,2856.9,11,0.98,1.07,26.57,336807.8633472464,890002.0833333334,149810.0,2.0845833333333332,848004.5833333334,24
15min,120,150.0,350.0,200.0,True,500000.0,289,287,2,99.31,376640.0,1.38,782515.0,25.1,1303.3,11,0.9,0.48,12.55,214339.29495067176,728536.9444444445,-121100.0,223.57527777777779,699099.0277777778,36
15min,120,200.0,150.0,100.0,False,500000.0,213,211,2,99.06,93740.0,1.09,847660.0,27.91,440.1,15,1.57,0.11,3.12,93483.9335961632,381465.4166666667,-580600.0,84.60166666666667,774673.5416666666,24
15min,120,200.0,150.0,100.0,True,500000.0,213,209,4,98.12,-227090.0,0.77,851665.0,28.04,-1066.2,15,1.54,-0.27,-7.57,-1000000.0,-32328.333333333332,-975530.0,701.89,829900.2083333334,24
15min,120,150.0,350.0,250.0,True,500000.0,281,279,2,99.29,609460.0,1.61,775515.0,24.73,2168.9,11,0.97,0.79,20.32,220081.07360499995,777899.5833333334,-56890.0,168.08416666666668,744156.875,24
15min,120,200.0,150.0,150.0,False,500000.0,208,206,2,99.04,690110.0,1.69,799570.0,25.21,3317.8,15,1.89,0.86,23.0,133795.06218777774,555758.8888888889,-580600.0,57.05611111111112,796285.0,36
15min,120,200.0,150.0,150.0,True,500000.0,209,205,4,98.09,80380.0,1.08,757525.0,24.67,384.6,15,1.84,0.11,2.68,1102.7962793827157,4842.777777777777,-975530.0,468.35138888888883,861401.1111111111,36
15min,120,200.0,150.0,200.0,False,500000.0,197,195,2,98.98,1593460.0,2.59,772970.0,21.3,8088.6,15,2.42,2.06,53.12,84416.3884271311,542653.8888888889,-1127570.0,1.562222222222222,1004225.4166666666,36
15min,120,200.0,150.0,200.0,True,500000.0,198,194,4,97.98,437380.0,1.44,750425.0,23.21,2209.0,15,2.37,0.58,14.58,-1000000.0,-5413.055555555556,-1994270.0,1.1877777777777778,971437.7777777778,36
15min,120,200.0,150.0,250.0,False,500000.0,189,184,5,97.35,684700.0,1.27,1035790.0,24.08,3622.8,15,2.71,0.66,22.82,74629.77462995968,530508.75,-1127570.0,1.54625,1090212.7083333333,24
15min,120,200.0,200.0,100.0,False,500000.0,211,210,1,99.53,361730.0,1.72,613040.0,20.22,1714.4,15,1.29,0.59,12.06,166348.99898684167,602206.9444444445,-580600.0,389.73111111111103,658246.6666666666,36
15min,120,200.0,150.0,250.0,True,500000.0,193,187,6,96.89,-395340.0,0.8,744925.0,22.42,-2048.4,15,2.61,-0.53,-13.18,-1000000.0,-16210.833333333334,-1994270.0,1.2300000000000002,1005986.25,24
15min,120,200.0,200.0,100.0,True,500000.0,211,210,1,99.53,203930.0,1.41,576845.0,19.03,966.5,15,1.28,0.35,6.8,65475.50398209876,250876.38888888888,-975530.0,2734.884444444445,695064.4444444445,36
15min,120,200.0,200.0,150.0,False,500000.0,204,203,1,99.51,773960.0,2.55,590630.0,19.37,3793.9,15,1.52,1.31,25.8,213878.37288542817,712192.9629629629,-580600.0,279.01018518518515,696672.7777777778,54
15min,120,200.0,200.0,150.0,True,500000.0,204,203,1,99.51,383510.0,1.77,525010.0,17.22,1880.0,15,1.51,0.73,12.78,70899.35408744856,278972.22222222225,-975530.0,2888.7125925925916,729275.7407407408,54
15min,120,200.0,200.0,200.0,False,500000.0,193,192,1,99.48,1389130.0,3.78,572370.0,18.32,7197.6,15,1.91,2.43,46.3,181046.16728078938,726354.6296296297,-1127570.0,149.6098148148148,872646.6666666666,54
15min,120,200.0,200.0,200.0,True,500000.0,194,193,1,99.48,678470.0,2.36,540220.0,17.57,3497.3,15,1.89,1.26,22.62,64128.86645887518,272614.0740740741,-1994270.0,2256.626111111111,823815.925925926,54
15min,120,200.0,200.0,250.0,False,500000.0,190,187,3,98.42,754630.0,1.5,1225315.0,38.86,3971.7,15,2.05,0.62,25.15,149943.41932612116,692190.2777777778,-1127570.0,57.21833333333333,956916.1111111111,36
15min,120,200.0,250.0,100.0,True,500000.0,211,211,0,100.0,578350.0,999.99,442895.0,14.63,2741.0,14,1.0,1.31,19.28,197821.32953099042,551203.0555555555,-511090.0,2891.4088888888896,467968.19444444444,36
15min,120,200.0,200.0,250.0,True,500000.0,192,191,1,99.48,830150.0,2.66,656230.0,21.17,4323.7,15,2.01,1.27,27.67,55881.06362222222,245158.33333333334,-1994270.0,1626.6205555555553,860306.6666666666,36
15min,120,200.0,250.0,100.0,False,500000.0,211,211,0,100.0,701150.0,999.99,442895.0,14.63,3323.0,14,1.0,1.58,23.37,312450.1822785542,767623.3333333334,-348370.0,639.4788888888891,455558.19444444444,36
15min,120,200.0,250.0,150.0,False,500000.0,197,197,0,100.0,1071010.0,999.99,442895.0,14.56,5436.6,14,1.31,2.42,35.7,334463.88174213376,839486.6666666666,-348370.0,482.5679629629631,512332.1296296296,54
15min,120,200.0,250.0,150.0,True,500000.0,197,196,1,99.49,782560.0,19565.0,442895.0,14.56,3972.4,14,1.31,1.77,26.09,215079.42465709904,608779.4444444445,-511090.0,3067.0749999999994,496273.7962962963,54
15min,120,200.0,250.0,200.0,False,500000.0,190,189,1,99.47,973810.0,2.94,580145.0,18.15,5125.3,14,1.55,1.68,32.46,325939.1130942577,918427.9629629629,-577320.0,297.8222222222222,664475.0,54
15min,120,200.0,250.0,200.0,True,500000.0,190,189,1,99.47,1047590.0,26190.75,442895.0,14.3,5513.6,14,1.55,2.37,34.92,246289.25525603245,700749.6296296297,-330610.0,2478.7112962962965,559587.5,54
15min,120,200.0,250.0,250.0,False,500000.0,184,181,3,98.37,309220.0,1.2,950435.0,29.36,1680.5,14,1.74,0.33,10.31,292657.99324444926,908669.1666666666,-577320.0,168.53527777777776,752547.0833333334,36
15min,120,200.0,300.0,100.0,False,500000.0,211,211,0,100.0,595120.0,999.99,333960.0,11.04,2820.5,11,0.81,1.78,19.84,542651.4636725414,820261.1111111111,270290.0,889.0658333333336,371709.72222222225,36
15min,120,200.0,250.0,250.0,True,500000.0,184,181,3,98.37,123550.0,1.12,575655.0,17.81,671.5,14,1.73,0.21,4.12,251188.49521133568,731318.0555555555,-217420.0,1848.6897222222226,589461.5277777778,36
15min,120,200.0,300.0,100.0,True,500000.0,211,211,0,100.0,526720.0,999.99,333960.0,11.04,2496.3,11,0.81,1.58,17.56,416626.06119953864,682856.9444444445,158740.0,3582.1813888888896,372230.55555555556,36
15min,120,200.0,300.0,150.0,False,500000.0,199,198,1,99.5,361530.0,1.72,564570.0,15.61,1816.7,11,1.04,0.64,12.05,450251.73410986894,822159.4444444445,149810.0,685.8325925925924,448847.68518518517,54
15min,120,200.0,300.0,150.0,True,500000.0,199,198,1,99.5,186080.0,1.37,564570.0,16.16,935.1,11,1.04,0.33,6.2,301986.59733592824,694486.2962962963,-56890.0,4000.194259259258,425006.2037037037,54
15min,120,200.0,300.0,200.0,False,500000.0,188,186,2,98.94,149810.0,1.15,534540.0,16.95,796.9,13,1.27,0.28,4.99,466339.8273957025,934688.1481481482,149810.0,445.64277777777795,561960.0925925926,54
15min,120,200.0,300.0,200.0,True,500000.0,188,186,2,98.94,-56890.0,0.94,534540.0,17.21,-302.6,13,1.27,-0.11,-1.9,302793.52333251515,764070.925925926,-56890.0,3949.462777777777,511139.6296296296,54
15min,120,200.0,300.0,250.0,False,500000.0,182,180,2,98.9,625880.0,1.63,812485.0,25.72,3438.9,13,1.4,0.77,20.86,448424.9458952204,940929.7222222222,149810.0,279.3933333333333,629380.5555555555,36
15min,120,200.0,350.0,100.0,False,500000.0,207,207,0,100.0,535960.0,999.99,265670.0,8.76,2589.2,10,0.72,2.02,17.87,501943.1574905921,708546.6666666666,270290.0,833.6037499999999,344868.125,24
15min,120,200.0,300.0,250.0,True,500000.0,184,182,2,98.91,295570.0,1.3,846345.0,27.3,1606.4,13,1.39,0.35,9.85,291032.40158137446,777742.7777777778,-56890.0,3423.0236111111117,552629.0277777778,36
15min,120,200.0,350.0,100.0,True,500000.0,207,207,0,100.0,516010.0,999.99,265670.0,8.76,2492.8,10,0.72,1.94,17.2,388745.5318637491,615642.5,158740.0,1972.8354166666668,345649.375,24
15min,120,200.0,350.0,150.0,False,500000.0,200,200,0,100.0,772090.0,999.99,265670.0,8.71,3860.4,10,0.86,2.91,25.74,406222.71862267365,720708.6111111111,149810.0,667.2897222222224,424547.3611111111,36
15min,120,200.0,350.0,150.0,True,500000.0,200,200,0,100.0,708290.0,999.99,265670.0,8.71,3541.4,10,0.86,2.67,23.61,263406.5951203852,628113.8888888889,-56890.0,2135.5738888888895,404996.80555555556,36
15min,120,200.0,350.0,200.0,False,500000.0,186,184,2,98.92,187830.0,1.19,744355.0,23.9,1009.8,11,1.1,0.25,6.26,427751.69345760625,855154.1666666666,149810.0,445.6116666666667,538195.5555555555,36
15min,120,200.0,350.0,200.0,True,500000.0,186,184,2,98.92,54030.0,1.05,763105.0,24.82,290.5,11,1.1,0.07,1.8,273576.25749629486,731772.2222222222,-56890.0,2540.4427777777787,502423.3333333333,36
15min,120,200.0,350.0,250.0,False,500000.0,183,181,2,98.91,405150.0,1.4,729855.0,23.26,2213.9,11,1.17,0.56,13.5,428374.47547745286,903617.9166666666,149810.0,334.80875,598909.375,24
15min,120,200.0,350.0,250.0,True,500000.0,183,181,2,98.91,234350.0,1.23,756105.0,24.5,1280.6,11,1.17,0.31,7.81,277396.77028242627,782665.8333333334,-56890.0,2695.834583333333,544469.7916666666,24
15min,120,250.0,150.0,100.0,False,500000.0,140,140,0,100.0,896540.0,999.99,348210.0,10.24,6403.9,15,1.66,2.57,29.88,108358.41089609376,384746.25,-580600.0,417.38208333333336,591819.7916666666,24
15min,120,250.0,150.0,100.0,True,500000.0,140,139,1,99.29,610210.0,4359.64,256635.0,7.73,4358.6,15,1.62,2.38,20.34,18915.810026909723,69120.41666666667,-975530.0,5157.39375,631677.0833333334,24
15min,120,250.0,150.0,150.0,False,500000.0,135,133,2,98.52,286190.0,1.29,833985.0,27.44,2119.9,15,2.16,0.34,9.54,151018.7636300154,542965.2777777778,-580600.0,389.79055555555556,609314.7222222222,36
15min,120,250.0,150.0,150.0,True,500000.0,135,132,3,97.78,-142860.0,0.86,845140.0,27.81,-1058.2,15,2.1,-0.17,-4.76,34278.4863912037,126738.88888888889,-975530.0,5515.453055555556,647672.9166666666,36
15min,120,250.0,150.0,200.0,False,500000.0,135,133,2,98.52,682750.0,1.68,754380.0,24.28,5057.4,15,2.32,0.91,22.76,138805.4708634645,577533.6111111111,-1127570.0,223.56444444444443,798290.9722222222,36
15min,120,250.0,150.0,200.0,True,500000.0,135,132,3,97.78,80800.0,1.08,775260.0,25.22,598.5,15,2.26,0.1,2.69,42514.19991782407,164686.11111111112,-1994270.0,6185.305,709235.4166666666,36
15min,120,250.0,150.0,250.0,True,500000.0,131,128,3,97.71,295840.0,1.3,733435.0,23.33,2258.3,15,2.55,0.4,9.86,51856.14213159722,204004.16666666666,-1994270.0,6829.010833333334,729042.0833333334,24
15min,120,250.0,150.0,250.0,False,500000.0,131,128,3,97.71,661940.0,1.44,733435.0,22.11,5053.0,15,2.66,0.9,22.06,139177.09106770833,622604.1666666666,-1127570.0,168.20458333333332,882298.75,24
15min,120,250.0,200.0,100.0,True,500000.0,140,139,1,99.29,498510.0,12463.75,220220.0,6.82,3560.8,12,1.21,2.26,16.62,68650.9149317361,233184.16666666666,-975530.0,5959.344166666667,527967.9166666666,36
15min,120,250.0,200.0,100.0,False,500000.0,140,140,0,100.0,620380.0,999.99,220220.0,6.71,4431.3,12,1.23,2.82,20.68,157811.400533398,490050.0,-580600.0,611.5847222222224,501396.3888888889,36
15min,120,250.0,200.0,150.0,True,500000.0,134,132,2,98.51,151090.0,1.3,573060.0,18.92,1127.5,15,1.62,0.26,5.04,85725.3794324897,296246.85185185185,-975530.0,7030.183333333333,553142.7777777778,54
15min,120,250.0,200.0,150.0,False,500000.0,134,133,1,99.25,400760.0,1.8,598195.0,19.75,2990.7,15,1.63,0.67,13.36,217660.97673234492,621883.7037037037,-580600.0,537.8000000000002,531285.4629629629,54
15min,120,250.0,200.0,200.0,False,500000.0,133,132,1,99.25,836840.0,2.67,574785.0,18.82,6292.0,15,1.9,1.46,27.89,207739.34550650837,684595.3703703703,-1127570.0,353.07129629629634,691837.5,54
15min,120,250.0,200.0,200.0,True,500000.0,133,131,2,98.5,340470.0,1.68,543290.0,17.79,2559.9,15,1.89,0.63,11.35,91981.10069898149,334165.0,-1994270.0,7422.76925925926,623717.3148148148,54
15min,120,250.0,200.0,250.0,False,500000.0,130,128,2,98.46,617550.0,1.62,860960.0,28.07,4750.4,15,2.09,0.72,20.58,201953.6241872019,724183.3333333334,-1127570.0,251.51388888888889,770501.3888888889,36
15min,120,250.0,250.0,100.0,False,500000.0,140,140,0,100.0,455180.0,999.99,157935.0,4.92,3251.3,10,0.95,2.88,15.17,245388.16376514826,534729.4444444445,-348370.0,750.3833333333336,350284.5833333333,36
15min,120,250.0,200.0,250.0,True,500000.0,131,129,2,98.47,502700.0,2.0,517840.0,16.88,3837.4,15,2.03,0.97,16.76,98019.22804506173,364439.44444444444,-1994270.0,7607.030277777777,655205.5555555555,36
15min,120,250.0,250.0,100.0,True,500000.0,140,140,0,100.0,421730.0,999.99,157935.0,4.92,3012.4,10,0.95,2.67,14.06,157225.17737079272,391085.55555555556,-511090.0,5652.161666666666,361944.5833333333,36
15min,120,250.0,250.0,150.0,False,500000.0,135,135,0,100.0,737020.0,999.99,427080.0,14.11,5459.4,13,1.22,1.73,24.57,277878.1722501884,618422.4074074074,-348370.0,667.2974074074074,387524.25925925927,54
15min,120,250.0,250.0,150.0,True,500000.0,135,135,0,100.0,586770.0,999.99,427080.0,14.11,4346.4,13,1.22,1.37,19.56,174333.72407473935,444699.6296296296,-511090.0,6682.887962962963,391852.5925925926,54
15min,120,250.0,250.0,200.0,False,500000.0,131,131,0,100.0,1037890.0,999.99,427080.0,14.03,7922.8,13,1.47,2.43,34.6,297980.0911780851,724181.2962962963,-577320.0,500.9837037037039,520583.8888888889,54
15min,120,250.0,250.0,200.0,True,500000.0,131,131,0,100.0,798740.0,999.99,427080.0,14.03,6097.3,13,1.47,1.87,26.62,216684.83559717005,539935.5555555555,-330610.0,7007.4740740740735,458896.2962962963,54
15min,120,250.0,250.0,250.0,True,500000.0,130,130,0,100.0,942050.0,999.99,427080.0,13.98,7246.5,13,1.55,2.21,31.4,235041.24162987023,591098.8888888889,-217420.0,7131.549999999999,492830.69444444444,36
15min,120,250.0,250.0,250.0,False,500000.0,130,130,0,100.0,1321300.0,999.99,427080.0,13.98,10163.8,13,1.55,3.09,44.04,297690.4618680633,769974.7222222222,-577320.0,417.8461111111111,590366.3888888889,36
15min,120,250.0,300.0,100.0,True,500000.0,139,139,0,100.0,372620.0,999.99,122475.0,3.86,2680.7,8,0.77,3.04,12.42,393225.30417072354,509293.6111111111,186080.0,3891.7952777777773,272859.02777777775,36
15min,120,250.0,300.0,100.0,False,500000.0,139,139,0,100.0,386120.0,999.99,122475.0,3.85,2777.8,8,0.77,3.15,12.87,474276.3471493772,587946.3888888889,267670.0,944.548888888889,272859.02777777775,36
15min,120,250.0,300.0,150.0,False,500000.0,134,134,0,100.0,626360.0,999.99,322345.0,10.66,4674.3,11,1.02,1.94,20.88,406381.3891351279,633096.8518518518,149810.0,833.6592592592591,326023.7962962963,54
15min,120,250.0,300.0,150.0,True,500000.0,134,134,0,100.0,542060.0,999.99,322345.0,10.66,4045.2,11,1.02,1.68,18.07,267864.98865777376,542174.8148148148,-56890.0,4850.907592592592,322656.2037037037,54
15min,120,250.0,300.0,200.0,False,500000.0,133,133,0,100.0,837280.0,999.99,322345.0,10.61,6295.3,11,1.15,2.6,27.91,452727.3338586823,769372.2222222222,149810.0,685.792037037037,416964.537037037,54
15min,120,250.0,300.0,200.0,True,500000.0,133,133,0,100.0,732730.0,999.99,322345.0,10.61,5509.2,11,1.15,2.27,24.42,288429.0867341974,628595.7407407408,-56890.0,5103.810555555555,410302.1296296296,54
15min,120,250.0,300.0,250.0,False,500000.0,130,130,0,100.0,1086260.0,999.99,322345.0,10.58,8355.8,11,1.29,3.37,36.21,454070.48708085046,810053.0555555555,149810.0,584.1341666666668,469909.30555555556,36
15min,120,250.0,300.0,250.0,True,500000.0,130,130,0,100.0,954710.0,999.99,322345.0,10.58,7343.9,11,1.29,2.96,31.82,280629.26749233203,653260.5555555555,-56890.0,4962.51361111111,459915.69444444444,36
15min,120,250.0,350.0,100.0,False,500000.0,139,139,0,100.0,345970.0,999.99,99380.0,3.15,2489.0,7,0.64,3.48,11.53,455396.3445294162,531590.8333333334,267670.0,916.8283333333334,249013.75,24
15min,120,250.0,350.0,100.0,True,500000.0,139,139,0,100.0,345970.0,999.99,99380.0,3.15,2489.0,7,0.64,3.48,11.53,381598.4645731862,483284.5833333333,186080.0,2056.070416666667,249013.75,24
15min,120,250.0,350.0,150.0,False,500000.0,132,132,0,100.0,549870.0,999.99,256355.0,8.48,4165.7,9,0.9,2.14,18.33,373553.75056344614,559785.0,149810.0,833.5794444444447,301422.22222222225,36
15min,120,250.0,350.0,150.0,True,500000.0,132,132,0,100.0,523770.0,999.99,256355.0,8.48,3968.0,9,0.9,2.04,17.46,242958.5579757131,495630.8333333333,-56890.0,2246.539444444445,301943.05555555556,36
15min,120,250.0,350.0,200.0,False,500000.0,132,132,0,100.0,724410.0,999.99,256355.0,8.44,5488.0,9,0.98,2.83,24.15,422917.90673376,704698.8888888889,149810.0,722.6455555555557,385981.52777777775,36
15min,120,250.0,350.0,200.0,True,500000.0,132,132,0,100.0,689310.0,999.99,256355.0,8.44,5222.0,9,0.98,2.69,22.98,273685.0904757857,606332.2222222222,-56890.0,2706.866944444445,389112.6388888889,36
15min,120,300.0,150.0,100.0,False,500000.0,94,94,0,100.0,761060.0,999.99,309435.0,8.51,8096.4,15,2.0,2.46,25.37,145793.22269824217,476421.875,-354140.0,625.385625,469914.6875,16
15min,120,300.0,150.0,100.0,True,500000.0,94,93,1,98.94,543460.0,3882.86,309490.0,8.87,5781.5,15,1.98,1.76,18.12,58162.38831386719,194409.375,-896290.0,7735.599375,504125.9375,16
15min,120,250.0,350.0,250.0,False,500000.0,130,130,0,100.0,1010190.0,999.99,310510.0,9.76,7770.7,9,1.09,3.25,33.67,427517.3118381521,751408.75,149810.0,667.1350000000001,431410.625,24
15min,120,250.0,350.0,250.0,True,500000.0,130,130,0,100.0,966090.0,999.99,310510.0,9.89,7431.5,9,1.09,3.11,32.2,269470.8644947771,637235.8333333334,-56890.0,2862.2358333333336,436107.2916666667,24
15min,120,300.0,150.0,150.0,True,500000.0,93,92,1,98.92,685420.0,4896.86,309435.0,8.61,7370.1,15,2.22,2.22,22.85,71884.54698203124,243202.08333333334,-896290.0,8272.629166666666,522123.125,24
15min,120,300.0,150.0,150.0,False,500000.0,93,93,0,100.0,1055950.0,999.99,337045.0,9.51,11354.3,15,2.28,3.13,35.2,207288.1482522318,606093.75,-354140.0,583.8716666666668,488272.7083333333,24
15min,120,300.0,150.0,200.0,False,500000.0,92,92,0,100.0,1350050.0,999.99,337045.0,9.19,14674.5,15,2.47,4.01,45.0,202484.16175715235,660613.3333333334,-373060.0,334.53625,658117.7083333334,24
15min,120,300.0,150.0,200.0,True,500000.0,92,91,1,98.91,852020.0,6086.86,309435.0,8.29,9261.1,15,2.4,2.75,28.4,88607.909525,312420.0,-896290.0,9277.342083333333,581910.4166666666,24
15min,120,300.0,150.0,250.0,False,500000.0,91,90,1,98.9,1187600.0,3.37,668910.0,16.02,13050.5,15,2.78,1.78,39.59,228734.38350847023,738670.0,-373060.0,251.503125,717636.25,16
15min,120,300.0,200.0,100.0,False,500000.0,94,94,0,100.0,493110.0,999.99,206220.0,6.32,5245.9,11,1.48,2.39,16.44,189285.89703503466,509106.6666666667,-354140.0,750.25375,398935.4166666667,24
15min,120,300.0,150.0,250.0,True,500000.0,91,90,1,98.9,983420.0,7025.43,309435.0,8.07,10806.8,15,2.65,3.18,32.78,111629.5227944531,393270.625,-894560.0,10242.87375,580754.375,16
15min,120,300.0,200.0,100.0,True,500000.0,94,93,1,98.94,387660.0,19384.0,206220.0,6.4,4124.0,11,1.48,1.88,12.92,92130.23115388888,291873.3333333333,-896290.0,7137.429166666666,421742.9166666667,24
15min,120,300.0,200.0,150.0,False,500000.0,93,93,0,100.0,666740.0,999.99,206220.0,6.21,7169.2,11,1.61,3.23,22.22,248954.58655851844,626238.0555555555,-354140.0,694.8683333333335,431694.72222222225,36
15min,120,300.0,200.0,150.0,True,500000.0,93,92,1,98.92,468340.0,23418.0,209415.0,6.33,5035.9,11,1.61,2.24,15.61,104423.30953527777,338050.55555555556,-896290.0,7774.269722222221,455507.5,36
15min,120,300.0,200.0,200.0,False,500000.0,92,92,0,100.0,874460.0,999.99,206220.0,6.04,9505.0,11,1.75,4.24,29.15,267139.20457701216,722412.5,-373060.0,473.24,575569.0277777778,36
15min,120,300.0,200.0,200.0,True,500000.0,92,91,1,98.91,598560.0,29929.0,209415.0,6.2,6506.1,11,1.75,2.86,19.95,120188.70105632718,408490.55555555556,-896290.0,8418.555833333334,528868.0555555555,36
15min,120,300.0,200.0,250.0,True,500000.0,92,91,1,98.91,740370.0,37019.5,256955.0,7.42,8047.5,11,2.04,2.88,24.68,136004.9593456597,469022.9166666667,-894560.0,9055.262499999999,550124.5833333334,24
15min,120,300.0,250.0,100.0,False,500000.0,94,94,0,100.0,367950.0,999.99,149460.0,4.7,3914.4,9,1.15,2.46,12.27,236298.29956737946,485958.3333333333,-348370.0,875.1341666666667,275100.2083333333,24
15min,120,300.0,200.0,250.0,False,500000.0,91,90,1,98.9,697600.0,2.4,623805.0,18.25,7665.9,13,2.11,1.12,23.25,295069.4057405876,801280.8333333334,-373060.0,376.32750000000004,635223.3333333334,24
15min,120,300.0,250.0,100.0,True,500000.0,94,93,1,98.94,336600.0,8416.0,149460.0,4.7,3580.9,9,1.15,2.25,11.22,162643.43051069308,379450.8333333333,-511090.0,6593.305833333335,286871.25,24
15min,120,300.0,250.0,150.0,True,500000.0,93,92,1,98.92,443690.0,11093.25,149460.0,4.64,4770.9,9,1.25,2.97,14.79,196944.32494080623,446928.8888888889,-511090.0,7197.7575,317641.80555555556,36
15min,120,300.0,250.0,150.0,False,500000.0,93,93,0,100.0,497540.0,999.99,149460.0,4.63,5349.9,9,1.25,3.33,16.58,292989.4901525614,598343.3333333334,-348370.0,833.6000000000001,306324.8611111111,36
15min,120,300.0,250.0,200.0,False,500000.0,90,90,0,100.0,738640.0,999.99,353620.0,10.91,8207.1,10,1.49,2.09,24.62,355508.3399709258,755351.9444444445,-270790.0,695.0586111111113,413009.30555555556,36
15min,120,300.0,250.0,200.0,True,500000.0,90,89,1,98.89,596440.0,14912.0,353620.0,10.95,6627.1,10,1.49,1.69,19.88,263208.1696904339,580047.5,-330610.0,7795.522222222222,379074.02777777775,36
15min,120,300.0,250.0,250.0,False,500000.0,90,90,0,100.0,984400.0,999.99,353620.0,10.68,10937.8,10,1.67,2.78,32.81,392624.506102622,845382.0833333334,-270790.0,625.8095833333333,466835.2083333333,24
15min,120,300.0,250.0,250.0,True,500000.0,90,89,1,98.89,745350.0,18634.75,353620.0,10.75,8281.7,10,1.67,2.11,24.85,303453.28284898866,654677.0833333334,-107070.0,8341.974583333335,409117.5,24
15min,120,300.0,300.0,100.0,False,500000.0,94,94,0,100.0,315750.0,999.99,112330.0,3.44,3359.0,7,0.94,2.81,10.53,441780.0206257097,504509.5833333333,267670.0,999.9900000000001,215203.125,24
15min,120,300.0,300.0,100.0,True,500000.0,94,94,0,100.0,315750.0,999.99,112330.0,3.44,3359.0,7,0.94,2.81,10.53,409884.1131615572,457197.0833333333,267670.0,3786.294583333334,215203.125,24
15min,120,300.0,300.0,150.0,False,500000.0,93,93,0,100.0,426920.0,999.99,117795.0,3.67,4590.5,7,1.04,3.62,14.23,490679.03297748877,606865.2777777778,267670.0,972.2805555555556,251279.30555555556,36
15min,120,300.0,300.0,200.0,False,500000.0,92,92,0,100.0,568310.0,999.99,117795.0,3.61,6177.3,7,1.12,4.82,18.94,664230.8166634118,815847.7777777778,390130.0,916.8758333333335,317173.3333333333,36
15min,120,300.0,300.0,150.0,True,500000.0,93,93,0,100.0,426920.0,999.99,117795.0,3.67,4590.5,7,1.04,3.62,14.23,458823.681319634,537484.7222222222,267670.0,4338.844444444443,252525.13888888888,36
15min,120,300.0,300.0,200.0,True,500000.0,92,92,0,100.0,568310.0,999.99,117795.0,3.61,6177.3,7,1.12,4.82,18.94,553142.6143087336,700560.8333333334,310220.0,4884.61361111111,321277.22222222225,36
15min,120,300.0,300.0,250.0,False,500000.0,91,91,0,100.0,785080.0,999.99,186550.0,5.29,8627.3,7,1.32,4.21,26.17,759745.5498504682,918600.0,504320.0,875.31875,348753.75,24
15min,120,300.0,300.0,250.0,True,500000.0,91,91,0,100.0,785080.0,999.99,186550.0,5.29,8627.3,7,1.32,4.21,26.17,588132.1374382547,779252.9166666666,310220.0,5088.517916666667,354909.5833333333,24
15min,120,300.0,350.0,100.0,True,500000.0,94,94,0,100.0,267670.0,999.99,93380.0,2.98,2847.6,6,0.76,2.87,8.92,397161.4857119529,442395.0,267670.0,2708.8975,194316.25,16
15min,120,300.0,350.0,100.0,False,500000.0,94,94,0,100.0,267670.0,999.99,93380.0,2.98,2847.6,6,0.76,2.87,8.92,414589.6484854532,469526.25,267670.0,999.99,194316.25,16
15min,120,300.0,350.0,150.0,False,500000.0,92,92,0,100.0,390130.0,999.99,210200.0,6.67,4240.5,7,0.93,1.86,13.0,477300.49970473,577034.5833333334,267670.0,999.9900000000001,217649.58333333334,24
15min,120,300.0,350.0,150.0,True,500000.0,92,92,0,100.0,390130.0,999.99,210200.0,6.67,4240.5,7,0.93,1.86,13.0,465331.7844708654,542353.3333333334,267670.0,3119.4912500000005,217649.58333333334,24
15min,120,300.0,350.0,200.0,False,500000.0,89,89,0,100.0,504320.0,999.99,210200.0,6.63,5666.5,7,1.04,2.4,16.81,666975.6435034688,800766.25,390130.0,999.9900000000001,270524.1666666667,24
15min,120,300.0,350.0,200.0,True,500000.0,89,89,0,100.0,504320.0,999.99,210200.0,6.63,5666.5,7,1.04,2.4,16.81,638400.427531234,750525.4166666666,390130.0,3976.4287500000005,270524.1666666667,24
15min,120,300.0,350.0,250.0,False,500000.0,88,88,0,100.0,634970.0,999.99,210200.0,6.56,7215.6,7,1.14,3.02,21.17,778402.3791209932,914648.75,504320.0,999.99,287931.875,16
15min,120,300.0,350.0,250.0,True,500000.0,88,88,0,100.0,634970.0,999.99,210200.0,6.56,7215.6,7,1.14,3.02,21.17,741319.0719026672,858615.625,504320.0,4292.756875,287931.875,16
