timeframe,n_period,entry_delta,grid_step,tp_delta,emergency_breakeven_exit,sl_amount,total_trades,win_trades,loss_trades,win_rate,total_pnl,profit_factor,max_drawdown,max_drawdown_pct,avg_trade_pnl,max_nanpin_reached,avg_nanpin_count,calmar_ratio,return_on_capital,robust_score,neighbor_mean_pnl,neighbor_min_pnl,neighbor_mean_pf,neighbor_mean_mdd,neighbor_count
60min,5,150.0,200.0,200.0,False,500000.0,896,881,15,98.33,-540770.0,0.93,2176110.0,68.34,-603.5,15,1.65,-0.25,-18.03,24962.32016435705,533343.3333333334,-2004160.0,1.2829166666666667,1635179.1666666667,24
60min,5,150.0,200.0,250.0,True,500000.0,877,865,12,98.63,1330580.0,1.28,1542280.0,31.21,1517.2,15,1.69,0.86,44.35,71285.30075083357,805470.0,-656210.0,1.3129166666666665,1325916.875,24
60min,5,150.0,200.0,300.0,False,500000.0,805,786,19,97.64,-159240.0,0.98,2311125.0,71.11,-197.8,15,1.84,-0.07,-5.31,96545.04364656754,1364707.5,-159240.0,1.4224999999999999,1547545.0,16
60min,5,150.0,200.0,250.0,False,500000.0,849,833,16,98.12,456500.0,1.06,2204065.0,68.51,537.7,15,1.74,0.21,15.22,67010.24585832187,1094348.3333333333,-632230.0,1.38375,1557485.0,24
60min,5,150.0,250.0,300.0,False,500000.0,759,746,13,98.29,986910.0,1.15,1847935.0,52.16,1300.3,14,1.52,0.53,32.9,217248.75871992332,1665829.1666666667,-159240.0,1.5625,1382747.0833333333,24
60min,5,150.0,250.0,150.0,False,500000.0,917,908,9,99.02,275060.0,1.06,1438955.0,42.72,300.0,14,1.22,0.19,9.17,35083.4880717118,538821.6666666666,-2004160.0,1.3,1499142.2916666667,24
60min,5,150.0,250.0,150.0,True,500000.0,928,916,12,98.71,-599900.0,0.87,1615770.0,48.75,-646.4,14,1.21,-0.37,-20.0,24578.978527229032,312650.4166666667,-1090550.0,1.2166666666666668,1353850.2083333333,24
60min,5,150.0,250.0,250.0,False,500000.0,801,788,13,98.38,-88620.0,0.99,1901855.0,54.37,-110.6,14,1.42,-0.05,-2.95,153348.88925564568,1398884.4444444445,-632230.0,1.5169444444444442,1389268.0555555555,36
60min,5,150.0,200.0,150.0,True,500000.0,975,963,12,98.77,-280900.0,0.94,2204825.0,50.77,-288.1,15,1.47,-0.13,-9.36,14652.90642388396,215253.75,-1090550.0,1.191875,1428860.3125,16
60min,5,150.0,250.0,250.0,True,500000.0,810,795,15,98.15,-563430.0,0.9,1989730.0,63.22,-695.6,14,1.42,-0.28,-18.78,129004.085279576,1002114.7222222222,-656210.0,1.4361111111111111,1242799.1666666667,36
60min,5,150.0,200.0,150.0,False,500000.0,952,937,15,98.42,-2004160.0,0.74,2942195.0,93.54,-2105.2,15,1.51,-0.68,-66.81,10314.634049240429,266041.25,-2004160.0,1.20875,1679248.75,16
60min,5,150.0,200.0,300.0,True,500000.0,838,825,13,98.45,1942450.0,1.41,1250090.0,31.32,2318.0,15,1.79,1.55,64.75,113324.78616207735,1009450.0,-656210.0,1.359375,1303207.1875,16
60min,5,150.0,250.0,200.0,False,500000.0,863,852,11,98.73,224040.0,1.04,1900195.0,56.7,259.6,14,1.32,0.12,7.47,59344.09616607587,806190.2777777778,-2004160.0,1.3733333333333333,1464000.9722222222,36
60min,5,150.0,200.0,200.0,True,500000.0,918,906,12,98.69,495750.0,1.1,1892700.0,39.61,540.0,15,1.61,0.26,16.52,31611.836423703142,418575.4166666667,-1090550.0,1.2429166666666667,1392377.2916666667,24
60min,5,150.0,250.0,300.0,True,500000.0,770,755,15,98.05,-42470.0,0.99,1924175.0,60.78,-55.2,14,1.52,-0.02,-1.42,196862.14160215083,1224895.0,-656210.0,1.5058333333333334,1223563.5416666667,24
60min,5,150.0,250.0,200.0,True,500000.0,875,861,14,98.4,-405610.0,0.92,1854185.0,59.33,-463.6,14,1.31,-0.22,-13.52,48450.564550720366,543564.4444444445,-1090550.0,1.295,1311699.5833333333,36
60min,5,150.0,300.0,150.0,True,500000.0,869,863,6,99.31,193070.0,1.06,1520530.0,37.51,222.2,13,1.09,0.13,6.44,88245.310214992,666053.75,-1090550.0,1.5091666666666665,1122099.7916666667,24
60min,5,150.0,300.0,300.0,False,500000.0,727,720,7,99.04,2813180.0,1.79,1280715.0,21.11,3869.6,13,1.27,2.2,93.77,560344.9444633108,2167142.0833333335,-88620.0,1.9558333333333333,1123325.8333333333,24
60min,5,150.0,300.0,150.0,False,500000.0,859,853,6,99.3,914490.0,1.3,1446520.0,31.37,1064.6,13,1.09,0.63,30.48,221660.6122736402,1156333.75,-379170.0,1.6433333333333333,1107421.875,24
60min,5,150.0,350.0,200.0,False,500000.0,769,765,4,99.48,2279460.0,2.14,1028730.0,26.65,2964.2,12,1.01,2.22,75.98,509042.2658479854,1588434.4444444445,22970.0,2.005,951573.0555555555,36
60min,5,150.0,300.0,300.0,True,500000.0,742,736,6,99.19,1942190.0,1.64,1336445.0,31.81,2617.5,13,1.26,1.45,64.74,386329.2049618472,1580273.75,-656210.0,2.0395833333333333,1067416.6666666667,24
60min,5,150.0,350.0,150.0,False,500000.0,804,800,4,99.5,1562090.0,1.78,1049230.0,28.07,1942.9,12,0.95,1.49,52.07,423135.51288842055,1358457.0833333333,22970.0,1.9420833333333334,939396.0416666666,24
60min,5,150.0,300.0,200.0,True,500000.0,836,830,6,99.28,780170.0,1.26,1430560.0,31.7,933.2,13,1.13,0.55,26.01,134260.46740853947,899678.0555555555,-1090550.0,1.6541666666666666,1097843.75,36
60min,5,150.0,350.0,200.0,True,500000.0,785,780,5,99.36,2076940.0,2.38,914610.0,29.03,2645.8,12,1.0,2.27,69.23,413341.27964233275,1352831.111111111,-516560.0,2.102222222222222,886251.8055555555,36
60min,5,150.0,300.0,250.0,False,500000.0,779,773,6,99.23,2569810.0,1.84,1332645.0,23.86,3298.9,13,1.19,1.93,85.66,490333.27292159235,1951126.111111111,-131670.0,1.9158333333333333,1107451.5277777778,36
60min,5,150.0,350.0,250.0,False,500000.0,727,723,4,99.45,2784820.0,2.33,1118820.0,25.66,3830.6,12,1.06,2.49,92.83,930053.1332378035,2060833.0555555555,700820.0,2.1311111111111116,986443.0555555555,36
60min,5,150.0,350.0,150.0,True,500000.0,819,815,4,99.51,1518700.0,2.01,938620.0,30.04,1854.3,12,0.94,1.62,50.62,302523.5816085202,1098267.9166666667,-516560.0,1.9258333333333333,905245.2083333334,24
60min,5,150.0,300.0,200.0,False,500000.0,817,811,6,99.27,1789430.0,1.59,1359455.0,26.13,2190.2,13,1.14,1.32,59.65,283630.53656762076,1396931.6666666667,-379170.0,1.7344444444444442,1108703.4722222222,36
60min,5,150.0,350.0,300.0,False,500000.0,685,680,5,99.27,2991370.0,2.19,1319740.0,40.89,4367.0,12,1.12,2.27,99.71,1112001.9242920708,2243617.0833333335,1341470.0,2.143333333333333,1022223.3333333334,24
60min,5,150.0,300.0,250.0,True,500000.0,804,798,6,99.25,1351330.0,1.44,1375345.0,27.92,1680.8,13,1.17,0.98,45.04,312244.550811887,1380766.9444444445,-656210.0,1.9305555555555556,1060962.2222222222,36
60min,5,150.0,350.0,300.0,True,500000.0,705,699,6,99.15,3034860.0,3.02,871585.0,27.17,4304.8,12,1.1,3.48,101.16,915813.7717212768,2031323.3333333333,507110.0,2.49375,894988.9583333334,24
60min,5,150.0,350.0,250.0,True,500000.0,745,740,5,99.33,2485510.0,2.56,920005.0,28.93,3336.3,12,1.05,2.7,82.85,653435.7058831968,1834147.5,35670.0,2.395833333333333,875264.4444444445,36
60min,5,200.0,200.0,250.0,False,500000.0,639,627,12,98.12,1274180.0,1.21,1335510.0,39.9,1994.0,15,2.0,0.95,42.47,127931.76552353331,1259538.611111111,-632230.0,1.4391666666666667,1379147.2222222222,36
60min,5,150.0,400.0,150.0,False,500000.0,806,804,2,99.75,2044060.0,3.04,590480.0,17.21,2536.1,10,0.79,3.46,68.14,630776.2721743099,1495494.375,246170.0,2.171875,839629.375,16
60min,5,200.0,200.0,200.0,False,500000.0,674,663,11,98.37,313200.0,1.06,1649540.0,41.79,464.7,15,1.83,0.19,10.44,60695.94484258165,742325.5555555555,-2004160.0,1.4219444444444447,1424980.4166666667,36
60min,5,200.0,200.0,250.0,True,500000.0,654,641,13,98.01,967200.0,1.23,1518670.0,31.87,1478.9,15,1.95,0.64,32.24,75309.91498929649,755722.2222222222,-656210.0,1.2975,1257609.5833333333,36
60min,5,200.0,200.0,200.0,True,500000.0,684,671,13,98.1,76050.0,1.02,1853580.0,42.25,111.2,15,1.8,0.04,2.54,37806.59622929419,419467.77777777775,-1090550.0,1.288611111111111,1300565.4166666667,36
60min,5,200.0,200.0,150.0,True,500000.0,732,721,11,98.5,303330.0,1.1,1737930.0,45.36,414.4,15,1.51,0.17,10.11,20918.799664259255,243413.33333333334,-1090550.0,1.2708333333333333,1323755.4166666667,24
60min,5,150.0,400.0,200.0,False,500000.0,749,746,3,99.6,2146280.0,2.43,893530.0,28.41,2865.5,10,0.87,2.4,71.54,696354.0767023584,1706709.5833333333,246170.0,2.2304166666666667,866537.2916666666,24
60min,5,200.0,200.0,150.0,False,500000.0,724,716,8,98.9,424690.0,1.1,2018290.0,52.91,586.6,15,1.53,0.21,14.16,38825.66684996367,513033.75,-2004160.0,1.4016666666666666,1460081.4583333333,24
60min,5,150.0,400.0,300.0,True,500000.0,690,687,3,99.57,2594010.0,2.73,733225.0,21.65,3759.4,10,0.95,3.54,86.47,1331127.092746087,2219092.5,1243830.0,2.84125,810345.3125,16
60min,5,150.0,400.0,200.0,True,500000.0,758,756,2,99.74,2289210.0,3.29,598925.0,18.12,3020.1,10,0.86,3.82,76.31,717046.1004615073,1632475.4166666667,212820.0,2.45375,754205.625,24
60min,5,150.0,400.0,250.0,True,500000.0,740,738,2,99.73,2748930.0,3.75,582635.0,17.38,3714.8,10,0.88,4.72,91.63,1261075.4912157517,2053519.1666666667,1238020.0,2.7525,774614.7916666666,24
60min,5,150.0,400.0,250.0,False,500000.0,732,729,3,99.59,2723710.0,2.81,857110.0,27.06,3720.9,10,0.88,3.18,90.79,1100541.7170324102,2087271.25,1255130.0,2.305,953247.5,24
60min,5,200.0,200.0,300.0,False,500000.0,615,603,12,98.05,2671190.0,1.43,1197210.0,36.44,4343.4,15,2.1,2.23,89.04,187140.66352199,1514048.3333333333,-159240.0,1.4825,1370783.5416666667,24
60min,5,200.0,200.0,300.0,True,500000.0,633,619,14,97.79,1583990.0,1.38,1283990.0,30.77,2502.4,15,2.05,1.23,52.8,124374.17492193513,941189.5833333334,-656210.0,1.3454166666666663,1243941.25,24
60min,5,150.0,400.0,300.0,False,500000.0,690,686,4,99.42,2714340.0,2.36,977610.0,30.69,3933.8,10,0.93,2.78,90.48,1118718.6938259215,2231389.375,1579690.0,2.29375,1006759.375,16
60min,5,150.0,400.0,150.0,True,500000.0,811,809,2,99.75,1754700.0,2.75,590480.0,17.55,2163.6,10,0.79,2.97,58.49,618666.0521484601,1393680.0,212820.0,2.2556249999999998,755952.8125,16
60min,5,200.0,250.0,150.0,True,500000.0,716,709,7,99.02,678180.0,1.27,1180830.0,27.77,947.2,14,1.22,0.57,22.61,64507.28358148148,420077.77777777775,-1090550.0,29.085277777777783,1232198.3333333333,36
60min,5,200.0,250.0,200.0,False,500000.0,650,644,6,99.08,2244880.0,1.75,829770.0,25.27,3453.7,14,1.51,2.71,74.83,148053.1870117421,1029917.0370370371,-2004160.0,20.078333333333333,1281237.3148148148,54
60min,5,200.0,250.0,150.0,False,500000.0,708,703,5,99.29,1421550.0,1.57,1017640.0,21.8,2007.8,14,1.24,1.4,47.39,109255.9059133333,785798.8888888889,-2004160.0,29.265000000000004,1304810.0,36
60min,5,200.0,250.0,250.0,True,500000.0,636,626,10,98.43,1595860.0,1.53,914405.0,28.73,2509.2,14,1.59,1.75,53.2,168719.10091786843,1045393.7037037037,-656210.0,1.5812962962962966,1162310.1851851852,54
60min,5,200.0,250.0,200.0,True,500000.0,664,654,10,98.49,970120.0,1.32,969980.0,29.94,1461.0,14,1.49,1.0,32.34,100438.09874849106,632294.074074074,-1090550.0,19.924444444444447,1205764.351851852,54
60min,5,200.0,300.0,150.0,False,500000.0,681,677,4,99.41,1311900.0,1.65,1008945.0,22.64,1926.4,13,1.08,1.3,43.73,350802.27545386855,1287050.8333333333,-379170.0,57.375555555555565,988536.25,36
60min,5,200.0,300.0,300.0,False,500000.0,566,560,6,98.94,2655140.0,1.88,816410.0,25.77,4691.1,13,1.44,3.25,88.5,683198.0737018103,2258378.3333333335,-88620.0,2.149722222222222,1025091.5277777778,36
60min,5,200.0,250.0,300.0,False,500000.0,592,584,8,98.65,2967470.0,1.74,830990.0,21.09,5012.6,14,1.71,3.57,98.92,344358.26221941854,1832490.8333333333,-159240.0,1.7430555555555556,1242424.861111111,36
60min,5,200.0,300.0,150.0,True,500000.0,682,677,5,99.27,767860.0,1.38,1108995.0,25.65,1125.9,13,1.08,0.69,25.6,158395.249331466,798596.3888888889,-1090550.0,786.0097222222222,1008289.7222222222,36
60min,5,200.0,300.0,250.0,False,500000.0,603,597,6,99.0,1903250.0,1.63,920530.0,29.09,3156.3,13,1.34,2.07,63.44,613481.8329086739,2044167.962962963,-131670.0,2.158148148148148,1004555.4629629629,54
60min,5,200.0,300.0,250.0,True,500000.0,613,608,5,99.18,2025340.0,2.0,839545.0,23.11,3304.0,13,1.32,2.41,67.51,388511.63452981884,1443462.962962963,-656210.0,2.1227777777777783,975039.1666666666,54
60min,5,200.0,250.0,250.0,False,500000.0,618,611,7,98.87,2661040.0,1.76,832990.0,22.82,4305.9,14,1.61,3.19,88.7,268286.33828028856,1579560.9259259258,-632230.0,1.7037037037037037,1242338.148148148,54
60min,5,200.0,300.0,200.0,False,500000.0,624,619,5,99.2,1737030.0,1.69,983360.0,31.29,2783.7,13,1.29,1.77,57.9,419864.6846237236,1526859.2592592593,-379170.0,38.96074074074074,994579.3518518518,54
60min,5,200.0,250.0,300.0,True,500000.0,607,595,12,98.02,1321000.0,1.38,1070535.0,33.34,2176.3,14,1.68,1.23,44.03,242120.78064581676,1256683.3333333333,-656210.0,1.6688888888888889,1150071.388888889,36
60min,5,200.0,300.0,300.0,True,500000.0,579,573,6,98.96,2459660.0,2.22,964970.0,22.03,4248.1,13,1.42,2.55,81.99,457415.21570550237,1637200.0,-656210.0,2.217777777777778,982932.5,36
60min,5,200.0,300.0,200.0,True,500000.0,630,625,5,99.21,1512390.0,1.75,946985.0,24.02,2400.6,13,1.28,1.6,50.41,219039.95049389842,1008880.1851851852,-1090550.0,524.707037037037,997519.074074074,54
60min,5,200.0,350.0,200.0,False,500000.0,612,609,3,99.51,2119460.0,2.41,919155.0,29.22,3463.2,12,1.08,2.31,70.65,579520.1699197959,1641482.5925925926,22970.0,57.65666666666667,864594.5370370371,54
60min,5,200.0,350.0,150.0,False,500000.0,673,671,2,99.7,1690660.0,2.69,627775.0,17.79,2512.1,12,0.89,2.69,56.36,510555.8275565117,1433537.2222222222,22970.0,85.32805555555557,840410.2777777778,36
60min,5,200.0,350.0,150.0,True,500000.0,679,677,2,99.71,1372070.0,2.37,634080.0,17.93,2020.7,12,0.88,2.16,45.74,378072.05639376474,1157938.0555555555,-516560.0,814.0763888888889,822909.7222222222,36
60min,5,200.0,350.0,250.0,False,500000.0,583,580,3,99.49,2798880.0,2.86,880155.0,27.84,4800.8,12,1.17,3.18,93.3,977993.5785203031,2057117.7777777778,700820.0,2.361296296296296,925368.3333333334,54
60min,5,200.0,350.0,200.0,True,500000.0,623,621,2,99.68,2074320.0,3.07,619535.0,18.27,3329.6,12,1.07,3.35,69.14,466113.14507694996,1380003.148148148,-516560.0,543.5594444444445,820819.8148148148,54
60min,5,200.0,350.0,250.0,True,500000.0,594,592,2,99.66,2570510.0,3.57,615535.0,18.15,4327.5,12,1.15,4.18,85.68,670662.344808833,1805553.5185185184,35670.0,2.5370370370370376,837955.0,54
60min,5,200.0,400.0,150.0,False,500000.0,662,660,2,99.7,1365900.0,2.36,611195.0,17.7,2063.3,10,0.77,2.23,45.53,679577.1099011266,1484641.25,246170.0,85.49624999999999,763481.875,24
60min,5,200.0,350.0,300.0,False,500000.0,564,561,3,99.47,3378930.0,3.14,845155.0,26.6,5991.0,12,1.21,4.0,112.63,1136548.320582852,2212080.0,1179220.0,2.281666666666666,973353.1944444445,36
60min,5,200.0,400.0,300.0,False,500000.0,559,555,4,99.28,2085270.0,2.04,1067250.0,33.86,3730.4,10,1.0,1.95,69.51,1075737.326815188,2083432.0833333333,1179220.0,2.2904166666666668,967176.0416666666,24
60min,5,200.0,400.0,250.0,True,500000.0,566,564,2,99.65,2372230.0,3.37,587110.0,17.88,4191.2,10,0.99,4.04,79.07,1149870.062200756,1895961.9444444445,931250.0,2.7311111111111113,771076.8055555555,36
60min,5,200.0,350.0,300.0,True,500000.0,574,572,2,99.65,3032240.0,3.82,681895.0,18.59,5282.6,12,1.19,4.45,101.07,921341.1814844258,1982259.7222222222,507110.0,2.5850000000000004,863926.3888888889,36
60min,5,200.0,400.0,200.0,True,500000.0,599,597,2,99.67,1872000.0,2.87,592110.0,17.69,3125.2,10,0.93,3.16,62.4,703137.0309539863,1541031.388888889,212820.0,786.7411111111112,723148.6111111111,36
60min,5,200.0,400.0,150.0,True,500000.0,663,661,2,99.7,1225870.0,2.22,611195.0,17.82,1849.0,10,0.77,2.01,40.86,633319.0839723563,1350203.75,212820.0,1178.7575,709822.5,24
60min,5,200.0,400.0,250.0,False,500000.0,569,565,4,99.3,1579690.0,1.79,920570.0,29.34,2776.3,10,0.99,1.72,52.66,1087105.4866610959,1975873.888888889,1179220.0,2.4255555555555555,903692.5,36
60min,5,200.0,400.0,300.0,True,500000.0,549,547,2,99.64,2746220.0,3.75,740710.0,22.55,5002.2,10,1.03,3.71,91.54,1159216.7325712927,2029554.1666666667,931250.0,2.719583333333333,814723.75,24
60min,5,200.0,400.0,200.0,False,500000.0,594,591,3,99.49,1591550.0,2.06,937345.0,30.02,2679.4,10,0.95,1.7,53.05,729393.3972563624,1659673.888888889,246170.0,57.78944444444445,800016.25,36
60min,5,250.0,200.0,200.0,False,500000.0,532,524,8,98.5,844280.0,1.2,1429710.0,45.34,1587.0,15,1.81,0.59,28.14,256059.0236241896,1189033.888888889,-587780.0,1.7436111111111112,1058820.138888889,36
60min,5,250.0,200.0,150.0,False,500000.0,553,546,7,98.73,71650.0,1.02,1681190.0,43.57,129.6,15,1.58,0.04,2.39,194820.3367763256,983242.5,-587780.0,1.7891666666666666,1095967.9166666667,24
60min,5,250.0,200.0,150.0,True,500000.0,554,542,12,97.83,-781880.0,0.78,1963675.0,56.0,-1411.3,15,1.58,-0.4,-26.06,55487.05937171414,422407.0833333333,-1212570.0,1.4970833333333333,1122565.8333333333,24
60min,5,250.0,200.0,200.0,True,500000.0,537,524,13,97.58,-81390.0,0.98,1693890.0,43.9,-151.6,15,1.79,-0.05,-2.71,72306.58041071623,556480.8333333334,-1212570.0,1.4641666666666664,1112563.888888889,36
60min,5,250.0,250.0,150.0,False,500000.0,549,544,5,99.09,393450.0,1.16,1107375.0,34.45,716.7,14,1.29,0.36,13.12,320456.92495004414,1181319.4444444445,-587780.0,85.07083333333334,974579.7222222222,36
60min,5,250.0,200.0,300.0,False,500000.0,472,461,11,97.67,1928360.0,1.34,1289320.0,40.43,4085.5,15,2.36,1.5,64.28,754140.0843412236,1922545.0,643700.0,1.6974999999999998,994516.875,24
60min,5,250.0,250.0,200.0,True,500000.0,522,515,7,98.66,595850.0,1.24,955300.0,25.2,1141.5,14,1.52,0.62,19.86,173994.4707436715,839960.1851851852,-1212570.0,57.16351851851852,996347.0370370371,54
60min,5,250.0,200.0,250.0,False,500000.0,498,487,11,97.79,643700.0,1.11,1336025.0,42.12,1292.6,15,2.16,0.48,21.46,435009.34226763516,1688125.8333333333,-123010.0,1.7374999999999998,1010916.25,36
60min,5,250.0,250.0,250.0,False,500000.0,486,480,6,98.77,2203030.0,1.73,864290.0,27.72,4533.0,14,1.76,2.55,73.43,613475.8172520638,1927048.7037037036,-123010.0,20.669074074074075,930200.3703703703,54
60min,5,250.0,250.0,200.0,False,500000.0,520,515,5,99.04,1570410.0,1.63,914310.0,22.63,3020.0,14,1.52,1.72,52.35,398641.4630884691,1401778.3333333333,-587780.0,57.43296296296297,958724.8148148148,54
60min,5,250.0,200.0,250.0,True,500000.0,504,490,14,97.22,190140.0,1.05,1691695.0,38.83,377.3,15,2.14,0.11,6.34,130886.27794804263,827053.3333333334,-1201550.0,1.4436111111111112,1094837.2222222222,36
60min,5,250.0,200.0,300.0,True,500000.0,484,469,15,96.9,725950.0,1.18,1460870.0,32.48,1499.9,15,2.3,0.5,24.2,186390.4182391018,979119.1666666666,-754730.0,1.4354166666666668,1085652.0833333333,24
60min,5,250.0,250.0,250.0,True,500000.0,486,478,8,98.35,703160.0,1.23,1135350.0,36.41,1446.8,14,1.77,0.62,23.44,308955.9644834248,1190106.111111111,-1201550.0,20.390925925925927,983821.2037037037,54
60min,5,250.0,250.0,300.0,True,500000.0,473,465,8,98.31,1132170.0,1.38,1071660.0,34.29,2393.6,14,1.85,1.06,37.74,381365.3898004637,1370116.6666666667,-754730.0,2.021388888888889,985317.7777777778,36
60min,5,250.0,250.0,150.0,True,500000.0,548,541,7,98.72,-166890.0,0.93,1188840.0,35.05,-304.5,14,1.3,-0.14,-5.56,132231.31763070988,663072.2222222222,-1212570.0,84.78555555555555,1002889.0277777778,36
60min,5,250.0,250.0,300.0,False,500000.0,473,466,7,98.52,2499950.0,1.71,810085.0,24.5,5285.3,14,1.83,3.09,83.33,955224.3806022737,2162367.5,643700.0,2.26,933149.0277777778,36
60min,5,250.0,300.0,150.0,False,500000.0,530,527,3,99.43,1035460.0,1.69,1086980.0,34.02,1953.7,13,1.1,0.95,34.52,738872.0869341515,1493227.7777777778,374310.0,168.60555555555553,748839.3055555555,36
60min,5,250.0,300.0,150.0,True,500000.0,531,528,3,99.44,539600.0,1.36,1086980.0,34.46,1016.2,13,1.1,0.5,17.99,357255.8678820606,1041490.0,-166890.0,897.1505555555556,772938.0555555555,36
60min,5,250.0,300.0,200.0,False,500000.0,504,502,2,99.6,2705720.0,3.7,686375.0,20.63,5368.5,13,1.29,3.94,90.19,822735.1660383088,1728836.2962962964,374310.0,113.31407407407406,764493.2407407408,54
60min,5,250.0,300.0,200.0,True,500000.0,506,504,2,99.6,1915520.0,2.91,755675.0,23.42,3785.6,13,1.29,2.53,63.85,426936.7791832105,1228401.6666666667,-166890.0,598.9433333333335,775475.925925926,54
60min,5,250.0,350.0,150.0,False,500000.0,524,521,3,99.43,814960.0,1.54,1190555.0,37.52,1555.3,12,0.95,0.68,27.17,704882.1192481323,1419633.888888889,246170.0,251.7119444444444,665155.5555555555,36
60min,5,250.0,300.0,300.0,True,500000.0,457,455,2,99.56,3013840.0,4.01,729555.0,21.73,6594.8,13,1.55,4.13,100.46,869666.9490966733,1780446.6666666667,477810.0,2.688611111111111,792540.9722222222,36
60min,5,250.0,300.0,250.0,False,500000.0,468,465,3,99.36,3045820.0,3.03,922660.0,29.61,6508.2,13,1.5,3.3,101.53,1373614.1371007687,2253802.962962963,1076200.0,39.728703703703694,770079.8148148148,54
60min,5,250.0,300.0,300.0,False,500000.0,452,449,3,99.34,3751300.0,3.5,831750.0,26.58,8299.3,13,1.56,4.51,125.04,1503904.6512817182,2460491.388888889,1525200.0,2.8661111111111115,799395.9722222222,36
60min,5,250.0,300.0,250.0,True,500000.0,471,469,2,99.58,2603570.0,3.6,744065.0,22.67,5527.7,13,1.49,3.5,86.79,748442.3509213311,1617992.037037037,328030.0,39.49074074074074,771196.2962962963,54
60min,5,250.0,350.0,250.0,False,500000.0,459,456,3,99.35,2308280.0,2.53,941460.0,30.05,5028.9,11,1.27,2.45,76.94,1246438.638493788,2026533.888888889,1082370.0,58.306851851851846,763606.3888888889,54
60min,5,250.0,350.0,200.0,False,500000.0,499,497,2,99.6,2062700.0,3.04,657790.0,20.02,4133.7,11,1.09,3.14,68.76,765205.0525704403,1606543.3333333333,246170.0,168.77148148148152,700101.2962962963,54
60min,5,250.0,350.0,150.0,True,500000.0,525,520,5,99.05,574280.0,1.38,1212305.0,38.62,1093.9,12,0.95,0.47,19.14,528667.4077862413,1169629.4444444445,116610.0,980.4144444444444,659435.1388888889,36
60min,5,250.0,350.0,200.0,True,500000.0,500,495,5,99.0,1646770.0,2.63,687040.0,21.43,3293.5,11,1.08,2.4,54.89,609026.7723366577,1370160.0,116610.0,654.5774074074072,672676.1111111111,54
60min,5,250.0,350.0,300.0,True,500000.0,447,441,6,98.66,2615280.0,3.59,655730.0,19.99,5850.7,11,1.34,3.99,87.18,1207640.8614678322,1945978.3333333333,931250.0,3.0733333333333333,747387.6388888889,36
60min,5,250.0,350.0,300.0,False,500000.0,443,440,3,99.32,2867480.0,2.9,885775.0,28.15,6472.9,11,1.35,3.24,95.58,1280395.7483488792,2178917.777777778,1179220.0,2.9980555555555557,818983.8888888889,36
60min,5,250.0,350.0,250.0,True,500000.0,461,455,6,98.7,2220830.0,3.2,694940.0,21.4,4817.4,11,1.27,3.2,74.03,1131586.3840527711,1779392.7777777778,855690.0,58.30240740740741,707889.7222222222,54
60min,5,250.0,400.0,150.0,False,500000.0,508,506,2,99.61,913130.0,1.91,612435.0,18.24,1797.5,12,0.83,1.49,30.44,689175.3863729803,1340714.1666666667,246170.0,251.75083333333336,631831.6666666666,24
60min,5,250.0,400.0,150.0,True,500000.0,508,506,2,99.61,768950.0,1.77,612435.0,18.24,1513.7,12,0.83,1.26,25.63,604226.7981054825,1182242.9166666667,212820.0,1344.9404166666666,607385.0,24
60min,5,250.0,400.0,200.0,False,500000.0,485,483,2,99.59,1526560.0,2.52,610435.0,17.47,3147.5,10,0.94,2.5,50.89,742038.9983544959,1496181.388888889,246170.0,168.75138888888887,670884.8611111111,36
60min,5,300.0,200.0,150.0,False,500000.0,424,417,7,98.35,-587780.0,0.83,1767180.0,50.02,-1386.3,15,1.62,-0.33,-19.59,221470.5942365442,866231.6666666666,-587780.0,43.5325,970043.3333333334,24
60min,5,300.0,200.0,200.0,True,500000.0,411,400,11,97.32,-1201550.0,0.7,2117250.0,59.91,-2923.5,15,1.9,-0.57,-40.05,68088.29737027777,362795.0,-1212570.0,29.244166666666665,1061614.7222222222,36
60min,5,300.0,200.0,150.0,True,500000.0,426,416,10,97.65,-1212570.0,0.66,1993140.0,60.4,-2846.4,15,1.61,-0.61,-40.42,51497.29013368054,274039.5833333333,-1212570.0,43.126666666666665,1060404.1666666667,24
60min,5,250.0,400.0,200.0,True,500000.0,485,483,2,99.59,1301130.0,2.3,610435.0,17.63,2682.7,10,0.94,2.13,43.37,671616.3769693775,1351780.5555555555,212820.0,897.585,627057.5,36
60min,5,300.0,200.0,250.0,False,500000.0,390,381,9,97.69,664510.0,1.15,1188965.0,34.53,1703.9,15,2.18,0.56,22.15,387338.64607083413,1374226.111111111,-123010.0,1.8752777777777778,966688.75,36
60min,5,250.0,400.0,250.0,True,500000.0,452,449,3,99.34,1332130.0,1.89,928295.0,30.23,2947.2,10,1.09,1.44,44.4,1121865.0901681238,1710983.3333333333,855690.0,58.310833333333335,680940.0,36
60min,5,250.0,400.0,300.0,False,500000.0,435,431,4,99.08,1466110.0,1.73,1028430.0,33.4,3370.4,10,1.13,1.43,48.87,1147919.5551749952,1947370.4166666667,1179220.0,2.8045833333333334,823269.1666666666,24
60min,5,250.0,400.0,300.0,True,500000.0,429,426,3,99.3,1650720.0,2.1,1072680.0,34.84,3847.8,10,1.15,1.54,55.02,1167157.640907588,1842911.6666666667,931250.0,3.013333333333333,728756.875,24
60min,5,300.0,200.0,250.0,True,500000.0,395,384,11,97.22,-754730.0,0.81,1867965.0,50.17,-1910.7,15,2.14,-0.4,-25.16,73523.24323384791,540184.4444444445,-1201550.0,1.4647222222222223,1070761.25,36
60min,5,300.0,200.0,200.0,False,500000.0,409,401,8,98.04,-123010.0,0.97,1512560.0,38.47,-300.8,15,1.91,-0.08,-4.1,275953.1378363181,1010916.1111111111,-587780.0,29.640833333333333,964788.1944444445,36
60min,5,250.0,400.0,250.0,False,500000.0,452,449,3,99.34,1617060.0,2.08,891545.0,29.03,3577.6,10,1.08,1.81,53.9,1143674.5708485919,1837353.611111111,1082370.0,58.19416666666666,761025.2777777778,36
60min,5,300.0,200.0,300.0,False,500000.0,374,363,11,97.06,748710.0,1.14,1295965.0,32.77,2001.9,15,2.5,0.58,24.96,498215.0314621637,1562989.5833333333,97880.0,1.8558333333333332,956784.7916666666,24
60min,5,300.0,200.0,300.0,True,500000.0,379,368,11,97.1,-61130.0,0.98,1658325.0,40.26,-161.3,15,2.46,-0.04,-2.04,115684.46525804681,662210.0,-754730.0,1.4566666666666668,1056390.4166666667,24
60min,5,300.0,250.0,150.0,False,500000.0,413,409,4,99.03,374310.0,1.19,1157260.0,28.4,906.3,14,1.38,0.32,12.48,340349.7362335082,1086035.8333333333,-587780.0,168.44111111111113,829189.7222222222,36
60min,5,300.0,250.0,150.0,True,500000.0,416,411,5,98.8,-49610.0,0.98,1247790.0,33.12,-119.3,14,1.37,-0.04,-1.65,125978.96196236109,569255.0,-1212570.0,168.06944444444446,893475.1388888889,36
60min,5,300.0,250.0,200.0,False,500000.0,393,389,4,98.98,1231870.0,1.61,1033320.0,22.33,3134.5,14,1.63,1.19,41.06,404547.1981535274,1269800.7407407407,-587780.0,131.59555555555553,837038.7962962963,54
60min,5,300.0,250.0,300.0,True,500000.0,364,357,7,98.08,1084030.0,1.43,953010.0,25.85,2978.1,14,2.1,1.14,36.13,296917.6447158529,1115473.3333333333,-754730.0,57.5775,920350.5555555555,36
60min,5,300.0,250.0,200.0,True,500000.0,397,391,6,98.49,393460.0,1.2,1155350.0,28.51,991.1,14,1.62,0.34,13.12,153487.3100946022,700383.5185185185,-1212570.0,131.21444444444444,904262.4074074074,54
60min,5,300.0,250.0,250.0,False,500000.0,378,373,5,98.68,1636030.0,1.65,922630.0,23.13,4328.1,14,1.85,1.77,54.53,560610.8633208311,1692528.148148148,-123010.0,76.35925925925925,854157.5925925926,54
60min,5,300.0,250.0,250.0,True,500000.0,384,377,7,98.18,477810.0,1.19,998800.0,25.78,1244.3,14,1.82,0.48,15.93,232185.28653427426,960045.3703703703,-1201550.0,75.9387037037037,922478.5185185185,54
60min,5,300.0,250.0,300.0,False,500000.0,358,353,5,98.6,2750120.0,2.09,827740.0,19.63,7681.9,14,2.12,3.32,91.67,689323.0647479636,1905493.3333333333,97880.0,57.99305555555556,859387.9166666666,36
60min,5,300.0,300.0,150.0,False,500000.0,408,406,2,99.51,1089530.0,2.09,667295.0,18.58,2670.4,13,1.14,1.63,36.32,730129.0100798882,1321165.0,374310.0,307.34749999999997,636839.0277777778,36
60min,5,300.0,300.0,200.0,False,500000.0,388,386,2,99.48,1769350.0,2.77,665795.0,18.23,4560.2,13,1.34,2.66,58.98,810672.9360773183,1530384.8148148148,374310.0,242.86907407407404,657394.7222222222,54
60min,5,300.0,300.0,150.0,True,500000.0,411,408,3,99.27,746180.0,1.75,674310.0,18.77,1815.5,13,1.13,1.11,24.87,365871.1320858026,966658.6111111111,-166890.0,1035.8849999999998,655521.8055555555,36
60min,5,300.0,300.0,200.0,True,500000.0,391,388,3,99.23,1212720.0,2.21,665795.0,18.48,3101.6,13,1.33,1.82,40.42,413951.2589182387,1101060.1851851852,-166890.0,728.4262962962961,680151.9444444445,54
60min,5,300.0,300.0,250.0,False,500000.0,367,365,2,99.46,2744670.0,3.74,668275.0,20.63,7478.7,13,1.55,4.11,91.49,1115868.2454747157,1988143.888888889,610870.0,150.86129629629627,687467.9629629629,54
60min,5,300.0,300.0,300.0,False,500000.0,345,343,2,99.42,3611500.0,4.61,662795.0,18.96,10468.1,13,1.78,5.45,120.38,1436794.0005677156,2206373.611111111,1233740.0,114.06333333333333,708559.1666666666,36
60min,5,300.0,300.0,250.0,True,500000.0,373,370,3,99.2,1942880.0,2.94,746575.0,23.44,5208.8,13,1.52,2.6,64.76,633992.9601893423,1407922.7777777778,206670.0,150.4609259259259,709945.2777777778,54
60min,5,300.0,300.0,300.0,True,500000.0,351,348,3,99.15,2498660.0,3.5,758125.0,23.17,7118.7,13,1.76,3.3,83.29,814690.9368493152,1557218.0555555555,477810.0,113.66444444444444,729169.0277777778,36
60min,5,300.0,350.0,150.0,True,500000.0,401,399,2,99.5,587470.0,1.59,635775.0,19.0,1465.0,11,0.99,0.92,19.58,734604.3363569216,1094322.5,457260.0,1146.8377777777778,537524.8611111111,36
60min,5,300.0,350.0,200.0,False,500000.0,379,377,2,99.47,1401410.0,2.4,677960.0,21.48,3697.7,11,1.19,2.07,46.71,969102.0576315608,1502148.7037037036,591740.0,335.2857407407407,568043.1481481482,54
60min,5,300.0,350.0,150.0,False,500000.0,401,399,2,99.5,760020.0,1.76,635775.0,18.84,1895.3,11,0.99,1.2,25.33,913233.5078147213,1323608.0555555555,591740.0,418.1844444444444,532063.3333333334,36
60min,5,300.0,350.0,250.0,True,500000.0,366,364,2,99.45,1606030.0,2.6,649260.0,20.55,4388.1,11,1.3,2.47,53.53,1078942.7419517173,1572461.111111111,805870.0,224.6535185185185,620584.1666666666,54
60min,5,300.0,350.0,250.0,False,500000.0,366,364,2,99.45,2029980.0,3.03,649260.0,20.27,5546.4,11,1.3,3.13,67.67,1269761.7021718086,1885746.851851852,959920.0,224.8974074074074,634444.2592592592,54
60min,5,300.0,350.0,200.0,True,500000.0,379,377,2,99.47,1118760.0,2.12,677960.0,21.72,2951.9,11,1.19,1.65,37.29,785382.8829628627,1242916.851851852,457260.0,820.9648148148146,569395.8333333334,54
60min,5,300.0,400.0,200.0,False,500000.0,367,365,2,99.46,1082370.0,2.08,612180.0,18.33,2949.2,10,1.06,1.77,36.08,925501.3907341766,1359438.0555555555,591740.0,335.17611111111114,561294.7222222222,36
60min,5,300.0,400.0,200.0,True,500000.0,367,365,2,99.46,855690.0,1.85,612180.0,18.5,2331.6,10,1.06,1.4,28.52,769178.2571558113,1176595.0,457260.0,1063.869722222222,559314.8611111111,36
60min,5,300.0,400.0,150.0,False,500000.0,401,399,2,99.5,591740.0,1.59,613180.0,16.93,1475.7,11,0.83,0.97,19.72,876754.06666117,1222590.0,591740.0,418.14750000000004,524353.75,24
60min,5,300.0,400.0,150.0,True,500000.0,401,399,2,99.5,457260.0,1.46,613180.0,17.43,1140.3,11,0.84,0.75,15.24,725569.4302349114,1061640.8333333333,457260.0,1511.279166666667,526478.75,24
60min,5,300.0,350.0,300.0,False,500000.0,343,341,2,99.42,2709200.0,3.71,632775.0,19.34,7898.5,11,1.48,4.28,90.31,1343162.4006606454,2048959.1666666667,1179220.0,169.65472222222218,678308.4722222222,36
60min,5,300.0,400.0,250.0,False,500000.0,358,356,2,99.44,1564310.0,2.56,611180.0,18.13,4369.6,10,1.13,2.56,52.14,1145822.447268414,1664054.1666666667,959920.0,224.6825,637118.75,36
60min,5,300.0,350.0,300.0,True,500000.0,343,341,2,99.42,2060020.0,3.06,632775.0,19.66,6005.9,11,1.48,3.26,68.67,1165176.7736771288,1721751.388888889,931250.0,169.42805555555552,652855.8333333334,36
60min,5,300.0,400.0,250.0,True,500000.0,358,356,2,99.44,1287730.0,2.29,611180.0,18.34,3597.0,10,1.13,2.11,42.92,1014210.1323878327,1458808.0555555555,805870.0,224.53694444444443,617919.7222222222,36
60min,5,300.0,400.0,300.0,False,500000.0,345,342,3,99.13,1582610.0,2.05,953715.0,23.33,4587.3,10,1.26,1.66,52.75,1187853.6571750746,1778188.3333333333,1179220.0,169.34833333333333,685165.625,24
60min,5,300.0,400.0,300.0,True,500000.0,343,341,2,99.42,1786850.0,2.79,749530.0,23.66,5209.5,10,1.28,2.38,59.56,1071383.0564107334,1571627.0833333333,931250.0,169.2325,655148.3333333334,24
60min,5,400.0,200.0,150.0,False,500000.0,250,247,3,98.8,482110.0,1.32,1411570.0,35.42,1928.4,14,1.72,0.34,16.07,193060.16472942123,795838.125,-587780.0,64.405,944191.5625,16
60min,5,400.0,200.0,150.0,True,500000.0,251,248,3,98.8,-400.0,1.0,1489870.0,39.47,-1.6,14,1.7,-0.0,-0.01,50471.212745976554,261193.125,-1212570.0,63.975624999999994,1033833.4375,16
60min,5,400.0,200.0,200.0,True,500000.0,248,243,5,97.98,-594920.0,0.76,1948720.0,49.77,-2398.9,14,1.98,-0.31,-19.83,64448.251770937495,333566.25,-1212570.0,43.17624999999999,1033951.25,24
60min,5,400.0,200.0,200.0,False,500000.0,248,243,5,97.98,9580.0,1.0,1777500.0,42.34,38.6,14,1.98,0.01,0.32,250445.50479999516,936229.1666666666,-587780.0,43.611250000000005,944890.8333333334,24
60min,5,400.0,200.0,250.0,False,500000.0,244,238,6,97.54,97880.0,1.03,1867845.0,45.02,401.1,14,2.2,0.05,3.26,369378.8265190281,1266379.5833333333,-123010.0,2.0379166666666664,938797.2916666666,24
60min,5,400.0,250.0,150.0,False,500000.0,248,246,2,99.19,585220.0,1.58,1131195.0,27.94,2359.8,13,1.38,0.52,19.51,314839.31700842007,989177.0833333334,-587780.0,210.06416666666667,785711.875,24
60min,5,400.0,200.0,300.0,True,500000.0,238,232,6,97.48,-180400.0,0.94,1512590.0,41.45,-758.0,14,2.5,-0.12,-6.01,89074.1223364421,590980.625,-754730.0,1.52625,1021880.9375,16
60min,5,400.0,200.0,250.0,True,500000.0,245,240,5,97.96,-171220.0,0.93,1740350.0,43.1,-698.9,14,2.17,-0.1,-5.71,71956.78336982577,482163.3333333333,-1201550.0,1.56375,1045644.375,24
60min,5,400.0,250.0,150.0,True,500000.0,248,246,2,99.19,311120.0,1.31,1131195.0,29.06,1254.5,13,1.38,0.28,10.37,123830.03736239583,536416.25,-1212570.0,209.69291666666663,845765.4166666666,24
60min,5,400.0,200.0,300.0,False,500000.0,237,230,7,97.05,415000.0,1.12,1440005.0,38.23,1751.1,14,2.54,0.29,13.83,483604.41688224376,1438119.375,97880.0,1.9825,926546.875,16
60min,5,400.0,250.0,200.0,True,500000.0,242,239,3,98.76,206670.0,1.14,1241735.0,30.22,854.0,13,1.68,0.17,6.89,147290.74064629633,645698.6111111111,-1212570.0,168.23,859446.6666666666,36
60min,5,400.0,250.0,250.0,False,500000.0,237,234,3,98.73,1233740.0,1.82,1035565.0,21.69,5205.7,13,1.85,1.19,41.12,530547.6360645912,1568335.2777777778,-123010.0,113.50027777777775,806997.2222222222,36
60min,5,400.0,250.0,200.0,False,500000.0,242,239,3,98.76,610870.0,1.41,1147585.0,26.18,2524.3,13,1.68,0.53,20.36,380464.9344959965,1166015.8333333333,-587780.0,168.64916666666667,797703.1944444445,36
60min,5,400.0,250.0,250.0,True,500000.0,237,234,3,98.73,634540.0,1.42,1129785.0,26.05,2677.4,13,1.85,0.56,21.15,205661.04496032622,874092.2222222222,-1201550.0,112.97222222222223,883051.6666666666,36
60min,5,400.0,250.0,300.0,False,500000.0,232,229,3,98.71,1824630.0,2.21,965815.0,18.82,7864.8,13,2.04,1.89,60.82,664260.0211282672,1775332.9166666667,97880.0,85.9375,808191.6666666666,24
60min,5,400.0,250.0,300.0,True,500000.0,232,228,4,98.28,921630.0,1.61,1085195.0,24.16,3972.5,13,2.04,0.85,30.72,269172.9607577092,1013080.0,-754730.0,85.36874999999999,878982.2916666666,24
60min,5,400.0,300.0,150.0,False,500000.0,247,246,1,99.6,836100.0,2.67,649900.0,16.49,3385.0,11,1.19,1.29,27.87,722519.6400528059,1207505.0,374310.0,376.60125,579876.0416666666,24
60min,5,400.0,300.0,150.0,True,500000.0,247,246,1,99.6,625650.0,2.25,649900.0,17.32,2533.0,11,1.19,0.96,20.86,377301.7939718609,918147.0833333334,-49610.0,376.3220833333333,592947.9166666666,24
60min,5,400.0,300.0,200.0,False,500000.0,240,239,1,99.58,1287420.0,3.57,649400.0,15.43,5364.2,13,1.4,1.98,42.91,796219.9942538379,1402220.0,374310.0,307.59694444444443,602926.5277777778,36
60min,5,400.0,300.0,200.0,True,500000.0,240,239,1,99.58,927870.0,2.85,649400.0,16.35,3866.1,13,1.4,1.43,30.93,422801.17734651495,1037948.0555555555,-49610.0,307.23305555555555,621793.0555555555,36
60min,5,400.0,300.0,250.0,False,500000.0,238,237,1,99.58,1751080.0,4.5,648750.0,14.38,7357.5,13,1.51,2.7,58.37,1108206.7411578933,1867090.0,610870.0,224.97055555555553,631820.2777777778,36
60min,5,400.0,300.0,300.0,False,500000.0,231,230,1,99.57,2355300.0,5.7,647750.0,13.03,10196.1,13,1.72,3.64,78.51,1421998.01469694,2089135.0,1233740.0,169.82625,648527.2916666666,24
60min,5,400.0,350.0,200.0,False,500000.0,234,233,1,99.57,1116850.0,3.23,621530.0,15.08,4772.9,11,1.26,1.8,37.23,959593.5762625702,1379433.611111111,591740.0,418.4486111111111,506745.97222222225,36
60min,5,400.0,300.0,250.0,True,500000.0,238,237,1,99.58,1312030.0,3.62,648750.0,15.35,5512.7,13,1.51,2.02,43.73,637360.6458988343,1327456.6666666667,206670.0,224.43777777777777,663321.3888888889,36
60min,5,400.0,300.0,300.0,True,500000.0,231,230,1,99.57,1744550.0,4.48,647750.0,14.25,7552.2,13,1.72,2.69,58.15,816711.7069046944,1460300.8333333333,477810.0,169.20958333333334,686771.4583333334,24
60min,5,400.0,350.0,150.0,True,500000.0,244,242,2,99.18,636580.0,2.27,622030.0,16.44,2608.9,10,1.04,1.02,21.22,727902.0699057609,1002844.5833333334,457260.0,501.0679166666667,477167.9166666667,24
60min,5,400.0,350.0,200.0,True,500000.0,234,232,2,99.15,925750.0,2.85,621530.0,15.63,3956.2,11,1.26,1.49,30.86,783997.2833913859,1147201.6666666667,457260.0,418.2102777777778,509115.8333333333,36
60min,5,400.0,350.0,150.0,False,500000.0,244,243,1,99.59,717780.0,2.44,622030.0,16.1,2941.7,10,1.04,1.15,23.93,896766.2343425285,1193563.3333333333,591740.0,501.2266666666667,476875.625,24
60min,5,400.0,350.0,250.0,False,500000.0,232,231,1,99.57,1497680.0,4.0,621030.0,14.23,6455.5,11,1.34,2.41,49.92,1295773.8255249162,1803776.6666666667,959920.0,335.9352777777778,550056.9444444445,36
60min,5,400.0,350.0,250.0,True,500000.0,232,230,2,99.14,1257580.0,3.52,621030.0,14.85,5420.6,11,1.34,2.02,41.92,1084080.2393631279,1484508.888888889,805870.0,335.57055555555553,549208.1944444445,36
60min,5,400.0,350.0,300.0,False,500000.0,228,227,1,99.56,2004790.0,5.01,620530.0,13.06,8792.9,11,1.48,3.23,66.83,1422574.4108208215,1998935.8333333333,1238550.0,253.20291666666665,579656.25,24
60min,5,400.0,350.0,300.0,True,500000.0,228,226,2,99.12,1715690.0,4.43,620530.0,13.69,7525.0,11,1.48,2.76,57.19,1196518.6491416697,1640560.8333333333,1045000.0,252.75833333333333,578383.125,24
60min,5,400.0,400.0,150.0,False,500000.0,243,242,1,99.59,612210.0,2.15,634305.0,16.58,2519.4,10,0.9,0.97,20.41,827968.2668696006,1102417.5,591740.0,501.14875,480937.1875,16
60min,5,400.0,400.0,150.0,True,500000.0,243,242,1,99.59,545510.0,2.03,634305.0,16.87,2244.9,10,0.9,0.86,18.18,702146.2831423548,960835.625,457260.0,501.03812500000004,480937.1875,16
60min,5,400.0,400.0,200.0,False,500000.0,234,233,1,99.57,959920.0,2.81,634305.0,15.64,4102.2,10,1.1,1.51,32.0,911460.197555827,1256355.8333333333,591740.0,418.3104166666667,508455.0,24
60min,5,400.0,400.0,250.0,False,500000.0,231,230,1,99.57,1238550.0,3.33,634305.0,14.97,5361.7,10,1.14,1.95,41.29,1186186.5581392501,1619541.6666666667,959920.0,335.69041666666664,553386.875,24
60min,5,400.0,400.0,200.0,True,500000.0,234,233,1,99.57,805870.0,2.52,634305.0,16.11,3443.9,10,1.1,1.27,26.86,757521.6844832154,1085820.8333333333,457260.0,418.1466666666667,508455.0,24
60min,5,400.0,400.0,300.0,False,500000.0,223,222,1,99.55,1633310.0,4.08,634305.0,14.13,7324.3,10,1.31,2.57,54.44,1290053.8816452958,1773523.75,1238550.0,252.880625,583743.75,16
60min,5,400.0,400.0,300.0,True,500000.0,225,224,1,99.56,1350600.0,3.55,634305.0,14.72,6002.7,10,1.3,2.13,45.02,1132748.0639503293,1532201.875,1045000.0,252.610625,570982.1875,16
60min,5,400.0,400.0,250.0,True,500000.0,231,230,1,99.57,1045000.0,2.97,634305.0,15.51,4523.8,10,1.14,1.65,34.83,1031022.9387489492,1397788.3333333333,805870.0,335.46125,544879.1666666666,24
60min,10,150.0,200.0,200.0,False,500000.0,703,691,12,98.29,-632230.0,0.9,2286400.0,73.08,-899.3,15,1.57,-0.28,-21.07,30952.887313966443,535918.6111111111,-2004160.0,1.3541666666666663,1573489.0277777778,36
60min,10,150.0,200.0,150.0,False,500000.0,719,707,12,98.33,-1692790.0,0.72,2789735.0,89.81,-2354.4,15,1.5,-0.61,-56.43,18867.106422430003,356205.8333333333,-2004160.0,1.3195833333333333,1598609.1666666667,24
60min,10,150.0,200.0,150.0,True,500000.0,731,721,10,98.63,-746140.0,0.82,1706780.0,49.94,-1020.7,15,1.47,-0.44,-24.87,34996.42751940778,360250.8333333333,-1090550.0,1.2995833333333333,1252494.1666666667,24
60min,10,150.0,200.0,200.0,True,500000.0,714,704,10,98.6,-63500.0,0.98,1337560.0,36.35,-88.9,15,1.54,-0.05,-2.12,51305.956966946134,506398.6111111111,-1090550.0,1.3258333333333332,1235836.388888889,36
60min,10,150.0,200.0,250.0,True,500000.0,694,684,10,98.56,555770.0,1.13,1141720.0,32.49,800.8,15,1.62,0.49,18.53,87529.17368122884,786004.7222222222,-656210.0,1.3552777777777776,1199788.1944444445,36
60min,10,150.0,200.0,250.0,False,500000.0,677,664,13,98.08,-53440.0,0.99,2390495.0,75.13,-78.9,15,1.66,-0.02,-1.78,61009.36000512498,929175.8333333334,-1400500.0,1.3999999999999997,1531002.5,36
60min,10,150.0,200.0,300.0,False,500000.0,651,637,14,97.85,301520.0,1.04,2510495.0,78.16,463.2,15,1.75,0.12,10.05,70788.25449896327,1101034.5833333333,-1400500.0,1.3941666666666668,1538846.4583333333,24
60min,10,150.0,200.0,300.0,True,500000.0,669,658,11,98.36,1021230.0,1.24,1159870.0,32.64,1526.5,15,1.72,0.88,34.04,119964.3078913158,921426.6666666666,-656210.0,1.3666666666666665,1202410.0,24
60min,10,150.0,250.0,150.0,False,500000.0,704,696,8,98.86,-379170.0,0.91,1438800.0,44.81,-538.6,14,1.18,-0.26,-12.64,48931.46880601027,611775.2777777778,-2004160.0,1.4413888888888888,1445099.4444444445,36
60min,10,150.0,250.0,150.0,True,500000.0,711,702,9,98.73,-1090550.0,0.73,1653675.0,53.08,-1533.8,14,1.17,-0.66,-36.35,45267.16345842586,441185.0,-1090550.0,1.3411111111111111,1234935.9722222222,36
60min,10,150.0,250.0,200.0,False,500000.0,675,666,9,98.67,-131670.0,0.97,1580540.0,43.74,-195.1,14,1.28,-0.08,-4.39,71415.45182096252,818360.925925926,-2004160.0,1.5031481481481481,1419442.1296296297,54
60min,10,150.0,250.0,200.0,True,500000.0,686,677,9,98.69,-578380.0,0.86,1420470.0,45.56,-843.1,14,1.26,-0.41,-19.28,71721.61396114247,632392.5925925926,-1090550.0,1.4203703703703705,1201524.351851852,54
60min,10,150.0,250.0,250.0,False,500000.0,646,636,10,98.45,-15940.0,1.0,1550435.0,44.31,-24.7,14,1.35,-0.01,-0.53,143760.7812069863,1285684.4444444445,-1400500.0,1.624259259259259,1359710.462962963,54
60min,10,150.0,250.0,250.0,True,500000.0,654,644,10,98.47,-656210.0,0.85,1606035.0,51.15,-1003.4,14,1.35,-0.41,-21.87,167887.83936700027,1002972.4074074074,-656210.0,1.5475925925925926,1143265.0,54
60min,10,150.0,250.0,300.0,False,500000.0,622,613,9,98.55,1463800.0,1.33,1522235.0,40.54,2353.4,14,1.44,0.96,48.79,179007.03016891275,1471179.7222222222,-1400500.0,1.628333333333333,1369417.361111111,36
60min,10,150.0,250.0,300.0,True,500000.0,632,622,10,98.42,188970.0,1.05,1563120.0,49.48,299.0,14,1.43,0.12,6.3,218220.0488391759,1165935.2777777778,-656210.0,1.590833333333333,1142592.7777777778,36
60min,10,150.0,300.0,150.0,False,500000.0,670,664,6,99.1,22970.0,1.01,1202105.0,32.42,34.3,13,1.05,0.02,0.77,256525.14157602968,1147176.111111111,-379170.0,1.7480555555555555,1061430.4166666667,36
60min,10,150.0,300.0,150.0,True,500000.0,676,669,7,98.96,-516560.0,0.83,1261315.0,38.46,-764.1,13,1.04,-0.41,-17.22,94965.96713497094,668676.3888888889,-1090550.0,1.5447222222222223,1080606.111111111,36
60min,10,150.0,300.0,200.0,True,500000.0,653,646,7,98.93,35670.0,1.01,1209005.0,32.65,54.6,13,1.1,0.03,1.19,137730.61190535326,865522.4074074074,-1090550.0,1.6779629629629633,1057634.7222222222,54
60min,10,150.0,300.0,200.0,False,500000.0,641,635,6,99.06,700820.0,1.23,1129295.0,27.53,1093.3,13,1.11,0.62,23.36,314450.0006371374,1354499.6296296297,-379170.0,1.8264814814814812,1061647.962962963,54
60min,10,150.0,300.0,250.0,False,500000.0,617,611,6,99.03,1341470.0,1.45,1086500.0,25.25,2174.2,13,1.17,1.23,44.72,515967.00653422775,1836402.2222222222,-131670.0,1.996111111111111,1045425.0925925926,54
60min,10,150.0,300.0,250.0,True,500000.0,632,625,7,98.89,507110.0,1.17,1151655.0,29.75,802.4,13,1.15,0.44,16.9,305653.1819520219,1267659.2592592593,-656210.0,1.9261111111111107,1011438.5185185185,54
60min,10,150.0,300.0,300.0,False,500000.0,585,580,5,99.15,2698960.0,2.07,1066300.0,24.58,4613.6,13,1.25,2.53,89.97,558325.7434683453,2004944.1666666667,-88620.0,1.9988888888888887,1073625.9722222222,36
60min,10,150.0,300.0,300.0,True,500000.0,593,587,6,98.99,1435340.0,1.57,1105005.0,34.3,2420.5,13,1.24,1.3,47.84,361162.3348176865,1424087.7777777778,-656210.0,2.0083333333333333,1028768.4722222222,36
60min,10,150.0,350.0,150.0,False,500000.0,646,642,4,99.38,679230.0,1.34,1088180.0,29.22,1051.4,12,0.89,0.62,22.64,401666.8600226919,1265946.9444444445,22970.0,2.0866666666666664,933642.0833333334,36
60min,10,150.0,350.0,150.0,True,500000.0,656,652,4,99.39,830870.0,1.55,998220.0,32.06,1266.6,12,0.88,0.83,27.7,292050.4453249692,1017340.5555555555,-516560.0,2.024722222222222,907259.4444444445,36
60min,10,150.0,350.0,200.0,False,500000.0,619,615,4,99.35,1255130.0,1.63,1075680.0,28.8,2027.7,12,0.95,1.17,41.84,471991.7710767751,1476278.3333333333,22970.0,2.1609259259259255,944071.3888888889,54
60min,10,150.0,350.0,200.0,True,500000.0,629,625,4,99.36,1277120.0,1.85,983870.0,31.32,2030.4,12,0.94,1.3,42.57,380536.77451746335,1243472.962962963,-516560.0,2.181111111111111,891137.5925925926,54
60min,10,150.0,350.0,250.0,False,500000.0,593,589,4,99.33,1812070.0,1.91,1063180.0,28.88,3055.8,12,1.0,1.7,60.4,890908.0158199468,1911612.4074074074,700820.0,2.294259259259259,966413.1481481482,54
60min,10,150.0,350.0,250.0,True,500000.0,607,603,4,99.34,1774510.0,2.18,1004025.0,31.69,2923.4,12,0.99,1.77,59.15,591939.2264986058,1667925.9259259258,35670.0,2.429074074074074,877962.3148148148,54
60min,10,150.0,350.0,300.0,False,500000.0,567,562,5,99.12,1826890.0,1.73,1427595.0,44.23,3222.0,12,1.06,1.28,60.9,968305.7933749771,2060008.888888889,901380.0,2.2524999999999995,1017712.6388888889,36
60min,10,150.0,350.0,300.0,True,500000.0,582,578,4,99.31,2220350.0,2.48,960635.0,30.06,3815.0,12,1.05,2.31,74.01,832034.5083007001,1835196.111111111,507110.0,2.483611111111111,905787.2222222222,36
60min,10,150.0,400.0,150.0,False,500000.0,637,635,2,99.69,1387010.0,2.39,612075.0,17.51,2177.4,10,0.76,2.27,46.23,565860.2320152939,1337463.3333333333,246170.0,2.2875,831423.125,24
60min,10,150.0,400.0,250.0,True,500000.0,593,590,3,99.49,1460050.0,1.96,1010900.0,31.88,2462.1,10,0.84,1.44,48.67,901755.9259593377,1783435.0,556110.0,2.6774999999999998,801834.1666666666,36
60min,10,150.0,400.0,150.0,True,500000.0,640,638,2,99.69,1151690.0,2.15,612075.0,17.86,1799.5,10,0.76,1.88,38.39,536500.3243504859,1224484.1666666667,212820.0,2.3249999999999997,760979.375,24
60min,10,150.0,400.0,200.0,False,500000.0,613,611,2,99.67,1934500.0,2.93,634060.0,18.73,3155.8,10,0.8,3.05,64.48,621651.9864614479,1522794.7222222222,246170.0,2.3408333333333333,860432.9166666666,36
60min,10,150.0,400.0,250.0,False,500000.0,590,587,3,99.49,1814490.0,2.19,966800.0,30.49,3075.4,10,0.85,1.88,60.48,969458.1928241281,1868067.7777777778,901380.0,2.4049999999999994,941056.5277777778,36
60min,10,150.0,400.0,200.0,True,500000.0,616,614,2,99.68,1615180.0,2.61,634060.0,19.22,2622.0,10,0.8,2.55,53.84,609995.5597236214,1423019.1666666667,212820.0,2.4669444444444446,770256.25,36
60min,10,150.0,400.0,300.0,False,500000.0,561,557,4,99.29,1716300.0,1.85,1081030.0,33.94,3059.4,10,0.9,1.59,57.21,942108.9160915199,1984278.3333333333,901380.0,2.330416666666667,1011289.375,24
60min,10,150.0,400.0,300.0,True,500000.0,560,556,4,99.29,1243830.0,1.61,1134130.0,35.61,2221.1,10,0.91,1.1,41.46,1074489.8248579996,1925317.9166666667,923370.0,2.705833333333333,847201.6666666666,24
60min,10,200.0,200.0,150.0,False,500000.0,534,529,5,99.06,793650.0,1.3,1495680.0,47.8,1486.2,15,1.48,0.53,26.46,80215.33259881943,631284.1666666666,-2004160.0,29.29527777777778,1364665.4166666667,36
60min,10,200.0,200.0,150.0,True,500000.0,537,532,5,99.07,1519240.0,2.34,683500.0,19.83,2829.1,15,1.46,2.22,50.64,73221.5448441898,427761.94444444444,-1090550.0,611.5400000000001,1144132.0833333333,36
60min,10,200.0,200.0,200.0,True,500000.0,508,501,7,98.62,1153880.0,1.54,867330.0,19.23,2271.4,15,1.74,1.33,38.46,94528.61682054182,547165.7407407408,-1090550.0,408.160925925926,1136197.5925925926,54
60min,10,200.0,200.0,200.0,False,500000.0,503,495,8,98.41,385280.0,1.09,1464520.0,46.26,766.0,15,1.77,0.26,12.84,100844.00771576133,776072.0370370371,-2004160.0,20.038148148148146,1350292.2222222222,54
60min,10,200.0,200.0,250.0,True,500000.0,494,486,8,98.38,1419720.0,1.54,1111605.0,32.99,2873.9,15,1.87,1.28,47.32,112915.68193248051,773495.0,-656210.0,1.405,1121755.0,54
60min,10,200.0,200.0,250.0,False,500000.0,489,480,9,98.16,967190.0,1.21,1430125.0,44.78,1977.9,15,1.9,0.68,32.24,115331.87290098434,1129140.5555555555,-1400500.0,1.5383333333333336,1338407.5,54
60min,10,200.0,200.0,300.0,False,500000.0,475,466,9,98.11,2080750.0,1.45,1316605.0,40.9,4380.5,15,2.0,1.58,69.36,140101.97867376526,1282703.3333333333,-1400500.0,1.4902777777777778,1345161.25,36
60min,10,200.0,200.0,300.0,True,500000.0,483,474,9,98.14,1859860.0,1.7,1103605.0,32.05,3850.6,15,1.95,1.69,62.0,141648.24408385094,886331.6666666666,-656210.0,1.3824999999999998,1128487.5,36
60min,10,200.0,250.0,150.0,False,500000.0,518,514,4,99.23,988790.0,1.49,1107765.0,34.09,1908.9,13,1.25,0.89,32.96,132563.74103052125,863231.4814814815,-2004160.0,57.169074074074075,1232165.7407407407,54
60min,10,200.0,250.0,200.0,False,500000.0,483,480,3,99.38,2566310.0,2.71,731845.0,18.57,5313.3,14,1.5,3.51,85.54,162928.18966322055,1045770.4938271604,-2004160.0,38.74493827160494,1221013.6419753085,81
60min,10,200.0,250.0,150.0,True,500000.0,521,515,6,98.85,480720.0,1.24,1107765.0,34.94,922.7,13,1.24,0.43,16.02,101231.2550305384,563290.925925926,-1090550.0,445.2316666666667,1101430.0925925926,54
60min,10,200.0,250.0,200.0,True,500000.0,493,488,5,98.99,1531770.0,2.02,774885.0,19.01,3107.0,14,1.47,1.98,51.06,133798.07553975307,730180.7407407408,-1090550.0,297.409012345679,1083801.6666666667,81
60min,10,200.0,250.0,250.0,False,500000.0,467,464,3,99.36,3342670.0,3.23,730845.0,17.55,7157.8,14,1.59,4.57,111.42,266081.34201101953,1457332.5925925926,-1400500.0,1.8597530864197536,1205889.4444444445,81
60min,10,200.0,250.0,250.0,True,500000.0,480,475,5,98.96,1952260.0,2.3,730845.0,18.62,4067.2,14,1.55,2.67,65.08,217943.23866623847,1043165.6790123457,-656210.0,1.7204938271604937,1058047.2839506173,81
60min,10,200.0,250.0,300.0,False,500000.0,462,457,5,98.92,2979340.0,2.19,847805.0,26.07,6448.8,14,1.66,3.51,99.31,301438.586460983,1626156.6666666667,-1400500.0,1.8233333333333335,1219705.648148148,54
60min,10,200.0,250.0,300.0,True,500000.0,470,463,7,98.51,1674420.0,1.84,940640.0,26.03,3562.6,14,1.63,1.78,55.81,266514.78541896655,1189917.5925925926,-656210.0,1.7464814814814815,1061525.9259259258,54
60min,10,200.0,300.0,150.0,False,500000.0,510,506,4,99.22,474800.0,1.24,1245065.0,38.84,931.0,13,1.04,0.38,15.83,393537.8505089869,1297231.2962962964,-379170.0,112.92907407407405,920274.7222222222,54
60min,10,200.0,300.0,150.0,True,500000.0,511,507,4,99.22,116610.0,1.06,1335245.0,41.65,228.2,13,1.04,0.09,3.89,197040.30827241935,837120.1851851852,-1090550.0,2320.065,939703.9814814815,54
60min,10,200.0,300.0,200.0,False,500000.0,481,478,3,99.38,1723620.0,2.15,736690.0,21.42,3583.4,12,1.19,2.34,57.45,453861.60691592516,1499518.5185185184,-379170.0,76.07518518518519,930252.5925925926,81
60min,10,200.0,300.0,250.0,False,500000.0,463,459,4,99.14,1733020.0,1.87,1008625.0,31.96,3743.0,12,1.28,1.72,57.77,609304.4435970753,1908922.3456790124,-131670.0,14.60185185185185,950083.2716049383,81
60min,10,200.0,300.0,200.0,True,500000.0,485,482,3,99.38,1170340.0,1.78,818005.0,25.16,2413.1,12,1.19,1.43,39.01,251208.68842183237,1003306.1728395062,-1090550.0,1547.445061728395,934363.4567901235,81
60min,10,200.0,300.0,300.0,False,500000.0,440,436,4,99.09,2429750.0,2.21,913485.0,28.88,5522.2,12,1.4,2.66,80.99,643907.2675849715,2061876.111111111,-88620.0,2.2335185185185185,986624.5370370371,54
60min,10,200.0,300.0,250.0,True,500000.0,469,466,3,99.36,1579180.0,2.05,806945.0,24.5,3367.1,12,1.26,1.96,52.64,382743.50053811475,1333116.4197530865,-656210.0,518.0477777777777,921637.3456790124,81
60min,10,200.0,300.0,300.0,True,500000.0,447,443,4,99.11,1946130.0,2.3,934300.0,23.57,4353.8,12,1.38,2.08,64.87,422723.09590352763,1468643.5185185184,-656210.0,2.2037037037037037,943303.1481481482,54
60min,10,200.0,350.0,150.0,False,500000.0,501,498,3,99.4,560510.0,1.37,998710.0,31.32,1118.8,12,0.88,0.56,18.68,501892.4864508913,1361737.4074074074,22970.0,150.0837037037037,801685.8333333334,54
60min,10,200.0,350.0,150.0,True,500000.0,502,499,3,99.4,453180.0,1.3,998710.0,31.32,902.7,12,0.88,0.45,15.11,380237.6988895206,1109937.2222222222,-516560.0,1969.1053703703703,787608.5185185185,54
60min,10,200.0,350.0,200.0,False,500000.0,463,461,2,99.57,1720620.0,2.72,633720.0,17.53,3716.2,12,1.05,2.72,57.35,567637.438589255,1554614.0740740742,22970.0,113.23358024691358,824863.5802469136,81
60min,10,200.0,350.0,200.0,True,500000.0,469,467,2,99.57,1336190.0,2.33,634550.0,19.57,2849.0,12,1.04,2.11,44.54,458795.6301776809,1304999.7530864198,-516560.0,1325.9324691358026,789422.9012345679,81
60min,10,200.0,350.0,250.0,False,500000.0,447,444,3,99.33,1695060.0,2.13,908620.0,28.81,3792.1,12,1.14,1.87,56.5,955419.3809351543,1912866.2962962964,700820.0,39.46407407407407,889322.1604938272,81
60min,10,200.0,350.0,250.0,True,500000.0,454,452,2,99.56,1781150.0,2.78,637910.0,19.43,3923.2,12,1.11,2.79,59.37,633227.4906636913,1663471.6049382717,35670.0,543.1079012345679,813845.4320987654,81
60min,10,200.0,350.0,300.0,True,500000.0,446,444,2,99.55,2310760.0,3.31,672715.0,20.25,5181.1,12,1.16,3.43,77.03,865776.1479557228,1805939.0740740742,507110.0,21.09537037037037,849235.5555555555,54
60min,10,200.0,350.0,300.0,False,500000.0,440,437,3,99.32,2282140.0,2.52,906255.0,28.61,5186.7,12,1.18,2.52,76.07,1016085.584940745,2033759.4444444445,901380.0,20.91611111111111,951725.0925925926,54
60min,10,200.0,400.0,150.0,False,500000.0,496,493,3,99.4,246170.0,1.16,1086635.0,34.27,496.3,11,0.76,0.23,8.21,654644.4195496424,1379043.0555555555,246170.0,168.66722222222222,718945.5555555555,36
60min,10,200.0,400.0,150.0,True,500000.0,496,493,3,99.4,212820.0,1.14,1086635.0,34.27,429.1,11,0.76,0.2,7.09,601992.0845746419,1247731.388888889,212820.0,2897.3505555555557,673399.7222222222,36
60min,10,200.0,400.0,200.0,False,500000.0,461,459,2,99.57,1345280.0,2.3,647570.0,17.7,2918.2,10,0.9,2.08,44.84,702702.090031753,1539337.4074074074,246170.0,131.77111111111108,756067.1296296297,54
60min,10,200.0,400.0,200.0,True,500000.0,463,461,2,99.57,1238020.0,2.2,647570.0,17.86,2673.9,10,0.9,1.91,41.27,658994.0791861862,1409394.2592592593,212820.0,1950.9461111111116,694629.4444444445,54
60min,10,200.0,400.0,250.0,False,500000.0,441,439,2,99.55,1824400.0,2.76,647570.0,18.53,4137.0,10,0.96,2.82,60.81,1024909.8238765077,1812441.111111111,901380.0,57.94481481481481,863556.574074074,54
60min,10,200.0,400.0,300.0,True,500000.0,429,426,3,99.3,1442680.0,1.94,1164940.0,37.1,3362.9,10,1.01,1.24,48.09,1057692.4812028774,1810363.888888889,923370.0,30.40583333333333,810051.9444444445,36
60min,10,200.0,400.0,250.0,True,500000.0,443,441,2,99.55,1687640.0,2.63,647570.0,18.74,3809.6,10,0.96,2.61,56.25,912663.8996667404,1703953.888888889,556110.0,813.486111111111,755452.2222222222,54
60min,10,200.0,400.0,300.0,False,500000.0,433,430,3,99.31,1673870.0,2.09,1120690.0,35.69,3865.8,10,0.99,1.49,55.8,975863.7491448763,1894107.5,901380.0,30.12944444444444,943190.4166666666,36
60min,10,250.0,200.0,150.0,False,500000.0,401,398,3,99.25,1217020.0,1.75,711670.0,19.28,3035.0,15,1.55,1.71,40.57,289106.59143045277,1099537.5,-587780.0,85.09694444444443,994801.9444444445,36
60min,10,250.0,200.0,150.0,True,500000.0,401,396,5,98.75,540170.0,1.33,765020.0,20.26,1347.1,15,1.55,0.71,18.01,129928.96222881174,619094.7222222222,-1212570.0,667.2036111111113,950653.6111111111,36
60min,10,250.0,200.0,200.0,True,500000.0,385,378,7,98.18,594880.0,1.28,933440.0,23.16,1545.1,15,1.8,0.64,19.83,152201.95150528755,708420.7407407408,-1212570.0,445.3333333333334,953714.074074074,54
60min,10,250.0,200.0,200.0,False,500000.0,385,380,5,98.7,1086300.0,1.41,968320.0,31.09,2821.6,15,1.81,1.12,36.21,337882.17493851535,1240159.2592592593,-587780.0,57.36074074074073,983105.925925926,54
60min,10,250.0,200.0,250.0,False,500000.0,362,355,7,98.07,1125900.0,1.31,951950.0,30.4,3110.2,15,2.15,1.18,37.53,468005.745796617,1581242.962962963,-123010.0,20.37148148148148,968804.6296296297,54
60min,10,250.0,200.0,250.0,True,500000.0,365,358,7,98.08,1089740.0,1.51,780735.0,18.44,2985.6,15,2.1,1.4,36.32,229140.6128898433,871929.2592592592,-1201550.0,20.067962962962966,962581.6666666666,54
60min,10,250.0,200.0,300.0,False,500000.0,351,343,8,97.72,1685670.0,1.41,1431555.0,45.51,4802.5,15,2.34,1.18,56.19,654671.8135236956,1716079.4444444445,469500.0,1.8050000000000002,970116.5277777778,36
60min,10,250.0,200.0,300.0,True,500000.0,357,348,9,97.48,905250.0,1.34,1105655.0,33.93,2535.7,15,2.26,0.82,30.18,218642.30342636324,948089.1666666666,-754730.0,1.5325,975578.4722222222,36
60min,10,250.0,250.0,150.0,False,500000.0,394,393,1,99.75,1796840.0,4.59,542165.0,12.85,4560.5,14,1.28,3.31,59.89,379216.87853274343,1228415.1851851852,-587780.0,168.35444444444443,891743.8888888889,54
60min,10,250.0,250.0,150.0,True,500000.0,394,391,3,99.24,1369090.0,3.73,542165.0,13.07,3474.8,14,1.28,2.53,45.64,197930.36683102776,784007.7777777778,-1212570.0,556.3427777777779,870685.4629629629,54
60min,10,250.0,250.0,200.0,False,500000.0,369,365,4,98.92,1076200.0,1.54,819235.0,24.43,2916.5,14,1.56,1.31,35.87,433731.5226110951,1393282.962962963,-587780.0,113.03209876543208,896656.1728395062,81
60min,10,250.0,250.0,200.0,True,500000.0,371,364,7,98.11,328030.0,1.16,866035.0,27.18,884.2,14,1.56,0.38,10.93,248162.11927276905,916969.1358024691,-1212570.0,371.59530864197535,875555.3086419753,81
60min,10,250.0,250.0,250.0,False,500000.0,352,348,4,98.86,1894700.0,1.95,728755.0,21.2,5382.7,14,1.74,2.6,63.16,582087.8209432355,1780357.9012345679,-123010.0,39.279135802469135,899089.5061728396,81
60min,10,250.0,250.0,250.0,True,500000.0,354,347,7,98.02,674130.0,1.34,887155.0,27.48,1904.3,14,1.74,0.76,22.47,351034.8409172781,1168179.012345679,-1201550.0,38.9916049382716,884238.7654320988,81
60min,10,250.0,250.0,300.0,True,500000.0,350,343,7,98.0,1016810.0,1.51,870155.0,26.63,2905.2,14,1.8,1.17,33.89,391804.9535722873,1282650.7407407407,-754730.0,2.0987037037037037,902722.6851851852,54
60min,10,250.0,250.0,300.0,False,500000.0,348,344,4,98.85,2520530.0,2.26,726105.0,19.87,7242.9,14,1.8,3.47,84.02,807721.9286035155,1931927.4074074074,469500.0,2.3483333333333336,919291.7592592592,54
60min,10,250.0,300.0,150.0,False,500000.0,390,390,0,100.0,1895940.0,999.99,333120.0,9.77,4861.4,13,1.05,5.69,63.2,780645.0452684142,1475192.2222222222,374310.0,297.9983333333333,679693.2407407408,54
60min,10,250.0,300.0,150.0,True,500000.0,390,390,0,100.0,1587090.0,999.99,333120.0,9.89,4069.5,13,1.05,4.76,52.9,413823.56336095947,1081023.7037037036,-166890.0,2505.1140740740734,694053.6111111111,54
60min,10,250.0,300.0,200.0,False,500000.0,368,366,2,99.46,1663770.0,2.66,713295.0,21.79,4521.1,13,1.28,2.33,55.46,845563.6829884313,1667640.0,374310.0,211.96345679012347,704147.9629629629,81
60min,10,250.0,300.0,200.0,True,500000.0,368,366,2,99.46,1179120.0,2.18,782595.0,24.67,3204.1,13,1.28,1.51,39.3,470633.73844144633,1225432.2222222222,-166890.0,1683.2733333333335,703529.938271605,81
60min,10,250.0,300.0,250.0,False,500000.0,351,349,2,99.43,2322480.0,3.32,685355.0,20.52,6616.8,13,1.43,3.39,77.42,1242916.5197160041,2063692.7160493827,901380.0,89.06296296296297,738239.2592592592,81
60min,10,250.0,300.0,250.0,True,500000.0,351,349,2,99.43,1695630.0,2.7,784355.0,24.42,4830.9,13,1.43,2.16,56.52,746036.2357011401,1510511.6049382717,328030.0,592.3674074074074,715656.3580246913,81
60min,10,250.0,300.0,300.0,True,500000.0,340,338,2,99.41,2092730.0,3.09,775795.0,23.68,6155.1,13,1.54,2.7,69.76,782143.6264230089,1615540.0,363720.0,21.162777777777777,749458.0555555555,54
60min,10,250.0,300.0,300.0,False,500000.0,339,336,3,99.12,2368330.0,2.58,963515.0,30.7,6986.2,13,1.54,2.46,78.94,1250158.44142787,2202891.8518518517,901380.0,21.38925925925926,786749.5370370371,54
60min,10,250.0,350.0,150.0,False,500000.0,385,385,0,100.0,1790850.0,999.99,314720.0,9.59,4651.6,11,0.92,5.69,59.7,702276.8114024255,1349384.2592592593,246170.0,371.82185185185193,613568.2407407408,54
60min,10,250.0,350.0,150.0,True,500000.0,385,383,2,99.48,1634250.0,27238.5,314720.0,9.83,4244.8,11,0.92,5.19,54.48,548127.7695289823,1141390.3703703703,116610.0,2190.852407407408,601725.2777777778,54
60min,10,250.0,350.0,200.0,False,500000.0,369,368,1,99.73,1775520.0,4.55,643260.0,13.7,4811.7,11,1.05,2.76,59.18,761025.1114467211,1522342.0987654321,246170.0,285.8325925925926,647106.4814814815,81
60min,10,250.0,350.0,200.0,True,500000.0,369,366,3,99.19,1561470.0,4.12,643260.0,14.21,4231.6,11,1.05,2.43,52.05,621865.4495048012,1318808.6419753085,116610.0,1498.5014814814815,615517.9012345679,81
60min,10,250.0,350.0,250.0,False,500000.0,341,339,2,99.41,1804730.0,2.8,642260.0,19.22,5292.5,11,1.24,2.81,60.16,1180040.4192256841,1878697.037037037,901380.0,150.71,717953.7654320988,81
60min,10,250.0,350.0,250.0,True,500000.0,342,338,4,98.83,1429620.0,2.43,729755.0,22.81,4180.2,11,1.24,1.96,47.65,1108605.5745474997,1656011.975308642,835240.0,654.2428395061728,660167.0987654321,81
60min,10,250.0,400.0,150.0,False,500000.0,375,375,0,100.0,1447730.0,999.99,220870.0,6.58,3860.6,10,0.8,6.55,48.26,690912.8260683469,1280991.111111111,246170.0,390.29805555555555,577538.4722222222,36
60min,10,250.0,350.0,300.0,True,500000.0,335,331,4,98.81,1814860.0,2.81,689055.0,21.38,5417.5,11,1.32,2.63,60.5,1165057.340493437,1791433.148148148,931250.0,76.94888888888889,704378.8888888889,54
60min,10,250.0,350.0,300.0,False,500000.0,332,329,3,99.1,1703580.0,2.14,941465.0,30.08,5131.3,11,1.33,1.81,56.79,1163868.699143784,2000850.1851851852,901380.0,76.93203703703703,783831.3888888889,54
60min,10,250.0,400.0,150.0,True,500000.0,375,375,0,100.0,1362180.0,999.99,220870.0,6.58,3632.5,10,0.8,6.17,45.41,628847.9195856967,1155168.611111111,212820.0,3118.9680555555556,547213.3333333334,36
60min,10,250.0,400.0,200.0,True,500000.0,358,357,1,99.72,1256980.0,3.4,639430.0,14.85,3511.1,10,0.94,1.97,41.9,694534.1212165627,1311180.0,212820.0,2135.692592592593,563657.9629629629,54
60min,10,250.0,400.0,200.0,False,500000.0,358,357,1,99.72,1372030.0,3.62,639430.0,14.6,3832.5,10,0.94,2.15,45.73,748878.7711508912,1433747.962962963,246170.0,316.56148148148145,608781.3888888889,54
60min,10,250.0,400.0,250.0,False,500000.0,336,334,2,99.4,1353680.0,2.32,638930.0,17.53,4028.8,10,1.1,2.12,45.12,1131375.5913585005,1728751.6666666667,901380.0,187.51777777777775,697101.0185185185,54
60min,10,250.0,400.0,250.0,True,500000.0,336,334,2,99.4,1209130.0,2.18,638930.0,17.73,3598.6,10,1.1,1.89,40.3,1098998.2240264479,1603678.7037037036,835240.0,942.9448148148147,626474.1666666666,54
60min,10,250.0,400.0,300.0,False,500000.0,329,326,3,99.09,1179220.0,1.77,1134210.0,36.5,3584.3,10,1.14,1.04,39.31,1118765.0746820979,1819463.611111111,901380.0,113.68055555555556,766925.9722222222,36
60min,10,250.0,400.0,300.0,True,500000.0,323,320,3,99.07,931250.0,1.61,1178460.0,37.93,2883.1,10,1.17,0.79,31.04,1129780.5167603774,1711262.7777777778,931250.0,113.80777777777777,678062.7777777778,36
60min,10,300.0,200.0,150.0,False,500000.0,304,301,3,99.01,753890.0,1.49,649695.0,20.95,2479.9,15,1.64,1.16,25.13,329308.8903519583,1021578.6111111111,-587780.0,168.42944444444444,816650.5555555555,36
60min,10,300.0,200.0,150.0,True,500000.0,305,300,5,98.36,234930.0,1.15,649695.0,21.16,770.3,15,1.63,0.36,7.83,111865.95253750001,494005.55555555556,-1212570.0,750.4269444444444,867766.25,36
60min,10,300.0,200.0,200.0,False,500000.0,296,293,3,98.99,1505680.0,1.98,645495.0,20.2,5086.8,15,1.89,2.33,50.19,371037.0636726006,1132366.2962962964,-587780.0,131.48759259259256,831511.574074074,54
60min,10,300.0,200.0,200.0,True,500000.0,297,292,5,98.32,569470.0,1.37,645495.0,20.82,1917.4,15,1.87,0.88,18.98,124028.11461042523,553514.8148148148,-1212570.0,519.3381481481482,879631.4814814815,54
60min,10,300.0,200.0,250.0,False,500000.0,286,281,5,98.25,1269250.0,1.5,776490.0,19.69,4437.9,15,2.16,1.63,42.31,472706.95885336754,1400528.888888889,-123010.0,57.56314814814814,859280.1851851852,54
60min,10,300.0,200.0,250.0,True,500000.0,289,284,5,98.27,912000.0,1.6,640995.0,20.45,3155.7,15,2.1,1.42,30.4,162582.9762630071,653654.4444444445,-1201550.0,57.10499999999999,913025.3703703703,54
60min,10,300.0,250.0,150.0,False,500000.0,301,300,1,99.67,1318310.0,3.64,522740.0,12.64,4379.8,14,1.35,2.52,43.94,433356.9060734727,1164108.5185185184,-587780.0,297.902962962963,700150.8333333334,54
60min,10,300.0,200.0,300.0,True,500000.0,279,274,5,98.21,1369670.0,1.89,645345.0,20.42,4909.2,15,2.41,2.12,45.66,198567.62573429075,710193.8888888889,-754730.0,29.34305555555556,919161.3888888889,36
60min,10,300.0,200.0,300.0,False,500000.0,274,268,6,97.81,1746880.0,1.58,768490.0,18.83,6375.5,15,2.5,2.27,58.23,557756.6651308517,1518491.111111111,97880.0,29.80861111111111,867087.5,36
60min,10,300.0,250.0,150.0,True,500000.0,303,301,2,99.34,948000.0,2.9,522740.0,12.73,3128.7,14,1.33,1.81,31.6,188542.56354173695,710008.7037037037,-1212570.0,685.8209259259258,736924.5370370371,54
60min,10,300.0,250.0,200.0,True,500000.0,289,287,2,99.31,1344490.0,3.69,525955.0,12.59,4652.2,14,1.58,2.56,44.82,227882.03272313433,807257.7777777778,-1212570.0,494.91765432098765,757708.024691358,81
60min,10,300.0,250.0,250.0,False,500000.0,278,275,3,98.92,1525200.0,2.02,715720.0,15.11,5486.3,14,1.78,2.13,50.84,598241.5112014312,1633141.3580246915,-123010.0,138.09234567901237,767386.975308642,81
60min,10,300.0,250.0,250.0,True,500000.0,281,276,5,98.22,668250.0,1.45,832500.0,20.13,2378.1,14,1.77,0.8,22.27,295189.5426923994,986978.5185185185,-1201550.0,137.65061728395062,799044.1358024691,81
60min,10,300.0,250.0,200.0,False,500000.0,287,286,1,99.65,1930050.0,4.86,525955.0,12.47,6724.9,14,1.59,3.67,64.33,482539.2255578092,1311115.061728395,-587780.0,236.45851851851856,723846.3580246913,81
60min,10,300.0,250.0,300.0,False,500000.0,263,260,3,98.86,2354710.0,2.57,712240.0,14.07,8953.3,14,2.06,3.31,78.49,692970.1335518638,1782058.5185185184,97880.0,95.06055555555555,787502.0370370371,54
60min,10,300.0,250.0,300.0,True,500000.0,267,262,5,98.13,991300.0,1.66,781140.0,17.84,3712.7,14,2.04,1.27,33.04,334048.6638106188,1083436.6666666667,-754730.0,94.60592592592592,813391.8518518518,54
60min,10,300.0,300.0,150.0,False,500000.0,300,300,0,100.0,1538100.0,999.99,327360.0,9.6,5127.0,13,1.11,4.7,51.27,809827.6652017294,1342076.851851852,374310.0,501.3620370370372,533075.2777777778,54
60min,10,300.0,300.0,150.0,True,500000.0,301,300,1,99.67,1309020.0,999.99,327360.0,9.6,4348.9,13,1.11,4.0,43.63,447240.863444341,1033491.2962962963,-166890.0,2708.5094444444435,545530.4629629629,54
60min,10,300.0,300.0,200.0,False,500000.0,291,291,0,100.0,1984460.0,999.99,327360.0,9.5,6819.5,13,1.26,6.06,66.15,879349.8111012598,1521860.7407407407,374310.0,409.2093827160494,561085.061728395,81
60min,10,300.0,300.0,200.0,True,500000.0,292,291,1,99.66,1676380.0,999.99,327360.0,9.5,5741.0,13,1.26,5.12,55.88,486808.7280699945,1139368.888888889,-166890.0,1880.49037037037,576256.5432098765,81
60min,10,300.0,300.0,250.0,False,500000.0,278,277,1,99.64,2211890.0,5.41,666530.0,13.43,7956.4,13,1.47,3.32,73.73,1124808.4082579543,1869821.7283950618,610870.0,261.7256790123457,620942.0370370371,81
60min,10,300.0,300.0,300.0,False,500000.0,261,260,1,99.62,2927000.0,6.84,665030.0,12.19,11214.6,13,1.71,4.4,97.57,1328423.6842565753,2031518.7037037036,929270.0,187.97074074074075,656154.6296296297,54
60min,10,300.0,300.0,250.0,True,500000.0,279,277,2,99.28,1745110.0,4.48,666530.0,14.19,6254.9,13,1.47,2.62,58.17,667614.8858677837,1356712.8395061728,206670.0,764.9048148148148,629154.3209876543,81
60min,10,300.0,300.0,300.0,True,500000.0,263,260,3,98.86,2222610.0,5.43,665030.0,13.15,8451.0,13,1.7,3.34,74.09,769791.1384626594,1454152.037037037,363720.0,187.54555555555555,659735.6481481482,54
60min,10,300.0,350.0,150.0,False,500000.0,295,295,0,100.0,1372550.0,999.99,260915.0,7.73,4652.7,11,0.97,5.26,45.75,951964.5865109988,1287953.5185185184,591740.0,593.6800000000002,456517.68518518517,54
60min,10,300.0,350.0,150.0,True,500000.0,295,295,0,100.0,1271050.0,999.99,260915.0,7.73,4308.6,11,0.97,4.87,42.37,783095.9626930957,1092938.888888889,457260.0,2412.6724074074077,460158.7037037037,54
60min,10,300.0,350.0,200.0,False,500000.0,284,284,0,100.0,1844290.0,999.99,306860.0,9.44,6494.0,11,1.14,6.01,61.48,1004894.0153800838,1451106.7901234569,591740.0,507.69765432098757,491366.04938271607,81
60min,10,300.0,350.0,250.0,False,500000.0,272,271,1,99.63,1740230.0,4.47,635460.0,13.73,6397.9,11,1.28,2.74,58.01,1248840.4563462439,1767871.6049382717,929270.0,372.5954320987654,571523.1481481482,81
60min,10,300.0,350.0,200.0,True,500000.0,284,284,0,100.0,1707790.0,999.99,306860.0,9.54,6013.3,11,1.14,5.57,56.93,829069.6082499406,1224660.987654321,457260.0,1720.2685185185185,492267.83950617287,81
60min,10,300.0,350.0,250.0,True,500000.0,272,271,1,99.63,1568730.0,4.13,635460.0,14.07,5767.4,11,1.28,2.47,52.29,1081592.8115103168,1495133.4567901234,805870.0,875.9583950617283,554636.4197530864,81
60min,10,300.0,350.0,300.0,False,500000.0,258,257,1,99.61,2220260.0,5.43,634460.0,12.91,8605.7,11,1.45,3.5,74.01,1293944.6384887616,1904657.962962963,929270.0,298.8735185185185,619244.7222222222,54
60min,10,300.0,350.0,300.0,True,500000.0,258,257,1,99.61,1969510.0,4.93,634460.0,13.27,7633.8,11,1.45,3.1,65.65,1147050.5863700833,1615747.5925925926,931250.0,298.65777777777777,590806.2962962963,54
60min,10,300.0,400.0,150.0,False,500000.0,294,294,0,100.0,1215080.0,999.99,352745.0,9.17,4132.9,10,0.82,3.44,40.5,920195.9044227324,1207346.111111111,591740.0,612.0950000000001,451200.8333333333,36
60min,10,300.0,400.0,150.0,True,500000.0,294,294,0,100.0,1088930.0,999.99,352745.0,9.31,3703.8,10,0.82,3.09,36.3,773817.5953886257,1068400.8333333333,457260.0,3340.704166666668,452617.5,36
60min,10,300.0,400.0,200.0,False,500000.0,274,274,0,100.0,1566050.0,999.99,352745.0,8.65,5715.5,10,1.01,4.44,52.2,972361.2289151034,1342353.888888889,591740.0,538.3462962962965,482791.1111111111,54
60min,10,300.0,400.0,200.0,True,500000.0,274,274,0,100.0,1396400.0,999.99,352745.0,8.81,5096.4,10,1.01,3.96,46.55,818605.0108242189,1179619.6296296297,457260.0,2357.364444444445,481471.2037037037,54
60min,10,300.0,400.0,250.0,False,500000.0,268,267,1,99.63,1369090.0,3.7,620885.0,14.38,5108.5,10,1.09,2.21,45.64,1163721.4017869667,1602624.2592592593,929270.0,409.31777777777796,565484.4444444445,54
60min,10,300.0,400.0,250.0,True,500000.0,268,267,1,99.63,1224540.0,3.42,620885.0,14.7,4569.2,10,1.09,1.97,40.82,1041433.3079742593,1415886.851851852,805870.0,1164.5666666666666,546413.7962962963,54
60min,10,300.0,400.0,300.0,False,500000.0,257,256,1,99.61,1902830.0,4.76,620385.0,13.22,7404.0,12,1.25,3.07,63.43,1199320.9299772943,1702390.2777777778,929270.0,335.5280555555555,614701.5277777778,36
60min,10,400.0,200.0,150.0,False,500000.0,186,185,1,99.46,1139930.0,3.25,559100.0,14.23,6128.7,14,1.74,2.04,38.0,301770.3639129712,941647.5,-587780.0,210.02083333333334,776586.875,24
60min,10,300.0,400.0,300.0,True,500000.0,253,252,1,99.6,1579220.0,4.12,620385.0,14.0,6242.0,12,1.29,2.55,52.64,1086942.2912368225,1508660.2777777778,931250.0,335.42083333333335,585283.0555555555,36
60min,10,400.0,200.0,150.0,True,500000.0,187,186,1,99.47,764720.0,2.51,559595.0,14.88,4089.4,14,1.71,1.37,25.49,106819.83397739581,459616.25,-1212570.0,209.63,837945.4166666666,24
60min,10,400.0,200.0,200.0,False,500000.0,185,183,2,98.92,1066590.0,2.06,548410.0,13.37,5765.4,14,1.94,1.94,35.55,356258.29524706054,1070360.0,-587780.0,168.5283333333333,795318.0555555555,36
60min,10,400.0,200.0,250.0,False,500000.0,184,182,2,98.91,1589350.0,2.58,547540.0,12.63,8637.8,14,2.11,2.9,52.98,461645.2763671111,1336258.3333333333,-123010.0,85.43722222222223,812311.5277777778,36
60min,10,400.0,200.0,250.0,True,500000.0,184,182,2,98.91,895180.0,1.89,547540.0,13.66,4865.1,14,2.09,1.63,29.84,134987.0221048611,606243.8888888889,-1201550.0,84.90527777777777,886693.75,36
60min,10,400.0,200.0,200.0,True,500000.0,185,183,2,98.92,545940.0,1.54,595305.0,15.37,2951.0,14,1.94,0.92,18.2,118560.24513456789,515922.22222222225,-1212570.0,168.09166666666664,850987.2222222222,36
60min,10,400.0,200.0,300.0,False,500000.0,180,177,3,98.33,1808700.0,2.2,546540.0,15.67,10048.3,14,2.43,3.31,60.29,555224.5242393686,1454716.25,97880.0,43.87166666666666,821735.8333333334,24
60min,10,400.0,200.0,300.0,True,500000.0,181,178,3,98.34,645280.0,1.43,599845.0,16.66,3565.1,14,2.38,1.08,21.51,169830.80747178005,657220.0,-754730.0,43.307500000000005,888420.8333333334,24
60min,10,400.0,250.0,150.0,True,500000.0,185,185,0,100.0,1066670.0,999.99,201940.0,5.28,5765.8,13,1.4,5.28,35.56,174474.43560819505,661261.6666666666,-1212570.0,362.22499999999997,688177.6388888889,36
60min,10,400.0,250.0,150.0,False,500000.0,185,185,0,100.0,1284220.0,999.99,201940.0,5.11,6941.7,13,1.4,6.36,42.81,406838.0309840432,1063090.8333333333,-587780.0,362.5422222222222,647077.0833333334,36
60min,10,400.0,250.0,200.0,False,500000.0,182,181,1,99.45,1151570.0,3.3,515560.0,11.68,6327.3,13,1.64,2.23,38.39,465428.2423530227,1216377.7777777778,-587780.0,298.0735185185185,673691.2037037037,54
60min,10,400.0,250.0,200.0,True,500000.0,182,180,2,98.9,852670.0,2.71,515560.0,12.42,4685.0,13,1.64,1.65,28.42,211287.46290098052,748008.1481481482,-1212570.0,297.6833333333333,712383.8888888889,54
60min,10,400.0,250.0,250.0,True,500000.0,181,179,2,98.9,1164670.0,3.33,515560.0,11.68,6434.6,13,1.83,2.26,38.82,274258.36663393636,918691.6666666666,-1201550.0,205.44277777777776,754760.2777777778,54
60min,10,400.0,250.0,250.0,False,500000.0,181,180,1,99.45,1720130.0,4.44,515560.0,10.47,9503.5,13,1.84,3.34,57.34,594035.6175559178,1549397.5925925926,-123010.0,205.97314814814814,701956.7592592592,54
60min,10,400.0,250.0,300.0,False,500000.0,174,172,2,98.85,1625070.0,2.62,697640.0,14.07,9339.5,13,2.05,2.33,54.17,701355.7967639656,1705032.5,97880.0,141.48416666666668,721111.9444444445,36
60min,10,400.0,300.0,150.0,False,500000.0,185,185,0,100.0,1074230.0,999.99,156550.0,4.17,5806.6,10,1.15,6.86,35.81,787136.5367997515,1214444.4444444445,374310.0,584.3975000000002,480631.25,36
60min,10,400.0,300.0,150.0,True,500000.0,185,185,0,100.0,976880.0,999.99,156550.0,4.29,5280.4,10,1.15,6.24,32.56,444034.1500398619,963233.0555555555,-49610.0,584.2113888888891,489345.8333333333,36
60min,10,400.0,250.0,300.0,True,500000.0,174,171,3,98.28,858810.0,1.86,841150.0,19.16,4935.7,13,2.05,1.02,28.63,313966.50039915706,1006213.8888888889,-754730.0,140.88,770391.6666666666,36
60min,10,400.0,300.0,200.0,False,500000.0,181,181,0,100.0,1427650.0,999.99,306360.0,7.35,7887.6,13,1.35,4.66,47.59,854545.8774121861,1388012.962962963,374310.0,501.5277777777779,507896.6666666667,54
60min,10,400.0,300.0,250.0,True,500000.0,181,181,0,100.0,1544640.0,999.99,306360.0,7.11,8533.9,13,1.46,5.04,51.49,686893.0992538622,1303053.888888889,206670.0,372.21166666666676,572713.9814814815,54
60min,10,400.0,300.0,250.0,False,500000.0,181,181,0,100.0,1792590.0,999.99,306360.0,6.85,9903.8,13,1.46,5.85,59.75,1140756.420388404,1777751.2962962964,610870.0,372.681851851852,551713.2407407408,54
60min,10,400.0,300.0,200.0,True,500000.0,181,181,0,100.0,1220200.0,999.99,306360.0,7.61,6741.4,13,1.35,3.98,40.67,486959.36662764126,1069616.4814814816,-49610.0,501.2459259259261,520474.35185185185,54
60min,10,400.0,300.0,300.0,False,500000.0,178,178,0,100.0,2204050.0,999.99,306360.0,6.54,12382.3,13,1.61,7.19,73.47,1405767.5429859788,1959408.0555555555,1233740.0,280.60472222222216,577921.1111111111,36
60min,10,400.0,300.0,300.0,True,500000.0,178,178,0,100.0,1847750.0,999.99,306360.0,6.7,10380.6,13,1.61,6.03,61.59,855725.6226959857,1402350.5555555555,477810.0,280.02111111111105,603417.2222222222,36
60min,10,400.0,350.0,150.0,True,500000.0,181,181,0,100.0,865300.0,999.99,403190.0,11.1,4780.7,10,1.02,2.15,28.84,761057.5474698062,991843.0555555555,457260.0,667.375277777778,416084.72222222225,36
60min,10,400.0,350.0,150.0,False,500000.0,181,181,0,100.0,953750.0,999.99,403190.0,10.98,5269.3,10,1.02,2.37,31.79,912794.6385638401,1155271.111111111,591740.0,667.4811111111113,415889.8611111111,36
60min,10,400.0,350.0,200.0,True,500000.0,175,175,0,100.0,1154460.0,999.99,403190.0,10.44,6596.9,11,1.26,2.86,38.48,812468.6719878041,1122964.8148148148,457260.0,593.6851851851853,445405.0,54
60min,10,400.0,350.0,200.0,False,500000.0,175,175,0,100.0,1320210.0,999.99,403190.0,10.3,7544.1,11,1.26,3.27,44.01,977922.5365809317,1321017.4074074074,591740.0,593.8570370370372,443825.0925925926,54
60min,10,400.0,350.0,250.0,False,500000.0,174,174,0,100.0,1616580.0,999.99,403190.0,9.8,9290.7,11,1.34,4.01,53.89,1270288.9215611888,1694120.3703703703,959920.0,501.99129629629647,489714.6296296296,54
60min,10,400.0,350.0,250.0,True,500000.0,174,174,0,100.0,1408330.0,999.99,403190.0,9.97,8093.9,11,1.34,3.49,46.94,1080343.3245037715,1415418.7037037036,805870.0,501.704814814815,489148.7962962963,54
60min,10,400.0,350.0,300.0,False,500000.0,171,171,0,100.0,2052810.0,999.99,403190.0,9.19,12004.7,11,1.49,5.09,68.43,1385316.640033812,1866356.6666666667,1170720.0,419.1886111111111,518992.0833333333,36
60min,10,400.0,400.0,150.0,False,500000.0,184,184,0,100.0,922930.0,999.99,231470.0,7.49,5015.9,8,0.89,3.99,30.76,847596.6856543589,1079917.9166666667,591740.0,667.4291666666667,429806.0416666667,24
60min,10,400.0,350.0,300.0,True,500000.0,171,171,0,100.0,1802060.0,999.99,403190.0,9.3,10538.4,11,1.49,4.47,60.07,1177622.4700316358,1549908.888888889,1045000.0,418.8272222222222,518143.3333333333,36
60min,10,400.0,400.0,150.0,True,500000.0,184,184,0,100.0,889580.0,999.99,231470.0,7.49,4834.7,8,0.89,3.84,29.65,733730.7222098218,955488.3333333334,457260.0,667.3554166666667,429806.0416666667,24
60min,10,400.0,400.0,200.0,True,500000.0,175,175,0,100.0,1066970.0,999.99,332615.0,8.74,6097.0,9,1.07,3.21,35.57,788471.8510434031,1078357.2222222222,457260.0,612.0944444444445,450518.8888888889,36
60min,10,400.0,400.0,200.0,False,500000.0,175,175,0,100.0,1201520.0,999.99,332615.0,8.64,6865.8,9,1.07,3.61,40.05,937382.0946560305,1227319.4444444445,591740.0,612.2036111111114,450518.8888888889,36
60min,10,400.0,400.0,250.0,True,500000.0,175,175,0,100.0,1288390.0,999.99,332615.0,8.39,7362.2,9,1.14,3.87,42.95,1039055.6668967413,1351334.4444444445,805870.0,529.2983333333335,488276.52777777775,36
60min,10,400.0,400.0,250.0,False,500000.0,175,175,0,100.0,1457440.0,999.99,332615.0,8.27,8328.2,9,1.14,4.38,48.58,1186189.7856793366,1553342.5,959920.0,529.4644444444444,493948.3333333333,36
60min,10,400.0,400.0,300.0,False,500000.0,170,170,0,100.0,1756710.0,999.99,332615.0,7.88,10333.6,9,1.28,5.28,58.56,1291180.3135836306,1696702.5,1170720.0,460.42833333333334,518556.0416666667,24
60min,10,400.0,400.0,300.0,True,500000.0,172,172,0,100.0,1564950.0,999.99,332615.0,8.01,9098.5,9,1.27,4.7,52.16,1135270.0692961123,1472762.5,1045000.0,460.2283333333333,510048.3333333333,24
60min,20,150.0,200.0,150.0,False,500000.0,523,514,9,98.28,-1138740.0,0.76,2444190.0,79.33,-2177.3,15,1.53,-0.47,-37.96,43710.00580009165,491691.25,-1692790.0,1.6520833333333336,1461908.125,24
60min,20,150.0,200.0,150.0,True,500000.0,535,529,6,98.88,65850.0,1.02,1152155.0,35.2,123.1,15,1.47,0.06,2.19,94359.00434227916,568976.6666666666,-1090550.0,1.6175,974715.0,24
60min,20,150.0,200.0,200.0,False,500000.0,516,506,10,98.06,-959340.0,0.81,2379190.0,76.85,-1859.2,15,1.59,-0.4,-31.98,50017.251740340114,584469.4444444445,-1692790.0,1.6247222222222222,1473281.111111111,36
60min,20,150.0,200.0,200.0,True,500000.0,527,521,6,98.86,577990.0,1.22,1143155.0,34.09,1096.8,15,1.54,0.51,19.27,108669.47224030718,662283.0555555555,-1090550.0,1.6041666666666667,977144.1666666666,36
60min,20,150.0,200.0,250.0,True,500000.0,518,511,7,98.65,480840.0,1.15,1150675.0,33.49,928.3,15,1.59,0.42,16.03,161350.10631308722,839287.5,-656210.0,1.5844444444444443,981930.6944444445,36
60min,20,150.0,200.0,250.0,False,500000.0,507,495,12,97.63,-1400500.0,0.77,2599455.0,83.52,-2762.3,15,1.63,-0.54,-46.68,63367.48831033138,809635.0,-1593690.0,1.5883333333333334,1507239.861111111,36
60min,20,150.0,200.0,300.0,False,500000.0,499,486,13,97.39,-1378690.0,0.79,2809675.0,89.81,-2762.9,15,1.68,-0.49,-45.96,59781.28104559888,878755.4166666666,-1593690.0,1.4920833333333334,1544063.75,24
60min,20,150.0,200.0,300.0,True,500000.0,512,504,8,98.44,888710.0,1.28,1147375.0,32.9,1735.8,15,1.63,0.77,29.62,170016.02177821117,897815.0,-656210.0,1.5291666666666668,1011758.9583333334,24
60min,20,150.0,250.0,150.0,False,500000.0,515,511,4,99.22,932150.0,1.47,942880.0,29.56,1810.0,14,1.2,0.99,31.07,77484.96319340749,663517.2222222222,-1692790.0,1.722222222222222,1321927.638888889,36
60min,20,150.0,250.0,150.0,True,500000.0,522,517,5,99.04,289810.0,1.14,996490.0,32.21,555.2,14,1.19,0.29,9.66,88614.79970536778,567790.2777777778,-1090550.0,1.5905555555555555,1018773.0555555555,36
60min,20,150.0,250.0,200.0,True,500000.0,506,500,6,98.81,95660.0,1.04,962490.0,30.91,189.1,14,1.26,0.1,3.19,117890.43765152084,708410.5555555555,-1090550.0,1.6474074074074077,1002682.0370370371,54
60min,20,150.0,250.0,200.0,False,500000.0,498,493,5,99.0,1023470.0,1.41,889380.0,27.43,2055.2,14,1.29,1.15,34.12,93058.56107169353,795291.8518518518,-1692790.0,1.7431481481481481,1328732.6851851852,54
60min,20,150.0,250.0,250.0,False,500000.0,488,482,6,98.77,899090.0,1.3,1033330.0,31.63,1842.4,14,1.32,0.87,29.97,135296.2870722972,1120023.5185185184,-1593690.0,1.8050000000000002,1330760.5555555555,54
60min,20,150.0,250.0,250.0,True,500000.0,496,489,7,98.59,-179680.0,0.94,1189865.0,37.97,-362.3,14,1.31,-0.15,-5.99,229552.92780967432,972782.4074074074,-656210.0,1.734814814814815,979175.3703703703,54
60min,20,150.0,250.0,300.0,False,500000.0,476,470,6,98.74,1561390.0,1.52,973795.0,29.5,3280.2,14,1.37,1.6,52.05,133920.40424515217,1218765.2777777778,-1593690.0,1.738888888888889,1368090.5555555555,36
60min,20,150.0,250.0,300.0,True,500000.0,488,481,7,98.57,38010.0,1.01,1176060.0,37.31,77.9,14,1.35,0.03,1.27,256966.65354437023,1066923.888888889,-656210.0,1.7305555555555554,999438.8888888889,36
60min,20,150.0,300.0,150.0,False,500000.0,509,506,3,99.41,854660.0,1.57,1538985.0,48.79,1679.1,13,1.01,0.56,28.49,272723.8546408924,1010803.8888888889,-379170.0,1.9541666666666662,958359.0277777778,36
60min,20,150.0,300.0,150.0,True,500000.0,511,507,4,99.22,400640.0,1.27,1599090.0,51.87,784.0,13,1.01,0.25,13.35,94722.33104017335,572761.1111111111,-1090550.0,1.6280555555555554,984196.6666666666,36
60min,20,150.0,300.0,200.0,False,500000.0,492,490,2,99.59,1966130.0,2.97,972665.0,30.69,3996.2,13,1.05,2.02,65.54,331761.20837215876,1189011.2962962964,-379170.0,1.9959259259259257,962805.1851851852,54
60min,20,150.0,300.0,200.0,True,500000.0,498,495,3,99.4,1376480.0,2.38,1062830.0,34.32,2764.0,13,1.06,1.3,45.88,138773.0630784935,724675.5555555555,-1090550.0,1.7125925925925927,964882.0370370371,54
60min,20,150.0,300.0,250.0,False,500000.0,485,483,2,99.59,2472780.0,3.47,915725.0,28.67,5098.5,13,1.08,2.7,82.43,489617.05807628436,1578968.3333333333,-131670.0,2.0992592592592594,963520.4629629629,54
60min,20,150.0,300.0,250.0,True,500000.0,491,488,3,99.39,1741510.0,2.74,1027830.0,33.05,3546.9,13,1.08,1.69,58.05,271297.5833282777,1027594.6296296297,-656210.0,1.8853703703703704,931116.9444444445,54
60min,20,150.0,300.0,300.0,True,500000.0,469,465,4,99.15,1597220.0,2.06,1155360.0,37.05,3405.6,13,1.17,1.38,53.24,312332.5309772778,1142825.8333333333,-656210.0,1.9233333333333331,952268.3333333334,36
60min,20,150.0,300.0,300.0,False,500000.0,460,457,3,99.35,2571200.0,2.71,946215.0,29.37,5589.6,13,1.18,2.72,85.71,519907.36021728755,1705822.7777777778,-15940.0,2.039722222222222,1005503.75,36
60min,20,150.0,350.0,150.0,False,500000.0,495,492,3,99.39,583110.0,1.39,977250.0,31.27,1178.0,11,0.86,0.6,19.44,333835.17419864476,1005711.6666666666,22970.0,2.166944444444445,874435.1388888889,36
60min,20,150.0,350.0,200.0,False,500000.0,484,481,3,99.38,1012690.0,1.67,963090.0,30.59,2092.3,11,0.9,1.05,33.76,393915.9831054875,1176125.0,22970.0,2.232962962962963,894085.3703703703,54
60min,20,150.0,350.0,200.0,True,500000.0,489,485,4,99.18,556110.0,1.37,1033750.0,33.17,1137.2,11,0.9,0.54,18.54,285926.9379185054,930028.1481481482,-516560.0,2.0822222222222226,885709.6296296297,54
60min,20,150.0,350.0,150.0,True,500000.0,499,495,4,99.2,241890.0,1.16,1059750.0,34.24,484.7,11,0.86,0.23,8.06,218081.6428215177,759675.5555555555,-516560.0,1.9783333333333337,886566.9444444445,36
60min,20,150.0,350.0,250.0,True,500000.0,480,476,4,99.17,923370.0,1.61,1138015.0,36.28,1923.7,11,0.93,0.81,30.78,442819.71114995104,1246915.0,35670.0,2.2327777777777778,895957.2222222222,54
60min,20,150.0,350.0,250.0,False,500000.0,475,472,3,99.37,1472450.0,1.98,1019445.0,32.17,3099.9,11,0.93,1.44,49.08,764595.6220095685,1523726.6666666667,659380.0,2.3235185185185188,937282.4074074074,54
60min,20,150.0,350.0,300.0,False,500000.0,461,458,3,99.35,1933560.0,2.29,965305.0,30.28,4194.3,11,0.99,2.0,64.45,796980.1579412541,1620283.3333333333,846620.0,2.226666666666667,1012874.5833333334,36
60min,20,150.0,350.0,300.0,True,500000.0,466,462,4,99.14,1285840.0,1.86,1112015.0,35.23,2759.3,11,0.99,1.16,42.86,654479.9517137168,1365603.611111111,502880.0,2.235,936947.2222222222,36
60min,20,150.0,400.0,150.0,True,500000.0,495,494,1,99.8,1229980.0,3.46,583255.0,18.2,2484.8,11,0.72,2.11,41.0,296040.62267956143,856804.5833333334,-44170.0,2.1991666666666667,776405.8333333334,24
60min,20,150.0,400.0,150.0,False,500000.0,494,493,1,99.8,1382190.0,3.76,583255.0,17.86,2798.0,11,0.72,2.37,46.07,458670.41006789176,1004982.9166666666,246170.0,2.319166666666667,790669.375,24
60min,20,150.0,400.0,200.0,False,500000.0,482,481,1,99.79,1770900.0,4.54,657340.0,19.76,3674.1,11,0.75,2.69,59.03,512618.4460592207,1155719.1666666667,246170.0,2.3594444444444447,821310.1388888889,36
60min,20,150.0,400.0,200.0,True,500000.0,483,482,1,99.79,1565690.0,4.13,657340.0,20.26,3241.6,11,0.75,2.38,52.19,346990.0601170585,994709.4444444445,-44170.0,2.256388888888889,801685.5555555555,36
60min,20,150.0,400.0,300.0,False,500000.0,451,448,3,99.33,1390300.0,1.91,1527030.0,48.4,3082.7,12,0.84,0.91,46.34,741164.1309821046,1481032.5,846620.0,2.22375,1011239.7916666666,24
60min,20,150.0,400.0,250.0,False,500000.0,467,465,2,99.57,1585480.0,2.55,1013810.0,32.24,3395.0,11,0.8,1.56,52.85,751524.7312756572,1415189.7222222222,659380.0,2.3661111111111115,917022.6388888889,36
60min,20,150.0,400.0,300.0,True,500000.0,456,454,2,99.56,1621470.0,2.58,1021650.0,32.38,3555.9,11,0.83,1.59,54.05,654766.1038398222,1345834.5833333333,502880.0,2.285833333333333,918021.4583333334,24
60min,20,200.0,200.0,150.0,True,500000.0,407,402,5,98.77,922580.0,1.81,683500.0,20.29,2266.8,15,1.42,1.35,30.75,159259.4470872123,674500.0,-1090550.0,1117.848888888889,859030.9722222222,36
60min,20,200.0,200.0,150.0,False,500000.0,405,401,4,99.01,539700.0,1.25,1544610.0,49.59,1332.6,15,1.44,0.35,17.99,128532.94314472225,795310.0,-1692790.0,57.39138888888889,1191931.8055555555,36
60min,20,150.0,400.0,250.0,True,500000.0,469,467,2,99.57,1309020.0,2.28,1050560.0,33.41,2791.1,11,0.8,1.25,43.63,537248.4673634653,1250486.388888889,227110.0,2.331388888888889,857103.4722222222,36
60min,20,200.0,200.0,200.0,True,500000.0,387,381,6,98.45,916150.0,1.56,726350.0,19.45,2367.3,15,1.71,1.26,30.54,189381.26864719117,747828.8888888889,-1090550.0,745.8024074074073,865437.2222222222,54
60min,20,200.0,200.0,200.0,False,500000.0,383,377,6,98.43,380660.0,1.12,1600940.0,50.86,993.9,15,1.73,0.24,12.69,135739.51106716387,865922.4074074074,-1692790.0,38.87648148148148,1216214.351851852,54
60min,20,200.0,200.0,250.0,False,500000.0,376,369,7,98.14,543670.0,1.15,1499670.0,47.26,1445.9,15,1.82,0.36,18.12,135202.32528417304,1037897.9629629629,-1593690.0,1.816296296296296,1282795.8333333333,54
60min,20,200.0,200.0,250.0,True,500000.0,381,375,6,98.43,1517910.0,1.93,671110.0,19.26,3984.0,15,1.79,2.26,50.6,208802.8927527179,853168.7037037037,-656210.0,1.6796296296296294,897863.9814814815,54
60min,20,200.0,200.0,300.0,False,500000.0,367,359,8,97.82,740180.0,1.18,1460185.0,45.69,2016.8,15,1.91,0.51,24.67,125176.31560888194,1099182.5,-1593690.0,1.6794444444444445,1321910.9722222222,36
60min,20,200.0,200.0,300.0,True,500000.0,372,364,8,97.85,1246830.0,1.58,956495.0,20.53,3351.7,15,1.87,1.3,41.56,214632.90882646735,902846.9444444445,-656210.0,1.6044444444444446,924539.8611111111,36
60min,20,200.0,250.0,150.0,True,500000.0,398,394,4,98.99,921870.0,1.92,1002105.0,31.85,2316.3,14,1.18,0.92,30.73,179854.61507615488,713279.2592592592,-1090550.0,801.2918518518519,872278.6111111111,54
60min,20,200.0,250.0,150.0,False,500000.0,396,394,2,99.49,1362710.0,2.36,1002105.0,31.29,3441.2,14,1.19,1.36,45.42,171510.98601305112,926751.1111111111,-1692790.0,94.42685185185184,1078501.9444444445,54
60min,20,200.0,250.0,200.0,False,500000.0,375,373,2,99.47,2151670.0,3.15,695345.0,20.32,5737.8,14,1.45,3.09,71.72,194259.60067856204,1039548.6419753087,-1692790.0,63.68716049382716,1099436.5432098766,81
60min,20,200.0,250.0,200.0,True,500000.0,378,375,3,99.21,1412050.0,2.41,531850.0,15.79,3735.6,14,1.44,2.65,47.07,225055.87236727093,825551.3580246913,-1090550.0,534.8623456790124,870801.1111111111,81
60min,20,200.0,250.0,300.0,False,500000.0,356,351,5,98.6,1466080.0,1.58,1025275.0,31.7,4118.2,14,1.6,1.43,48.87,261737.8686421938,1371380.1851851852,-1593690.0,1.991296296296296,1192221.111111111,54
60min,20,200.0,250.0,250.0,False,500000.0,363,360,3,99.17,2158290.0,2.41,770210.0,19.48,5945.7,14,1.53,2.8,71.94,253919.1611520329,1280712.4691358025,-1593690.0,2.0900000000000003,1152396.851851852,81
60min,20,200.0,250.0,300.0,True,500000.0,361,355,6,98.34,806910.0,1.4,851635.0,25.19,2235.2,14,1.57,0.95,26.9,318104.80016368465,1087154.2592592593,-656210.0,1.8818518518518514,911938.2407407408,54
60min,20,200.0,250.0,250.0,True,500000.0,368,364,4,98.91,1163510.0,1.76,863310.0,18.77,3161.7,14,1.51,1.35,38.78,293860.29286529444,1002741.6049382716,-656210.0,1.9060493827160492,891591.1728395062,81
60min,20,200.0,300.0,150.0,False,500000.0,392,389,3,99.23,457160.0,1.3,1273775.0,40.18,1166.2,13,0.98,0.36,15.24,402916.7777123739,1185459.6296296297,-379170.0,150.11148148148146,806273.7037037037,54
60min,20,200.0,300.0,150.0,True,500000.0,392,389,3,99.23,270110.0,1.18,1304225.0,41.14,689.1,13,0.98,0.21,9.0,220463.2479152835,787348.5185185185,-1090550.0,2676.006111111111,826362.6851851852,54
60min,20,200.0,300.0,200.0,False,500000.0,369,367,2,99.46,1521960.0,2.52,760100.0,22.96,4124.6,13,1.15,2.0,50.73,455742.0427519296,1340813.3333333333,-379170.0,100.93913580246914,821594.4444444445,81
60min,20,200.0,300.0,200.0,True,500000.0,369,367,2,99.46,1129860.0,2.13,801050.0,24.96,3062.0,13,1.15,1.41,37.66,261836.50525232783,888626.7901234567,-1090550.0,1784.7319753086422,829465.4320987654,81
60min,20,200.0,300.0,250.0,False,500000.0,361,358,3,99.17,1403120.0,1.94,1083285.0,34.5,3886.8,13,1.21,1.3,46.77,553090.3845428507,1605218.3950617283,-131670.0,14.728641975308639,878350.987654321,81
60min,20,200.0,300.0,250.0,True,500000.0,363,361,2,99.45,1477740.0,2.48,793050.0,24.43,4070.9,13,1.2,1.86,49.26,333287.2871525849,1066457.4074074074,-656210.0,517.9980246913581,855007.5308641975,81
60min,20,200.0,300.0,300.0,False,500000.0,347,344,3,99.14,1945960.0,2.3,996275.0,31.6,5608.0,13,1.33,1.95,64.87,572011.650138497,1709246.111111111,-15940.0,2.3024074074074075,924663.6111111111,54
60min,20,200.0,300.0,300.0,True,500000.0,349,347,2,99.43,1796680.0,2.8,785050.0,23.68,5148.1,13,1.32,2.29,59.89,354453.5027477253,1144541.6666666667,-656210.0,2.076111111111111,884171.8518518518,54
60min,20,200.0,350.0,150.0,False,500000.0,393,391,2,99.49,597940.0,1.6,1004390.0,31.81,1521.5,12,0.82,0.6,19.93,447664.7829980146,1141969.2592592593,22970.0,205.59425925925922,721803.425925926,54
60min,20,200.0,350.0,150.0,True,500000.0,393,391,2,99.49,557340.0,1.56,1004390.0,31.81,1418.2,12,0.82,0.55,18.58,328284.22511272674,920059.074074074,-516560.0,2024.5492592592593,731888.5185185185,54
60min,20,200.0,350.0,200.0,False,500000.0,364,362,2,99.45,1082680.0,2.08,613405.0,18.67,2974.4,11,1.0,1.77,36.09,498237.4202748493,1282707.9012345679,22970.0,150.27543209876544,753360.8641975309,81
60min,20,200.0,350.0,200.0,True,500000.0,367,365,2,99.46,835240.0,1.83,613405.0,19.16,2275.9,11,0.99,1.36,27.84,381410.2115811664,1043957.4074074074,-516560.0,1362.8443209876543,751677.9629629629,81
60min,20,200.0,350.0,250.0,False,500000.0,355,352,3,99.15,901380.0,1.6,960300.0,30.6,2539.1,11,1.06,0.94,30.05,782127.6721381731,1523479.5061728396,537790.0,51.813827160493815,848853.086419753,81
60min,20,200.0,350.0,250.0,True,500000.0,358,356,2,99.44,1136290.0,2.14,606405.0,18.75,3174.0,11,1.04,1.87,37.88,488592.59196671913,1264914.3209876544,35670.0,555.2571604938273,813996.1111111111,81
60min,20,200.0,350.0,300.0,False,500000.0,347,344,3,99.14,1381280.0,1.92,1001555.0,31.79,3980.6,11,1.11,1.38,46.04,752711.3280461428,1593938.3333333333,537790.0,20.922962962962956,926589.074074074,54
60min,20,200.0,350.0,300.0,True,500000.0,350,348,2,99.43,1553190.0,2.55,719070.0,22.0,4437.7,11,1.09,2.16,51.77,605859.0716722982,1348042.5925925926,288540.0,20.869074074074078,863487.4074074074,54
60min,20,200.0,400.0,200.0,False,500000.0,367,366,1,99.73,1369210.0,3.74,603465.0,18.62,3730.8,9,0.83,2.27,45.64,608529.7356772112,1230661.2962962964,246170.0,168.7588888888889,697100.8333333334,54
60min,20,200.0,400.0,200.0,True,500000.0,367,366,1,99.73,1260010.0,3.52,603465.0,18.79,3433.3,9,0.83,2.09,42.0,426611.8414433459,1075437.962962963,-44170.0,1987.7753703703709,686752.5,54
60min,20,200.0,400.0,150.0,False,500000.0,387,385,2,99.48,372490.0,1.37,1117890.0,35.48,962.5,11,0.7,0.33,12.42,569307.8011671371,1118137.2222222222,246170.0,224.1425,656884.0277777778,36
60min,20,200.0,400.0,150.0,True,500000.0,389,388,1,99.74,842480.0,2.68,612905.0,19.47,2165.8,11,0.69,1.37,28.08,392867.66642854677,984669.7222222222,-44170.0,2952.735,648445.8333333334,36
60min,20,200.0,400.0,250.0,False,500000.0,356,355,1,99.72,1729060.0,4.46,665050.0,20.25,4856.9,9,0.88,2.6,57.64,757829.5991220038,1402048.5185185184,537790.0,76.40203703703703,827480.1851851852,54
60min,20,200.0,400.0,250.0,True,500000.0,356,355,1,99.72,1591860.0,4.18,665050.0,20.48,4471.5,9,0.88,2.39,53.06,575103.558665839,1246427.7777777778,227110.0,831.7062962962963,781471.3888888889,54
60min,20,200.0,400.0,300.0,False,500000.0,343,341,2,99.42,1526940.0,2.52,1010300.0,32.32,4451.7,9,0.94,1.51,50.9,706668.9833637893,1433019.7222222222,537790.0,30.076944444444432,923462.9166666666,36
60min,20,200.0,400.0,300.0,True,500000.0,344,342,2,99.42,1281110.0,2.28,1054550.0,33.73,3724.2,9,0.94,1.21,42.7,585249.755224114,1294179.4444444445,288540.0,30.085277777777776,851863.6111111111,36
60min,20,250.0,200.0,150.0,True,500000.0,305,303,2,99.34,576520.0,1.51,646165.0,20.22,1890.2,15,1.46,0.89,19.22,510611.518942246,960422.7777777778,234930.0,1229.0772222222222,632841.9444444445,36
60min,20,250.0,200.0,150.0,False,500000.0,304,302,2,99.34,1092220.0,1.97,646165.0,19.66,3592.8,15,1.47,1.69,36.41,667653.5974167993,1336774.7222222222,380660.0,168.79944444444445,774072.6388888889,36
60min,20,250.0,200.0,200.0,False,500000.0,297,294,3,98.99,1219760.0,1.75,1028740.0,33.11,4106.9,15,1.69,1.19,40.66,656133.8581886677,1391945.9259259258,380660.0,113.3185185185185,809237.3148148148,54
60min,20,250.0,200.0,200.0,True,500000.0,298,296,2,99.33,931090.0,1.83,661910.0,19.73,3124.5,15,1.67,1.41,31.04,518839.78723808465,998585.0,234930.0,820.0561111111111,655937.2222222222,54
60min,20,250.0,200.0,250.0,False,500000.0,281,275,6,97.86,469500.0,1.15,1101960.0,35.3,1670.8,15,2.06,0.43,15.65,680326.2128280855,1562637.962962963,380660.0,39.314444444444455,875805.7407407408,54
60min,20,250.0,200.0,250.0,True,500000.0,282,279,3,98.94,820090.0,1.5,714870.0,18.89,2908.1,15,2.02,1.15,27.34,465052.9794387851,1053363.148148148,107010.0,38.95388888888888,709475.2777777778,54
60min,20,250.0,200.0,300.0,False,500000.0,278,272,6,97.84,1213510.0,1.39,951250.0,30.34,4365.1,15,2.15,1.28,40.45,696345.2444418498,1590634.1666666667,469500.0,2.1769444444444446,912399.7222222222,36
60min,20,250.0,250.0,200.0,True,500000.0,289,286,3,98.96,1310400.0,3.62,504110.0,15.43,4534.3,13,1.46,2.6,43.68,494090.04555984004,1054970.6172839506,116610.0,658.3876543209877,644881.6666666666,81
60min,20,250.0,200.0,300.0,True,500000.0,280,276,4,98.57,1086610.0,1.67,676570.0,18.47,3880.7,15,2.1,1.61,36.22,433798.233018786,1057542.7777777778,107010.0,1.8833333333333337,745203.0555555555,36
60min,20,250.0,250.0,150.0,False,500000.0,299,299,0,100.0,1835340.0,999.99,408345.0,12.99,6138.3,13,1.23,4.49,61.18,709919.2779434365,1334400.3703703703,380660.0,279.6001851851852,705971.9444444445,54
60min,20,250.0,250.0,200.0,False,500000.0,287,286,1,99.65,1973820.0,4.95,504110.0,14.6,6877.4,13,1.46,3.92,65.79,707435.721258537,1414544.4444444445,380660.0,187.31740740740742,751156.6049382716,81
60min,20,250.0,250.0,250.0,False,500000.0,275,273,2,99.27,2100700.0,3.1,525860.0,13.89,7638.9,13,1.67,3.99,70.02,751980.8553583296,1629027.037037037,380660.0,64.2320987654321,824539.938271605,81
60min,20,250.0,250.0,150.0,True,500000.0,299,298,1,99.67,1537540.0,21965.86,408345.0,13.13,5142.3,13,1.23,3.77,51.25,471415.31303670566,986953.7037037037,116610.0,986.3872222222222,618921.7592592592,54
60min,20,250.0,250.0,250.0,True,500000.0,277,273,4,98.56,1085930.0,2.08,525860.0,15.41,3920.3,13,1.66,2.07,36.2,526860.5554473295,1178253.2098765431,107010.0,63.88641975308642,697029.012345679,81
60min,20,250.0,250.0,300.0,False,500000.0,270,266,4,98.52,1466940.0,1.73,776335.0,22.43,5433.1,13,1.74,1.89,48.9,769451.3807544934,1684451.111111111,469500.0,2.6068518518518524,875358.6111111111,54
60min,20,250.0,250.0,300.0,True,500000.0,272,267,5,98.16,363720.0,1.18,847135.0,26.05,1337.2,13,1.73,0.43,12.12,524013.50864694524,1220904.6296296297,107010.0,2.307777777777778,734652.4074074074,54
60min,20,250.0,300.0,150.0,False,500000.0,299,299,0,100.0,1485680.0,999.99,308760.0,9.85,4968.8,11,1.0,4.81,49.52,874982.9668527548,1405285.1851851852,457160.0,446.0462962962964,553963.3333333334,54
60min,20,250.0,300.0,150.0,True,500000.0,299,299,0,100.0,1279780.0,999.99,308760.0,9.97,4280.2,11,1.0,4.14,42.66,553713.2563288363,1096162.962962963,116610.0,2971.9927777777766,556685.8333333334,54
60min,20,250.0,300.0,200.0,False,500000.0,287,286,1,99.65,1626730.0,4.25,623505.0,13.46,5668.0,11,1.19,2.61,54.22,901166.8737952732,1521705.1851851852,457160.0,323.0606172839506,594824.2592592592,81
60min,20,250.0,300.0,200.0,True,500000.0,287,286,1,99.65,1280530.0,3.55,623505.0,14.34,4461.8,11,1.19,2.05,42.68,576436.6968480154,1158148.2716049382,116610.0,2006.8546913580244,584271.6666666666,81
60min,20,250.0,300.0,250.0,False,500000.0,270,269,1,99.63,2119500.0,5.23,622005.0,12.57,7850.0,12,1.39,3.41,70.65,983999.3435746068,1733118.6419753085,537790.0,138.48481481481483,683258.3333333334,81
60min,20,250.0,300.0,250.0,True,500000.0,270,269,1,99.63,1598000.0,4.19,622005.0,13.59,5918.5,12,1.39,2.57,53.27,691344.217584615,1284234.1975308643,288540.0,641.6697530864197,640996.8518518518,81
60min,20,250.0,300.0,300.0,False,500000.0,265,262,3,98.87,1490070.0,1.99,1046305.0,33.45,5622.9,12,1.47,1.42,49.67,953613.6537449236,1793434.4444444445,537790.0,39.9837037037037,750245.5555555555,54
60min,20,250.0,300.0,300.0,True,500000.0,266,264,2,99.25,1484410.0,2.48,765575.0,23.62,5580.5,12,1.47,1.94,49.48,675192.052986703,1315988.148148148,288540.0,39.60314814814814,687402.6851851852,54
60min,20,250.0,350.0,150.0,True,500000.0,297,296,1,99.66,1288160.0,32205.0,314720.0,10.02,4337.2,9,0.86,4.09,42.94,548520.3823175678,1050036.851851852,116610.0,2357.21462962963,513401.85185185185,54
60min,20,250.0,350.0,150.0,False,500000.0,297,297,0,100.0,1409960.0,999.99,314720.0,9.77,4747.3,9,0.86,4.48,47.0,691631.7189303942,1210307.037037037,246170.0,538.1724074074076,514920.55555555556,54
60min,20,250.0,350.0,200.0,False,500000.0,289,289,0,100.0,1838800.0,999.99,314720.0,9.52,6362.6,9,0.99,5.84,61.29,729657.1927093267,1325435.9259259258,246170.0,421.3914814814815,557606.2962962963,81
60min,20,250.0,350.0,250.0,False,500000.0,268,267,1,99.63,1766630.0,4.53,605485.0,12.93,6591.9,11,1.2,2.92,58.89,932556.8351206153,1547769.012345679,537790.0,236.93407407407406,656266.4197530864,81
60min,20,250.0,350.0,200.0,True,500000.0,289,288,1,99.65,1671550.0,41789.75,314720.0,9.85,5783.9,9,0.99,5.31,55.72,594126.8967447005,1155463.827160494,116610.0,1634.0177777777778,541419.2592592592,81
60min,20,250.0,350.0,250.0,True,500000.0,268,266,2,99.25,1386580.0,3.77,605485.0,13.77,5173.8,11,1.2,2.29,46.22,750569.3375727492,1347588.6419753085,288540.0,740.3533333333332,618764.5679012346,81
60min,20,250.0,350.0,300.0,False,500000.0,264,261,3,98.86,929270.0,1.62,1107725.0,35.51,3520.0,14,1.25,0.84,30.98,900169.9331612857,1612517.7777777778,537790.0,132.35999999999999,734477.7777777778,54
60min,20,250.0,350.0,300.0,True,500000.0,264,261,3,98.86,1108320.0,2.11,769075.0,24.16,4198.2,14,1.24,1.44,36.94,751423.3517587202,1417872.037037037,288540.0,132.21814814814815,673663.9814814815,54
60min,20,250.0,400.0,150.0,False,500000.0,296,296,0,100.0,1113610.0,999.99,204475.0,6.62,3762.2,8,0.71,5.45,37.12,674266.2948082386,1150634.7222222222,246170.0,556.6577777777779,487495.55555555556,36
60min,20,250.0,400.0,150.0,True,500000.0,296,296,0,100.0,1058510.0,999.99,204475.0,6.62,3576.0,8,0.71,5.18,35.28,620722.3714944551,1055047.5,212820.0,3285.318333333334,474562.0833333333,36
60min,20,250.0,400.0,200.0,False,500000.0,288,288,0,100.0,1480580.0,999.99,204475.0,6.51,5140.9,8,0.81,7.24,49.35,719219.1164150158,1258283.148148148,246170.0,464.42962962962986,518911.85185185185,54
60min,20,250.0,400.0,200.0,True,500000.0,288,288,0,100.0,1406480.0,999.99,204475.0,6.51,4883.6,8,0.81,6.88,46.88,660285.4836742562,1149324.8148148148,212820.0,2283.501296296297,500743.6111111111,54
60min,20,250.0,400.0,250.0,False,500000.0,272,272,0,100.0,1906800.0,999.99,204475.0,6.44,7010.3,9,0.99,9.33,63.56,912490.2656013645,1440750.9259259258,537790.0,298.36740740740737,623395.4629629629,54
60min,20,250.0,400.0,250.0,True,500000.0,272,272,0,100.0,1769600.0,999.99,204475.0,6.44,6505.9,9,0.99,8.65,58.99,743309.3592223113,1307366.2962962964,288540.0,1053.6542592592589,592078.6111111111,54
60min,20,300.0,200.0,150.0,True,500000.0,236,233,3,98.73,339790.0,1.33,649695.0,21.23,1439.8,15,1.47,0.52,11.33,519330.24571780994,864060.2777777778,234930.0,1423.1102777777778,501579.1666666667,36
60min,20,300.0,200.0,150.0,False,500000.0,236,234,2,99.15,741440.0,1.72,649695.0,21.23,3141.7,15,1.47,1.14,24.71,982157.0035897489,1303367.7777777778,741440.0,362.89888888888885,507303.3333333333,36
60min,20,250.0,400.0,300.0,True,500000.0,266,265,1,99.62,1497150.0,3.99,662150.0,21.36,5628.4,10,1.05,2.26,49.9,728237.2204418932,1352993.888888889,288540.0,196.7488888888889,653720.4166666666,36
60min,20,250.0,400.0,300.0,False,500000.0,266,265,1,99.62,1662350.0,4.32,662150.0,21.36,6249.4,10,1.05,2.51,55.41,875552.669685791,1482734.1666666667,537790.0,196.80666666666667,701078.4722222222,36
60min,20,300.0,200.0,200.0,True,500000.0,229,226,3,98.69,589930.0,1.57,683830.0,20.84,2576.1,15,1.78,0.86,19.66,530126.8517440902,891426.6666666666,234930.0,1004.8877777777775,527752.8703703703,54
60min,20,300.0,200.0,200.0,False,500000.0,229,227,2,99.13,1354330.0,2.31,645495.0,20.48,5914.1,15,1.78,2.1,45.14,884286.8913520329,1370065.3703703703,469500.0,298.2494444444444,554592.1296296297,54
60min,20,300.0,200.0,250.0,False,500000.0,219,215,4,98.17,969990.0,1.48,1051595.0,27.01,4429.2,15,2.11,0.92,32.33,900293.2323704747,1526619.4444444445,469500.0,150.4587037037037,647508.3333333334,54
60min,20,300.0,200.0,250.0,True,500000.0,221,217,4,98.19,258000.0,1.17,879900.0,24.48,1167.4,15,2.05,0.29,8.6,443908.29032200587,894262.4074074074,107010.0,149.89555555555555,609446.2962962963,54
60min,20,300.0,200.0,300.0,False,500000.0,209,203,6,97.13,552900.0,1.18,863675.0,24.33,2645.5,15,2.45,0.64,18.43,884434.4810350178,1575865.8333333333,469500.0,85.73555555555555,694720.0,36
60min,20,300.0,200.0,300.0,True,500000.0,213,208,5,97.65,107010.0,1.05,1048515.0,27.98,502.4,15,2.36,0.1,3.57,431061.76655676035,889558.3333333334,107010.0,85.15805555555555,644846.8055555555,36
60min,20,300.0,250.0,150.0,False,500000.0,233,233,0,100.0,1437310.0,999.99,392045.0,12.75,6168.7,13,1.22,3.67,47.91,1028619.8586658767,1310557.7777777778,666690.0,519.9046296296298,443960.0925925926,54
60min,20,300.0,250.0,150.0,True,500000.0,234,234,0,100.0,1173430.0,999.99,392045.0,12.75,5014.7,13,1.21,2.99,39.11,589828.9286543288,948427.2222222222,234930.0,1226.677962962963,441427.31481481483,54
60min,20,300.0,250.0,200.0,False,500000.0,225,225,0,100.0,1896570.0,999.99,392045.0,12.59,8429.2,13,1.44,4.84,63.22,934334.8787216438,1400143.950617284,469500.0,421.5107407407407,493632.16049382713,81
60min,20,300.0,250.0,200.0,True,500000.0,226,226,0,100.0,1518290.0,999.99,392045.0,12.59,6718.1,13,1.44,3.87,50.61,601370.5253035976,995958.6419753087,234930.0,892.5207407407408,477817.0987654321,81
60min,20,300.0,250.0,300.0,True,500000.0,209,206,3,98.56,949500.0,1.95,518515.0,15.64,4543.1,13,1.92,1.83,31.65,519420.94522160303,1090020.9259259258,107010.0,168.67314814814816,603184.074074074,54
60min,20,300.0,250.0,300.0,False,500000.0,207,205,2,99.03,2020320.0,3.02,518515.0,14.42,9760.0,13,1.93,3.9,67.34,959607.0720951896,1665467.4074074074,469500.0,169.20259259259257,642613.7962962963,54
60min,20,300.0,250.0,250.0,False,500000.0,217,216,1,99.54,1935700.0,4.87,511260.0,15.03,8920.3,13,1.67,3.79,64.52,960514.2326781716,1586374.3209876544,469500.0,249.20753086419754,594025.2469135802,81
60min,20,300.0,250.0,250.0,True,500000.0,219,217,2,99.09,1226330.0,3.45,511260.0,15.66,5599.7,13,1.66,2.4,40.88,524174.3184988326,1058398.2716049382,107010.0,248.71296296296302,565385.4938271604,81
60min,20,300.0,300.0,150.0,True,500000.0,235,234,1,99.57,1026370.0,999.99,296760.0,9.67,4367.5,11,1.0,3.46,34.21,769840.2818393023,1101887.7777777778,328030.0,3286.197962962962,373587.31481481483,54
60min,20,300.0,300.0,200.0,False,500000.0,227,227,0,100.0,1544010.0,999.99,296760.0,9.57,6801.8,11,1.18,5.2,51.47,1103271.4577832432,1440607.037037037,644080.0,631.0238271604939,411931.72839506174,81
60min,20,300.0,300.0,200.0,True,500000.0,228,227,1,99.56,1329530.0,999.99,296760.0,9.57,5831.3,11,1.18,4.48,44.32,771617.2400052283,1143584.938271605,328030.0,2314.888765432099,419859.8765432099,81
60min,20,300.0,300.0,150.0,False,500000.0,234,234,0,100.0,1185850.0,999.99,296760.0,9.67,5067.7,11,1.0,4.0,39.53,1071515.6204168021,1328491.111111111,644080.0,760.1322222222219,370723.4259259259,54
60min,20,300.0,300.0,250.0,False,500000.0,215,214,1,99.53,1652500.0,4.3,622865.0,13.54,7686.0,11,1.42,2.65,55.08,1063690.2219181808,1616563.3333333333,537790.0,409.52679012345675,518439.8765432099,81
60min,20,300.0,300.0,250.0,True,500000.0,216,214,2,99.07,1303320.0,3.6,622865.0,14.38,6033.9,11,1.42,2.09,43.44,721285.6503791508,1212143.3333333333,288540.0,912.6846913580248,520762.83950617287,81
60min,20,300.0,300.0,300.0,False,500000.0,201,200,1,99.5,2229920.0,5.45,621865.0,12.44,11094.1,12,1.72,3.59,74.33,1072968.486782304,1705132.4074074074,537790.0,298.79462962962964,566915.925925926,54
60min,20,300.0,350.0,150.0,False,500000.0,231,231,0,100.0,1056950.0,999.99,237470.0,7.78,4575.5,9,0.85,4.45,35.23,1007740.5102236024,1214803.5185185184,644080.0,870.8096296296294,338249.0740740741,54
60min,20,300.0,300.0,300.0,True,500000.0,202,200,2,99.01,1646440.0,4.29,621865.0,13.53,8150.7,12,1.71,2.65,54.88,704463.6407486348,1238251.851851852,288540.0,298.2974074074074,568010.5555555555,54
60min,20,300.0,350.0,150.0,True,500000.0,231,231,0,100.0,990250.0,999.99,237470.0,7.78,4286.8,9,0.85,4.17,33.01,902834.8126195827,1082991.851851852,596230.0,2689.8903703703695,340246.2962962963,54
60min,20,300.0,350.0,200.0,False,500000.0,224,224,0,100.0,1439040.0,999.99,306860.0,9.56,6424.3,9,1.03,4.69,47.97,1054446.608612536,1316075.3086419753,644080.0,753.9848148148147,379969.6913580247,81
60min,20,300.0,350.0,200.0,True,500000.0,224,224,0,100.0,1349340.0,999.99,306860.0,9.67,6023.8,9,1.03,4.4,44.98,935886.8135278823,1153051.4814814816,573110.0,1966.618395061728,383870.6172839506,81
60min,20,300.0,350.0,250.0,False,500000.0,216,216,0,100.0,1779680.0,999.99,306860.0,9.41,8239.3,9,1.16,5.8,59.32,1030931.2177460036,1507051.3580246915,537790.0,569.4739506172839,482969.6296296296,81
60min,20,300.0,350.0,300.0,True,500000.0,200,199,1,99.5,1389230.0,3.78,604240.0,13.71,6946.1,10,1.4,2.3,46.31,815018.9661709287,1363446.111111111,288540.0,464.7081481481484,520469.0740740741,54
60min,20,300.0,350.0,250.0,True,500000.0,216,216,0,100.0,1666980.0,999.99,306860.0,9.54,7717.5,9,1.16,5.43,55.57,808996.4400459332,1302700.0,288540.0,1072.8746913580246,475662.77777777775,81
60min,20,300.0,350.0,300.0,False,500000.0,200,199,1,99.5,1631130.0,4.26,604240.0,13.31,8155.6,10,1.4,2.7,54.37,1037158.6548592444,1590372.4074074074,537790.0,464.9222222222224,532952.5,54
60min,20,300.0,400.0,150.0,True,500000.0,228,228,0,100.0,847830.0,999.99,352810.0,9.77,3718.6,9,0.75,2.4,28.26,878564.5421132657,1065907.2222222222,596230.0,3617.928888888889,349807.6388888889,36
60min,20,300.0,400.0,200.0,True,500000.0,216,216,0,100.0,1105050.0,999.99,352745.0,9.3,5116.0,9,0.93,3.13,36.84,911954.433512319,1127065.9259259258,573110.0,2616.034259259258,386833.14814814815,54
60min,20,300.0,400.0,150.0,False,500000.0,228,228,0,100.0,943530.0,999.99,352810.0,9.62,4138.3,9,0.75,2.67,31.45,954965.6378439305,1159736.388888889,644080.0,889.2563888888891,348736.80555555556,36
60min,20,300.0,400.0,200.0,False,500000.0,216,216,0,100.0,1233750.0,999.99,352745.0,9.12,5711.8,9,0.93,3.5,41.13,1006244.2634621527,1243962.4074074074,644080.0,796.9605555555552,384098.4259259259,54
60min,20,300.0,400.0,250.0,False,500000.0,212,212,0,100.0,1537770.0,999.99,352745.0,8.71,7253.6,9,1.01,4.36,51.26,992168.9053334744,1407635.0,537790.0,630.8583333333335,480924.9074074074,54
60min,20,300.0,400.0,250.0,True,500000.0,212,212,0,100.0,1376070.0,999.99,352745.0,8.91,6490.9,9,1.01,3.9,45.87,787970.3140302702,1260715.0,288540.0,1386.1381481481487,474862.22222222225,54
60min,20,300.0,400.0,300.0,False,500000.0,197,197,0,100.0,2011510.0,999.99,369990.0,11.72,10210.7,12,1.27,5.44,67.05,987494.8138811601,1463223.3333333333,537790.0,529.315,530228.0555555555,36
60min,20,400.0,200.0,150.0,False,500000.0,136,135,1,99.26,854280.0,2.69,559100.0,14.39,6281.5,14,1.79,1.53,28.48,989972.4461710737,1253777.9166666667,741440.0,459.91333333333336,434965.4166666667,24
60min,20,300.0,400.0,300.0,True,500000.0,197,197,0,100.0,1619200.0,999.99,369990.0,11.88,8219.3,12,1.28,4.38,53.97,782104.8413867111,1299696.111111111,288540.0,529.2105555555556,520774.30555555556,36
60min,20,400.0,200.0,150.0,True,500000.0,137,136,1,99.27,557370.0,2.1,559100.0,15.05,4068.4,14,1.76,1.0,18.58,543220.9802797383,853317.0833333334,234930.0,459.5095833333333,438537.2916666667,24
60min,20,400.0,200.0,200.0,False,500000.0,136,135,1,99.26,1185740.0,3.34,548410.0,13.6,8718.7,14,1.98,2.16,39.52,1031809.8479420491,1340683.888888889,741440.0,390.68416666666667,480847.77777777775,36
60min,20,400.0,200.0,200.0,True,500000.0,137,136,1,99.27,784330.0,2.55,548410.0,14.41,5725.0,14,1.94,1.43,26.14,545468.5524635795,877679.7222222222,234930.0,390.23222222222216,470617.6388888889,36
60min,20,400.0,200.0,250.0,False,500000.0,135,134,1,99.26,1517040.0,3.99,547410.0,13.0,11237.3,14,2.09,2.77,50.57,1024758.7321926114,1542717.2222222222,552900.0,224.55194444444442,554308.6111111111,36
60min,20,400.0,200.0,250.0,True,500000.0,136,135,1,99.26,986530.0,2.95,547410.0,14.04,7253.9,14,2.04,1.8,32.88,465287.2302319403,900928.0555555555,107010.0,223.9083333333333,549304.1666666666,36
60min,20,400.0,200.0,300.0,True,500000.0,134,132,2,98.51,681520.0,1.68,639675.0,18.42,5086.0,14,2.34,1.07,22.72,439106.31304853497,877882.0833333334,107010.0,126.85958333333333,592219.375,24
60min,20,400.0,200.0,300.0,False,500000.0,132,130,2,98.48,1578480.0,2.57,577725.0,15.78,11958.2,14,2.45,2.73,52.62,1011342.8427453096,1593780.4166666667,552900.0,127.57625,603277.2916666666,24
60min,20,400.0,250.0,200.0,False,500000.0,134,134,0,100.0,1372270.0,999.99,229220.0,6.82,10240.8,13,1.69,5.99,45.74,1062007.1773211658,1336184.8148148148,666690.0,538.4785185185187,420026.1111111111,54
60min,20,400.0,250.0,150.0,False,500000.0,135,135,0,100.0,1024190.0,999.99,115010.0,3.55,7586.6,13,1.43,8.91,34.14,1015062.522302807,1239227.2222222222,666690.0,639.9388888888891,370114.8611111111,36
60min,20,400.0,250.0,150.0,True,500000.0,135,135,0,100.0,845840.0,999.99,115010.0,3.55,6265.5,13,1.43,7.35,28.19,605713.2896795005,920512.2222222222,234930.0,639.6697222222224,372496.1111111111,36
60min,20,400.0,250.0,200.0,True,500000.0,134,134,0,100.0,1042720.0,999.99,229220.0,6.9,7781.5,13,1.69,4.55,34.76,611834.857677467,964021.4814814815,234930.0,538.1350000000001,413206.01851851854,54
60min,20,400.0,250.0,250.0,False,500000.0,133,133,0,100.0,1774600.0,999.99,312785.0,8.35,13342.9,13,1.82,5.67,59.15,1073390.2753691627,1578516.2962962964,552900.0,372.4812962962964,493203.14814814815,54
60min,20,400.0,250.0,250.0,True,500000.0,133,133,0,100.0,1245050.0,999.99,312785.0,8.68,9361.3,13,1.82,3.98,41.5,550721.7889413709,1056267.4074074074,107010.0,371.94518518518527,489866.85185185185,54
60min,20,400.0,250.0,300.0,False,500000.0,128,127,1,99.22,1554250.0,4.1,513945.0,11.2,12142.6,13,2.05,3.02,51.81,1076349.4722233946,1659896.111111111,552900.0,252.55583333333334,543679.5833333334,36
60min,20,400.0,300.0,150.0,False,500000.0,135,135,0,100.0,853730.0,999.99,134745.0,3.86,6323.9,10,1.16,6.34,28.46,1037848.1529279817,1225351.111111111,644080.0,916.985277777778,305033.6111111111,36
60min,20,400.0,250.0,300.0,True,500000.0,128,127,1,99.22,863650.0,2.72,513945.0,12.86,6747.3,13,2.05,1.68,28.79,533368.3344240304,1071223.888888889,107010.0,251.91749999999996,536307.6388888889,36
60min,20,400.0,300.0,150.0,True,500000.0,135,135,0,100.0,756380.0,999.99,134745.0,3.91,5602.8,10,1.16,5.61,25.21,892154.1956333322,1044570.0,596230.0,916.9158333333336,305033.6111111111,36
60min,20,400.0,300.0,200.0,False,500000.0,134,134,0,100.0,1081300.0,999.99,178405.0,5.38,8069.4,10,1.32,6.06,36.04,1094400.7958079828,1338701.851851852,644080.0,797.1229629629627,348311.1111111111,54
60min,20,400.0,300.0,250.0,True,500000.0,134,134,0,100.0,1196630.0,999.99,178405.0,5.35,8930.1,10,1.4,6.71,39.89,983829.4721322292,1246123.5185185184,668250.0,593.9153703703705,429749.9074074074,54
60min,20,400.0,300.0,200.0,True,500000.0,134,134,0,100.0,967450.0,999.99,178405.0,5.46,7219.8,10,1.32,5.42,32.25,921020.4319254172,1107112.7777777778,596230.0,796.9477777777776,350473.7037037037,54
60min,20,400.0,300.0,250.0,False,500000.0,134,134,0,100.0,1326980.0,999.99,178405.0,5.27,9902.8,10,1.4,7.44,44.23,1268891.672091284,1595985.7407407407,862870.0,594.2964814814817,423653.7962962963,54
60min,20,400.0,300.0,300.0,False,500000.0,132,132,0,100.0,1660500.0,999.99,243385.0,6.63,12579.5,10,1.59,6.82,55.35,1321975.454849073,1699652.2222222222,1028440.0,446.77805555555557,468882.22222222225,36
60min,20,400.0,300.0,300.0,True,500000.0,132,132,0,100.0,1445800.0,999.99,243385.0,6.72,10953.0,10,1.59,5.94,48.19,978874.5348737785,1283391.111111111,668250.0,446.25527777777774,478026.3888888889,36
60min,20,400.0,350.0,150.0,False,500000.0,132,132,0,100.0,797970.0,999.99,403190.0,11.25,6045.2,10,1.09,1.98,26.6,946597.94320414,1114963.0555555555,644080.0,999.9899999999998,299103.6111111111,36
60min,20,400.0,350.0,150.0,True,500000.0,132,132,0,100.0,709520.0,999.99,403190.0,11.38,5375.2,10,1.09,1.76,23.65,858025.0231748151,1004074.7222222222,596230.0,999.9899999999998,299103.6111111111,36
60min,20,400.0,350.0,200.0,False,500000.0,129,129,0,100.0,1050690.0,999.99,403190.0,10.7,8144.9,10,1.29,2.61,35.02,1019901.2113658189,1226176.111111111,644080.0,907.7970370370368,333998.6111111111,54
60min,20,400.0,350.0,200.0,True,500000.0,129,129,0,100.0,931740.0,999.99,403190.0,10.85,7222.8,10,1.29,2.31,31.06,916974.2488536858,1093669.2592592593,596230.0,907.743333333333,333998.6111111111,54
60min,20,400.0,350.0,250.0,False,500000.0,128,128,0,100.0,1263440.0,999.99,403190.0,10.3,9870.6,10,1.36,3.13,42.11,1210600.4995860676,1499084.4444444445,829740.0,778.8137037037035,388457.22222222225,54
60min,20,400.0,350.0,300.0,False,500000.0,127,127,0,100.0,1570430.0,999.99,403190.0,9.71,12365.6,10,1.46,3.9,52.35,1286503.509384266,1614934.4444444445,984890.0,668.2255555555557,422419.72222222225,36
60min,20,400.0,350.0,250.0,True,500000.0,128,128,0,100.0,1113990.0,999.99,403190.0,10.48,8703.0,10,1.36,2.76,37.13,1066795.3387230518,1303593.5185185184,775140.0,778.6590740740738,388457.22222222225,54
60min,20,400.0,350.0,300.0,True,500000.0,127,127,0,100.0,1390480.0,999.99,403190.0,9.9,10948.7,10,1.46,3.45,46.35,1121950.9734752355,1388708.888888889,916290.0,667.9936111111112,422419.72222222225,36
60min,20,400.0,400.0,150.0,False,500000.0,134,134,0,100.0,774050.0,999.99,231470.0,7.51,5776.5,8,0.94,3.34,25.8,894654.7492520387,1067381.6666666667,644080.0,999.9900000000001,328448.5416666667,24
60min,20,400.0,400.0,150.0,True,500000.0,134,134,0,100.0,740700.0,999.99,231470.0,7.51,5527.6,8,0.94,3.2,24.69,822172.9710645875,978660.8333333334,596230.0,999.9900000000001,328448.5416666667,24
60min,20,400.0,400.0,200.0,False,500000.0,129,129,0,100.0,983370.0,999.99,332615.0,8.89,7623.0,9,1.12,2.96,32.78,973406.2593592751,1175670.8333333333,644080.0,944.6619444444445,351806.52777777775,36
60min,20,400.0,400.0,250.0,False,500000.0,129,129,0,100.0,1170720.0,999.99,332615.0,8.58,9075.3,9,1.19,3.52,39.02,1158506.9898561884,1423569.4444444445,829740.0,834.0505555555558,397189.72222222225,36
60min,20,400.0,400.0,200.0,True,500000.0,129,129,0,100.0,883920.0,999.99,332615.0,9.0,6852.1,9,1.12,2.66,29.46,889709.4983832949,1072151.388888889,596230.0,944.6447222222222,351806.52777777775,36
60min,20,400.0,400.0,250.0,True,500000.0,129,129,0,100.0,1045770.0,999.99,332615.0,8.71,8106.7,9,1.19,3.14,34.86,1040118.6572903672,1271917.2222222222,775140.0,833.9791666666669,397189.72222222225,36
60min,20,400.0,400.0,300.0,False,500000.0,128,128,0,100.0,1379800.0,999.99,332615.0,8.32,10779.7,9,1.28,4.15,45.99,1235635.5552672376,1526337.9166666667,984890.0,751.0808333333334,421387.5,24
60min,20,400.0,400.0,300.0,True,500000.0,128,128,0,100.0,1229350.0,999.99,332615.0,8.46,9604.3,9,1.28,3.7,40.98,1102129.1658058006,1354109.5833333333,916290.0,750.9737500000001,421387.5,24
60min,30,150.0,200.0,150.0,False,500000.0,420,412,8,98.1,-1031780.0,0.74,2490450.0,80.86,-2456.6,15,1.63,-0.41,-34.39,89543.46626498428,705049.1666666666,-1138740.0,1.9520833333333336,1349396.875,24
60min,30,150.0,200.0,150.0,True,500000.0,429,424,5,98.83,333870.0,1.17,1159945.0,35.89,778.3,15,1.58,0.29,11.13,228510.72439092206,772982.9166666666,-389090.0,2.006666666666667,870743.75,24
60min,30,150.0,200.0,200.0,False,500000.0,417,408,9,97.84,-995060.0,0.78,2438550.0,78.8,-2386.2,15,1.67,-0.41,-33.17,69192.17071692293,647946.3888888889,-1737520.0,1.7955555555555556,1405271.111111111,36
60min,30,150.0,200.0,200.0,True,500000.0,426,421,5,98.83,741300.0,1.37,1155945.0,34.97,1740.1,15,1.62,0.64,24.71,211130.07298420128,783329.7222222222,-389090.0,1.9286111111111108,890464.8611111111,36
60min,30,150.0,200.0,250.0,False,500000.0,406,395,11,97.29,-1473120.0,0.73,2725620.0,87.61,-3628.4,15,1.75,-0.54,-49.1,49662.37437812408,622384.7222222222,-1737520.0,1.6130555555555557,1505325.8333333333,36
60min,30,150.0,200.0,250.0,True,500000.0,415,409,6,98.55,535750.0,1.21,1151945.0,34.11,1291.0,15,1.71,0.47,17.86,195259.16438612365,812782.2222222222,-389090.0,1.7991666666666666,921312.7777777778,36
60min,30,150.0,200.0,300.0,False,500000.0,400,388,12,97.0,-1593690.0,0.74,3034290.0,97.03,-3984.2,15,1.8,-0.53,-53.12,33344.973377600465,544090.8333333334,-1737520.0,1.4079166666666667,1564706.6666666667,24
60min,30,150.0,200.0,300.0,True,500000.0,410,403,7,98.29,831170.0,1.33,1148745.0,33.45,2027.2,15,1.75,0.72,27.71,170184.03647339754,797676.25,-179680.0,1.64875,949812.7083333334,24
60min,30,150.0,250.0,150.0,False,500000.0,413,410,3,99.27,1018890.0,1.68,960670.0,30.17,2467.0,14,1.29,1.06,33.96,122147.55129361578,805634.1666666666,-1138740.0,1.9580555555555554,1225677.5,36
60min,30,150.0,250.0,150.0,True,500000.0,418,414,4,99.04,396400.0,1.26,1015750.0,32.93,948.3,14,1.27,0.39,13.21,199710.22776037166,731323.0555555555,-389090.0,1.8811111111111112,925471.25,36
60min,30,150.0,250.0,200.0,False,500000.0,398,394,4,98.99,1027900.0,1.51,911470.0,28.15,2582.7,14,1.38,1.13,34.26,112578.8786991894,818027.2222222222,-1737520.0,1.890370370370371,1271981.7592592593,54
60min,30,150.0,250.0,200.0,True,500000.0,403,398,5,98.76,125870.0,1.06,986050.0,31.78,312.3,14,1.36,0.13,4.2,215445.2587404286,801788.7037037037,-389090.0,1.8948148148148145,930678.3333333334,54
60min,30,150.0,250.0,250.0,False,500000.0,392,388,4,98.98,1514770.0,1.76,927515.0,28.29,3864.2,14,1.41,1.63,50.49,110865.6451106421,912421.4814814815,-1737520.0,1.8257407407407409,1334478.0555555555,54
60min,30,150.0,250.0,250.0,True,500000.0,397,392,5,98.74,466980.0,1.23,956050.0,30.64,1176.3,14,1.4,0.49,15.57,250638.602617763,919382.9629629629,-389090.0,1.8899999999999995,938810.5555555555,54
60min,30,150.0,250.0,300.0,False,500000.0,383,378,5,98.69,1414210.0,1.57,1055665.0,31.87,3692.5,14,1.45,1.34,47.14,90572.27048687573,886967.7777777778,-1737520.0,1.6755555555555555,1390563.3333333333,36
60min,30,150.0,250.0,300.0,True,500000.0,392,386,6,98.47,-70690.0,0.97,1247770.0,39.77,-180.3,14,1.43,-0.06,-2.36,244485.0421684229,946307.2222222222,-179680.0,1.8163888888888888,960444.5833333334,36
60min,30,150.0,300.0,150.0,False,500000.0,405,403,2,99.51,996320.0,2.0,1042705.0,33.22,2460.0,13,1.08,0.96,33.21,316014.0048298913,981128.0555555555,17870.0,2.111666666666667,886291.3888888889,36
60min,30,150.0,300.0,200.0,False,500000.0,393,391,2,99.49,1493630.0,2.49,1029695.0,32.42,3800.6,13,1.13,1.45,49.79,345551.4456075114,1083326.6666666667,17870.0,2.073888888888889,908127.1296296297,54
60min,30,150.0,300.0,150.0,True,500000.0,406,403,3,99.26,581430.0,1.58,1129705.0,36.46,1432.1,13,1.08,0.51,19.38,128716.00269311269,571197.5,-389090.0,1.7236111111111114,920461.8055555555,36
60min,30,150.0,300.0,200.0,True,500000.0,398,395,3,99.25,944320.0,1.94,1118280.0,36.12,2372.7,13,1.13,0.84,31.48,148959.4380078496,644765.925925926,-389090.0,1.725925925925926,926247.0370370371,54
60min,30,150.0,300.0,250.0,False,500000.0,389,387,2,99.49,1925920.0,2.93,980755.0,30.63,4951.0,13,1.15,1.96,64.2,530569.3978863786,1296054.6296296297,325510.0,2.0453703703703705,945740.5555555555,54
60min,30,150.0,300.0,250.0,True,500000.0,394,391,3,99.24,1245490.0,2.25,1091280.0,35.12,3161.1,13,1.15,1.14,41.52,194201.23784269037,788825.3703703703,-389090.0,1.7688888888888892,931601.4814814815,54
60min,30,150.0,300.0,300.0,False,500000.0,372,369,3,99.19,1921360.0,2.28,1010185.0,31.29,5164.9,13,1.24,1.9,64.05,606169.3093419056,1359651.6666666667,554030.0,1.9294444444444443,988928.3333333334,36
60min,30,150.0,300.0,300.0,True,500000.0,380,376,4,98.95,1070630.0,1.71,1223690.0,39.21,2817.4,13,1.23,0.87,35.69,209359.25856370237,848165.5555555555,-179680.0,1.7474999999999998,954309.7222222222,36
60min,30,150.0,350.0,150.0,False,500000.0,397,394,3,99.24,255000.0,1.17,1012820.0,32.45,642.3,11,0.92,0.25,8.5,306850.71129752,885242.2222222222,17870.0,2.2227777777777775,828374.7222222222,36
60min,30,150.0,350.0,150.0,True,500000.0,401,397,4,99.0,-44170.0,0.97,1102790.0,35.59,-110.1,11,0.91,-0.04,-1.47,206326.62716749418,669256.6666666666,-204910.0,2.0208333333333335,850470.1388888889,36
60min,30,150.0,350.0,200.0,False,500000.0,386,383,3,99.22,659380.0,1.44,982920.0,31.17,1708.2,11,0.98,0.67,21.98,340172.17898600147,1005653.7037037037,17870.0,2.2642592592592594,863744.8148148148,54
60min,30,150.0,350.0,200.0,True,500000.0,390,386,4,98.97,227110.0,1.15,1083390.0,34.73,582.3,11,0.97,0.21,7.57,249421.53009288426,789368.5185185185,-204910.0,2.0844444444444448,869783.1481481482,54
60min,30,150.0,350.0,250.0,True,500000.0,385,381,4,98.96,502880.0,1.33,1063890.0,33.88,1306.2,11,0.99,0.47,16.76,344131.2579085121,998926.1111111111,31230.0,2.1442592592592593,910517.7777777778,54
60min,30,150.0,350.0,300.0,False,500000.0,370,367,3,99.19,1376150.0,1.92,1028625.0,32.2,3719.3,11,1.05,1.34,45.87,585959.5381733977,1289314.7222222222,554030.0,2.158333333333333,1009132.9166666666,36
60min,30,150.0,350.0,250.0,False,500000.0,381,378,3,99.21,982380.0,1.65,980460.0,30.88,2578.4,11,0.99,1.0,32.75,524016.3231794947,1229176.4814814816,325510.0,2.26962962962963,934349.3518518518,54
60min,30,150.0,350.0,300.0,True,500000.0,374,370,4,98.93,812510.0,1.54,1173605.0,37.14,2172.5,11,1.05,0.69,27.08,455015.5050286346,1082324.4444444445,268280.0,2.1161111111111115,953433.1944444445,36
60min,30,150.0,400.0,150.0,False,500000.0,399,398,1,99.75,1102800.0,3.2,603825.0,18.58,2763.9,11,0.76,1.83,36.76,302202.13959647337,824461.25,17870.0,2.3491666666666666,753442.7083333334,24
60min,30,150.0,400.0,150.0,True,500000.0,400,399,1,99.75,976690.0,2.95,603825.0,18.93,2441.7,11,0.76,1.62,32.56,221006.5686089753,679883.3333333334,-204910.0,2.21625,758242.0833333334,24
60min,30,150.0,400.0,200.0,False,500000.0,391,390,1,99.74,1435180.0,3.87,679760.0,20.54,3670.5,11,0.8,2.11,47.84,340157.510721047,929386.1111111111,17870.0,2.3563888888888886,792915.6944444445,36
60min,30,150.0,400.0,200.0,True,500000.0,392,391,1,99.74,1265070.0,3.53,679760.0,21.06,3227.2,11,0.8,1.86,42.17,253921.95805689064,764699.4444444445,-204910.0,2.213055555555556,799122.0833333334,36
60min,30,150.0,400.0,250.0,False,500000.0,379,377,2,99.47,1196940.0,2.18,1055380.0,33.52,3158.2,11,0.84,1.13,39.9,503710.9889028492,1097517.2222222222,325510.0,2.278888888888889,905132.7777777778,36
60min,30,150.0,400.0,300.0,False,500000.0,364,361,3,99.18,955520.0,1.63,1575650.0,49.87,2625.1,12,0.89,0.61,31.85,566086.0568329243,1147611.25,554030.0,2.1320833333333336,992561.0416666666,24
60min,30,200.0,200.0,150.0,False,500000.0,322,319,3,99.07,824670.0,1.55,1149315.0,35.53,2561.1,15,1.57,0.72,27.49,189399.66466230983,961916.6666666666,-1138740.0,113.10805555555554,1088985.9722222222,36
60min,30,150.0,400.0,250.0,True,500000.0,380,378,2,99.47,963110.0,1.95,1092130.0,34.68,2534.5,11,0.84,0.88,32.1,325939.9341048155,932096.9444444445,31230.0,2.180555555555556,878873.6111111111,36
60min,30,150.0,400.0,300.0,True,500000.0,368,366,2,99.46,1238520.0,2.22,1070070.0,33.87,3365.5,11,0.88,1.16,41.28,431882.0910182018,1001702.0833333334,268280.0,2.098333333333333,939295.625,24
60min,30,200.0,200.0,150.0,True,500000.0,324,319,5,98.46,761510.0,1.76,647715.0,20.58,2350.3,15,1.55,1.18,25.38,295529.5589610659,849654.4444444445,-389090.0,1737.9447222222223,759965.4166666666,36
60min,30,200.0,200.0,200.0,False,500000.0,311,307,4,98.71,1041140.0,1.52,1506130.0,47.82,3347.7,15,1.82,0.69,34.7,159288.8655068313,934512.5925925926,-1737520.0,94.49333333333333,1147743.611111111,54
60min,30,200.0,200.0,200.0,True,500000.0,314,309,5,98.41,1216820.0,2.21,644715.0,19.91,3875.2,15,1.79,1.89,40.56,293083.0960324803,871761.4814814815,-389090.0,1286.3544444444444,775413.2407407408,54
60min,30,200.0,200.0,250.0,True,500000.0,306,301,5,98.37,1724090.0,2.72,643715.0,19.55,5634.3,15,1.92,2.68,57.47,271274.74752254447,869892.9629629629,-389090.0,244.17444444444448,821379.8148148148,54
60min,30,200.0,200.0,300.0,False,500000.0,296,289,7,97.64,721030.0,1.21,1555345.0,48.65,2435.9,15,2.05,0.46,24.03,115862.66608840277,853454.7222222222,-1737520.0,29.367222222222225,1321213.75,36
60min,30,200.0,200.0,250.0,False,500000.0,303,297,6,98.02,599390.0,1.2,1582330.0,49.86,1978.2,15,1.96,0.38,19.98,136999.30402512345,922647.7777777778,-1737520.0,38.874629629629624,1257575.2777777778,54
60min,30,200.0,200.0,300.0,True,500000.0,300,293,7,97.67,1391070.0,1.93,642715.0,19.12,4636.9,15,2.0,2.16,46.37,251641.72174278868,848592.2222222222,-179680.0,192.40527777777777,850922.7777777778,36
60min,30,200.0,250.0,150.0,False,500000.0,318,317,1,99.69,1525780.0,4.05,516490.0,16.0,4798.1,14,1.26,2.95,50.86,248582.19149086688,1008558.7037037037,-1138740.0,131.5985185185185,991888.6111111111,54
60min,30,200.0,250.0,200.0,False,500000.0,303,302,1,99.67,2198600.0,5.4,718795.0,21.2,7256.1,14,1.52,3.06,73.29,225074.99452236563,1039848.024691358,-1737520.0,100.79234567901234,1041741.7283950617,81
60min,30,200.0,250.0,150.0,True,500000.0,319,315,4,98.75,1133490.0,3.27,516490.0,16.45,3553.3,14,1.26,2.19,37.78,285893.4218680857,827278.1481481482,-389090.0,1214.7133333333334,785138.7962962963,54
60min,30,200.0,250.0,200.0,True,500000.0,306,303,3,99.02,1537180.0,4.07,516490.0,15.93,5023.5,14,1.5,2.98,51.24,304587.19219722797,893572.8395061728,-389090.0,895.2562962962962,794788.6419753087,81
60min,30,200.0,250.0,250.0,False,500000.0,291,289,2,99.31,2158240.0,3.09,712295.0,20.48,7416.6,14,1.64,3.03,71.94,215116.35420020396,1112983.3333333333,-1737520.0,26.799506172839507,1131877.4691358025,81
60min,30,200.0,250.0,250.0,True,500000.0,296,292,4,98.65,1205810.0,2.17,567155.0,15.69,4073.7,14,1.6,2.13,40.19,316961.1780045964,960373.4567901235,-389090.0,163.5679012345679,834315.987654321,81
60min,30,200.0,250.0,300.0,True,500000.0,290,285,5,98.28,1484320.0,2.44,560155.0,15.46,5118.3,14,1.68,2.65,49.48,313052.3511532959,979674.6296296297,-179680.0,129.0688888888889,859439.8148148148,54
60min,30,200.0,250.0,300.0,False,500000.0,285,282,3,98.95,2093900.0,2.37,993835.0,30.68,7347.0,14,1.72,2.11,69.8,184031.83775128852,1095292.7777777778,-1737520.0,20.443333333333335,1190248.0555555555,54
60min,30,200.0,300.0,150.0,False,500000.0,308,306,2,99.35,731130.0,1.73,794260.0,24.78,2373.8,11,1.11,0.92,24.37,405213.4416130644,1091881.4814814816,17870.0,168.61203703703706,752676.2962962963,54
60min,30,200.0,300.0,150.0,True,500000.0,308,306,2,99.35,478580.0,1.48,824710.0,26.33,1553.8,11,1.11,0.58,15.95,234265.6686746573,734843.3333333334,-389090.0,2584.816481481481,776170.4629629629,54
60min,30,200.0,300.0,200.0,False,500000.0,297,295,2,99.33,1142830.0,2.14,778260.0,23.68,3847.9,11,1.24,1.47,38.09,435888.3620963166,1197180.4938271604,17870.0,125.56296296296297,776102.7160493827,81
60min,30,200.0,300.0,200.0,True,500000.0,297,295,2,99.33,797530.0,1.8,819210.0,25.71,2685.3,11,1.24,0.97,26.58,252804.775126347,787552.4691358025,-389090.0,1808.6107407407408,789121.913580247,81
60min,30,200.0,300.0,250.0,True,500000.0,294,292,2,99.32,1075940.0,2.08,814210.0,25.29,3659.7,11,1.27,1.32,35.86,256568.69072367303,837942.7160493827,-389090.0,679.3409876543209,844335.0,81
60min,30,200.0,300.0,300.0,False,500000.0,281,278,3,98.93,1399360.0,1.93,1051425.0,33.3,4979.9,11,1.41,1.33,46.65,503413.7189611985,1364947.7777777778,134460.0,20.65462962962963,905975.5555555555,54
60min,30,200.0,300.0,250.0,False,500000.0,292,289,3,98.97,942520.0,1.63,1134955.0,36.1,3227.8,11,1.29,0.83,31.42,511800.7326811692,1325789.87654321,134460.0,39.276172839506174,854840.3086419753,81
60min,30,200.0,300.0,300.0,True,500000.0,283,281,2,99.29,1388730.0,2.39,809210.0,24.6,4907.2,11,1.4,1.72,46.29,253222.26317898693,854228.1481481482,-179680.0,128.95277777777778,881037.7777777778,54
60min,30,200.0,350.0,150.0,False,500000.0,314,313,1,99.68,872290.0,2.74,522000.0,16.37,2778.0,10,0.88,1.67,29.08,384722.84981918,966049.8148148148,17870.0,205.55518518518522,687465.6481481482,54
60min,30,200.0,350.0,150.0,True,500000.0,315,314,1,99.68,769360.0,2.54,522000.0,16.7,2442.4,10,0.88,1.47,25.65,285080.1971428112,779725.1851851852,-204910.0,1538.6109259259263,702909.8148148148,54
60min,30,200.0,350.0,200.0,False,500000.0,295,293,2,99.32,738900.0,1.74,629075.0,19.3,2504.7,10,1.05,1.17,24.63,411209.4041472092,1069427.7777777778,17870.0,150.23555555555555,729684.5679012346,81
60min,30,200.0,350.0,200.0,True,500000.0,298,296,2,99.33,538260.0,1.54,629075.0,19.81,1806.2,10,1.04,0.86,17.94,317085.91333502665,868403.7037037037,-204910.0,1038.861234567901,734597.2222222222,81
60min,30,200.0,350.0,250.0,False,500000.0,286,284,2,99.3,1078380.0,2.08,624075.0,18.84,3770.6,10,1.13,1.73,35.95,495519.020395932,1228249.3827160494,134460.0,64.03987654320989,832184.6296296297,81
60min,30,200.0,350.0,250.0,True,500000.0,289,287,2,99.31,815240.0,1.81,624075.0,19.47,2820.9,10,1.11,1.31,27.17,365108.52298217046,1012213.3333333334,-33590.0,567.4503703703704,812543.2716049383,81
60min,30,200.0,350.0,300.0,False,500000.0,280,277,3,98.93,846620.0,1.56,975750.0,30.96,3023.6,10,1.18,0.87,28.22,471662.9372356376,1266390.0,134460.0,20.859444444444442,912222.6851851852,54
60min,30,200.0,350.0,300.0,True,500000.0,283,281,2,99.29,1089330.0,2.09,619075.0,19.13,3849.2,10,1.16,1.76,36.31,368246.38230503857,1060600.1851851852,-33590.0,20.747407407407408,869219.2592592592,54
60min,30,200.0,400.0,150.0,False,500000.0,313,312,1,99.68,678800.0,2.36,625975.0,19.88,2168.7,8,0.74,1.08,22.63,367776.2173307298,898153.3333333334,17870.0,224.04305555555553,632351.5277777778,36
60min,30,200.0,400.0,150.0,True,500000.0,313,312,1,99.68,623700.0,2.25,625975.0,20.02,1992.7,8,0.74,1.0,20.79,292466.5000254455,778325.0,-204910.0,2223.7911111111116,636621.9444444445,36
60min,30,200.0,400.0,200.0,False,500000.0,298,297,1,99.66,1077580.0,3.15,622975.0,19.35,3616.0,8,0.87,1.73,35.92,393110.31972375227,978882.2222222222,17870.0,168.65814814814817,679657.8703703703,54
60min,30,200.0,400.0,200.0,True,500000.0,298,297,1,99.66,1003480.0,3.01,622975.0,19.53,3367.4,8,0.87,1.61,33.45,310487.4295515361,834007.7777777778,-204910.0,1501.7618518518518,685126.1111111111,54
60min,30,200.0,400.0,250.0,False,500000.0,286,285,1,99.65,1394210.0,3.79,686410.0,21.05,4874.9,8,0.94,2.03,46.47,459130.9773022294,1095546.851851852,134460.0,94.73518518518519,808036.0185185185,54
60min,30,200.0,400.0,250.0,True,500000.0,286,285,1,99.65,1301110.0,3.6,686410.0,21.3,4549.3,8,0.94,1.9,43.37,339006.0709064546,947652.7777777778,-33590.0,849.9981481481482,788720.7407407408,54
60min,30,200.0,400.0,300.0,False,500000.0,280,278,2,99.29,1148910.0,2.15,1058870.0,33.86,4103.3,10,1.0,1.09,38.3,426727.21206171985,1110100.5555555555,134460.0,29.991388888888885,904175.6944444445,36
60min,30,200.0,400.0,300.0,True,500000.0,280,278,2,99.29,954210.0,1.95,1103120.0,35.28,3407.9,10,1.0,0.87,31.81,328592.09832510655,969980.5555555555,-33590.0,29.923055555555564,865591.9444444445,36
60min,30,250.0,200.0,150.0,False,500000.0,239,237,2,99.16,908620.0,1.9,627985.0,19.74,3801.8,15,1.67,1.45,30.29,749234.7863826382,1378826.388888889,380660.0,335.2391666666667,698558.8888888889,36
60min,30,250.0,200.0,200.0,False,500000.0,235,233,2,99.15,1515050.0,2.5,622535.0,19.12,6447.0,15,1.89,2.43,50.5,716623.7524496001,1398072.037037037,380660.0,261.2448148148148,747137.9629629629,54
60min,30,250.0,200.0,150.0,True,500000.0,240,237,3,98.75,426270.0,1.42,627985.0,20.31,1776.1,15,1.66,0.68,14.21,655840.164692536,1028473.8888888889,339790.0,3494.8133333333335,548616.8055555555,36
60min,30,250.0,200.0,200.0,True,500000.0,236,233,3,98.73,749440.0,1.74,632300.0,19.84,3175.6,15,1.87,1.19,24.98,527267.4545220215,1042332.2222222222,114590.0,2622.126111111111,571209.1666666666,54
60min,30,250.0,200.0,250.0,False,500000.0,224,220,4,98.21,1138920.0,1.57,1000320.0,31.92,5084.5,15,2.22,1.14,37.96,680564.3669987425,1456527.962962963,380660.0,150.24296296296293,838842.8703703703,54
60min,30,250.0,200.0,250.0,True,500000.0,227,224,3,98.68,1069470.0,2.06,606760.0,19.08,4711.3,15,2.15,1.76,35.65,467843.1789528321,1029819.6296296297,74160.0,1215.984074074074,620592.5925925926,54
60min,30,250.0,200.0,300.0,True,500000.0,224,220,4,98.21,1263420.0,2.25,598555.0,18.67,5640.3,15,2.24,2.11,42.11,415134.79904064303,974800.8333333334,74160.0,707.0244444444445,658480.1388888889,36
60min,30,250.0,250.0,150.0,True,500000.0,234,233,1,99.57,1275140.0,18217.29,408345.0,13.15,5449.3,13,1.4,3.12,42.5,593680.3894643082,978482.4074074074,270110.0,2496.8807407407403,538848.0555555555,54
60min,30,250.0,200.0,300.0,False,500000.0,221,216,5,97.74,1234420.0,1.49,1024430.0,32.57,5585.6,15,2.33,1.2,41.15,655651.2484945797,1400121.9444444445,469500.0,85.31611111111111,887699.8611111111,36
60min,30,250.0,250.0,150.0,False,500000.0,234,234,0,100.0,1561340.0,999.99,408345.0,13.01,6672.4,13,1.4,3.82,52.04,737603.9183117099,1284478.5185185184,380660.0,390.55981481481496,636165.0,54
60min,30,250.0,250.0,200.0,False,500000.0,227,226,1,99.56,1548060.0,4.1,536135.0,15.67,6819.6,13,1.6,2.89,51.6,713436.686489136,1323150.7407407407,380660.0,285.899012345679,694841.4197530864,81
60min,30,250.0,250.0,250.0,False,500000.0,218,217,1,99.54,2158620.0,5.32,504860.0,14.06,9901.9,13,1.8,4.28,71.95,704799.352775509,1429465.9259259258,380660.0,138.09333333333333,791190.6790123457,81
60min,30,250.0,250.0,200.0,True,500000.0,229,226,3,98.69,987990.0,2.97,536135.0,16.57,4314.4,13,1.59,1.84,32.93,516390.470071443,1017033.8271604938,114590.0,1859.7435802469138,567525.0,81
60min,30,250.0,250.0,300.0,False,500000.0,214,211,3,98.6,1471030.0,1.97,807885.0,23.42,6874.0,13,1.88,1.82,49.03,690855.2372176155,1412958.5185185184,469500.0,57.900000000000006,852228.425925926,54
60min,30,250.0,250.0,250.0,True,500000.0,220,217,3,98.64,1174650.0,3.35,509085.0,15.61,5339.3,13,1.79,2.31,39.15,492975.12027663004,1066365.5555555555,74160.0,848.4959259259259,623048.2716049383,81
60min,30,250.0,250.0,300.0,True,500000.0,216,212,4,98.15,405110.0,1.27,878685.0,27.14,1875.5,13,1.87,0.46,13.5,461817.59886605403,1056020.5555555555,74160.0,472.287037037037,663935.2777777778,54
60min,30,250.0,300.0,150.0,False,500000.0,235,235,0,100.0,1287480.0,999.99,308760.0,9.86,5478.6,11,1.15,4.17,42.92,738595.812307062,1210141.111111111,339530.0,501.38481481481494,503109.9074074074,54
60min,30,250.0,300.0,200.0,False,500000.0,227,226,1,99.56,1367770.0,3.73,538520.0,12.05,6025.4,11,1.35,2.54,45.59,753381.0621790093,1293459.012345679,339530.0,396.81037037037044,543661.0493827161,81
60min,30,250.0,300.0,150.0,True,500000.0,235,235,0,100.0,1090280.0,999.99,308760.0,9.99,4639.5,11,1.15,3.53,36.34,599060.3929740312,969936.2962962963,270110.0,2917.7094444444433,496489.44444444444,54
60min,30,250.0,300.0,200.0,True,500000.0,227,226,1,99.56,1033270.0,3.06,538520.0,12.83,4551.9,11,1.35,1.92,34.44,523375.5949748056,1003376.1728395062,114590.0,2177.2187654320987,524122.34567901236,81
60min,30,250.0,300.0,250.0,False,500000.0,216,215,1,99.54,1769420.0,4.53,532020.0,11.69,8191.8,11,1.52,3.33,58.98,648783.4032112102,1399126.4197530865,134460.0,212.11790123456788,654332.4691358025,81
60min,30,250.0,300.0,250.0,True,500000.0,216,215,1,99.54,1331220.0,3.66,532020.0,12.51,6163.1,11,1.52,2.5,44.37,449237.6256560499,1042204.5679012346,-33590.0,1056.143950617284,599823.3950617284,81
60min,30,250.0,300.0,300.0,False,500000.0,212,210,2,99.06,1628740.0,2.63,748215.0,22.11,7682.7,11,1.58,2.18,54.29,614654.0725142811,1411672.2222222222,134460.0,113.54925925925926,724491.3888888889,54
60min,30,250.0,300.0,300.0,True,500000.0,213,211,2,99.06,1140150.0,2.14,783895.0,24.27,5352.8,11,1.59,1.45,38.01,419385.820489122,1030362.2222222222,-33590.0,527.7229629629629,650950.0925925926,54
60min,30,250.0,350.0,150.0,True,500000.0,232,230,2,99.14,606670.0,2.21,741895.0,24.33,2615.0,10,0.99,0.82,20.22,566639.2914639702,879183.7037037037,270110.0,1871.2681481481484,470539.35185185185,54
60min,30,250.0,350.0,150.0,False,500000.0,232,231,1,99.57,693720.0,2.39,716295.0,23.49,2990.2,10,0.99,0.97,23.12,657257.1320114206,993399.6296296297,339530.0,538.109814814815,475990.9259259259,54
60min,30,250.0,350.0,200.0,False,500000.0,228,227,1,99.56,998060.0,2.99,689845.0,22.56,4377.5,10,1.08,1.45,33.27,677185.2914857541,1084494.6913580247,339530.0,445.891975308642,518861.04938271607,81
60min,30,250.0,350.0,200.0,True,500000.0,228,226,2,99.12,877060.0,2.75,702795.0,22.99,3846.8,10,1.08,1.25,29.24,592363.8155780445,961409.8765432099,270110.0,1334.6065432098765,499928.95061728393,81
60min,30,250.0,350.0,250.0,False,500000.0,215,213,2,99.07,836610.0,1.84,673215.0,21.96,3891.2,10,1.27,1.24,27.89,601893.286606156,1233312.2222222222,134460.0,285.92296296296297,624319.1358024691,81
60min,30,250.0,350.0,250.0,True,500000.0,215,212,3,98.6,573110.0,1.57,694845.0,22.66,2665.6,10,1.27,0.82,19.1,487138.1952831663,1087093.2098765431,-33590.0,789.3669135802469,586430.061728395,81
60min,30,250.0,350.0,300.0,False,500000.0,211,208,3,98.58,537790.0,1.36,1096335.0,35.68,2548.8,14,1.34,0.49,17.93,580204.7683373512,1275394.0740740742,134460.0,187.45407407407404,701081.1111111111,54
60min,30,250.0,350.0,300.0,True,500000.0,211,207,4,98.1,288540.0,1.19,1193685.0,38.85,1367.5,14,1.34,0.24,9.62,486508.50379903405,1133279.0740740742,-33590.0,187.33185185185187,641949.3518518518,54
60min,30,250.0,400.0,150.0,False,500000.0,230,230,0,100.0,957620.0,999.99,204475.0,6.63,4163.6,8,0.84,4.68,31.92,639157.8317966064,942208.0555555555,339530.0,556.5641666666668,458297.77777777775,36
60min,30,250.0,400.0,200.0,False,500000.0,227,227,0,100.0,1254870.0,999.99,204475.0,6.55,5528.1,8,0.92,6.14,41.83,671776.9697767716,1040087.9629629629,339530.0,501.23425925925943,483167.4074074074,54
60min,30,250.0,400.0,150.0,True,500000.0,230,230,0,100.0,935870.0,999.99,204475.0,6.63,4069.0,8,0.84,4.58,31.2,589132.3723906252,879525.8333333334,291680.0,2556.3944444444446,446153.75,36
60min,30,250.0,400.0,200.0,True,500000.0,227,227,0,100.0,1225620.0,999.99,204475.0,6.55,5399.2,8,0.92,5.99,40.85,612798.5032599269,958896.2962962963,291680.0,1834.420555555556,469815.0925925926,54
60min,30,250.0,400.0,250.0,False,500000.0,218,217,1,99.54,1048020.0,3.09,640155.0,20.95,4807.4,10,1.06,1.64,34.93,582691.5157428234,1162297.4074074074,134460.0,371.9874074074075,588535.5555555555,54
60min,30,250.0,400.0,250.0,True,500000.0,218,217,1,99.54,1011270.0,3.02,640155.0,20.95,4638.9,10,1.06,1.58,33.71,475039.85162045975,1060911.111111111,-33590.0,1127.290555555555,565665.2777777778,54
60min,30,300.0,200.0,150.0,False,500000.0,185,184,1,99.46,1076840.0,3.15,652635.0,21.48,5820.8,15,1.68,1.65,35.89,1042289.3016308363,1312372.7777777778,685340.0,612.2863888888891,423117.77777777775,36
60min,30,300.0,200.0,150.0,True,500000.0,185,182,3,98.38,617190.0,2.23,652635.0,21.48,3336.2,15,1.68,0.95,20.57,660455.2089719967,929020.2777777778,339790.0,3771.823888888888,414264.1666666667,36
60min,30,250.0,400.0,300.0,False,500000.0,214,213,1,99.53,1315250.0,3.62,628505.0,20.54,6146.0,10,1.12,2.09,43.84,560095.6028849143,1193775.2777777778,134460.0,279.6472222222222,660978.8888888889,36
60min,30,250.0,400.0,300.0,True,500000.0,214,213,1,99.53,1271000.0,3.54,628505.0,20.54,5939.3,10,1.12,2.02,42.37,463905.3983105758,1090688.611111111,-33590.0,279.5916666666667,625501.25,36
60min,30,300.0,200.0,200.0,False,500000.0,179,178,1,99.44,1627520.0,4.24,649435.0,20.79,9092.3,15,2.02,2.51,54.25,932818.9845506743,1379960.7407407407,469500.0,538.401851851852,475934.81481481483,54
60min,30,300.0,200.0,200.0,True,500000.0,179,176,3,98.32,849470.0,2.69,649435.0,21.16,4745.6,15,2.02,1.31,28.32,622821.6608190038,957880.3703703703,258000.0,2899.1842592592584,435991.6666666667,54
60min,30,300.0,200.0,250.0,False,500000.0,172,169,3,98.26,1128750.0,1.75,722450.0,20.48,6562.5,15,2.33,1.56,37.62,939692.5014850195,1504181.6666666667,469500.0,353.70611111111117,570512.1296296297,54
60min,30,300.0,200.0,250.0,True,500000.0,173,169,4,97.69,448240.0,1.45,645935.0,20.93,2591.0,15,2.28,0.69,14.94,476631.3027723797,940008.8888888889,74160.0,1419.2179629629634,508536.94444444444,54
60min,30,300.0,200.0,300.0,False,500000.0,165,162,3,98.18,1777500.0,2.18,722450.0,18.79,10772.7,15,2.65,2.46,59.25,891654.1648947492,1510216.9444444445,469500.0,252.01666666666662,631011.6666666666,36
60min,30,300.0,200.0,300.0,True,500000.0,167,163,4,97.6,708030.0,1.71,651285.0,21.0,4239.7,15,2.58,1.09,23.6,434193.08028800716,900701.6666666666,74160.0,873.4002777777779,546902.5,36
60min,30,300.0,250.0,150.0,False,500000.0,183,183,0,100.0,1229800.0,999.99,392045.0,12.81,6720.2,13,1.38,3.14,40.99,974637.8150429069,1234797.962962963,567440.0,686.1662962962962,376798.4259259259,54
60min,30,300.0,250.0,150.0,True,500000.0,184,184,0,100.0,987670.0,999.99,392045.0,12.81,5367.8,13,1.38,2.52,32.92,683608.4824907938,928425.0,339790.0,2792.4905555555547,370896.01851851854,54
60min,30,300.0,250.0,200.0,False,500000.0,174,174,0,100.0,1662620.0,999.99,392045.0,12.67,9555.3,13,1.69,4.24,55.42,921540.5081850032,1311496.7901234569,469500.0,581.5846913580247,428718.51851851854,81
60min,30,300.0,250.0,200.0,True,500000.0,175,175,0,100.0,1268740.0,999.99,392045.0,12.67,7249.9,13,1.68,3.24,42.29,644945.5980711101,966891.4814814815,258000.0,2155.3639506172835,402089.7530864198,81
60min,30,300.0,250.0,250.0,False,500000.0,171,170,1,99.42,1554510.0,4.11,515505.0,15.4,9090.7,13,1.83,3.02,51.82,940830.7068189847,1452779.012345679,469500.0,384.63246913580247,527188.1481481482,81
60min,30,300.0,250.0,250.0,True,500000.0,173,171,2,98.84,938240.0,2.87,515505.0,16.06,5423.4,13,1.82,1.82,31.27,518286.79383947205,993447.5308641975,74160.0,1094.8586419753087,483323.8271604938,81
60min,30,300.0,250.0,300.0,False,500000.0,164,163,1,99.39,2095950.0,5.19,512210.0,14.69,12780.2,13,2.07,4.09,69.86,916160.0495741284,1487777.7777777778,469500.0,279.9433333333333,584284.074074074,54
60min,30,300.0,250.0,300.0,True,500000.0,166,164,2,98.8,1093330.0,3.18,512210.0,15.95,6586.3,13,2.06,2.13,36.44,490927.8867666443,986969.8148148148,74160.0,694.0605555555553,524390.0,54
60min,30,300.0,300.0,150.0,False,500000.0,184,184,0,100.0,1006380.0,999.99,296760.0,9.72,5469.5,11,1.12,3.39,33.55,783404.2260065344,1124620.0,339530.0,833.8642592592589,339995.74074074073,54
60min,30,300.0,300.0,150.0,True,500000.0,185,184,1,99.46,862850.0,999.99,296760.0,9.72,4664.1,11,1.12,2.91,28.76,675672.9722910291,950932.2222222222,291680.0,3250.327407407406,340709.6296296296,54
60min,30,300.0,300.0,200.0,False,500000.0,178,178,0,100.0,1296060.0,999.99,296760.0,9.64,7281.2,11,1.31,4.37,43.2,820293.1276929653,1233002.8395061728,339530.0,729.3556790123456,370175.2469135802,81
60min,30,300.0,300.0,200.0,True,500000.0,179,178,1,99.44,1103030.0,999.99,296760.0,9.64,6162.2,11,1.31,3.72,36.77,688906.499209828,997282.4691358025,291680.0,2509.864074074074,371114.5061728395,81
60min,30,300.0,300.0,250.0,False,500000.0,170,169,1,99.41,1324840.0,3.65,533360.0,12.13,7793.2,11,1.54,2.48,44.16,729086.8857656054,1356493.950617284,134460.0,507.8138271604938,470356.5432098765,81
60min,30,300.0,300.0,250.0,True,500000.0,171,169,2,98.83,1002610.0,3.0,533360.0,12.84,5863.2,11,1.53,1.88,33.42,492663.04641031224,1022126.5432098765,-33590.0,1351.8325925925928,469277.2839506173,81
60min,30,300.0,300.0,300.0,False,500000.0,160,159,1,99.38,1799110.0,4.59,527860.0,11.44,11244.4,11,1.82,3.41,59.97,728991.4291307722,1409524.2592592593,134460.0,390.8901851851854,519816.94444444444,54
60min,30,300.0,350.0,150.0,False,500000.0,182,182,0,100.0,874740.0,999.99,237470.0,7.81,4806.3,9,0.92,3.68,29.16,723936.1822534344,980839.8148148148,339530.0,870.7333333333331,322796.85185185185,54
60min,30,300.0,300.0,300.0,True,500000.0,161,159,2,98.76,1330680.0,3.66,527860.0,12.15,8265.1,11,1.81,2.52,44.36,465848.9009079283,1017447.0370370371,-33590.0,804.9640740740739,517958.24074074073,54
60min,30,300.0,350.0,150.0,True,500000.0,182,182,0,100.0,815290.0,999.99,237470.0,7.81,4479.6,9,0.92,3.43,27.18,649291.7395067958,887319.8148148148,291680.0,2203.9237037037037,323510.74074074073,54
60min,30,300.0,350.0,200.0,False,500000.0,174,174,0,100.0,1224130.0,999.99,306160.0,9.65,7035.2,9,1.17,4.0,40.8,748715.1878625345,1068355.3086419753,339530.0,778.4816049382715,356691.1111111111,81
60min,30,300.0,350.0,200.0,True,500000.0,174,174,0,100.0,1144180.0,999.99,306160.0,9.76,6575.7,9,1.17,3.74,38.14,664019.2457533211,949413.9506172839,291680.0,1667.205432098765,357578.2098765432,81
60min,30,300.0,350.0,250.0,False,500000.0,171,171,0,100.0,1462100.0,999.99,306160.0,9.53,8550.3,9,1.22,4.78,48.74,677691.5321732769,1219722.962962963,134460.0,618.5082716049383,445254.6296296296,81
60min,30,300.0,400.0,150.0,False,500000.0,180,180,0,100.0,796190.0,999.99,352745.0,9.91,4423.3,9,0.83,2.26,26.54,686088.8933600154,931435.5555555555,339530.0,889.1369444444447,342115.4166666667,36
60min,30,300.0,350.0,250.0,True,500000.0,171,171,0,100.0,1361650.0,999.99,306160.0,9.67,7962.9,9,1.22,4.45,45.39,529645.5257993304,1061719.012345679,-33590.0,1121.9334567901233,441500.987654321,81
60min,30,300.0,350.0,300.0,False,500000.0,160,159,1,99.38,1253630.0,3.5,524550.0,12.18,7835.2,10,1.46,2.39,41.79,684632.6506378042,1280178.3333333333,134460.0,520.062777777778,492779.25925925927,54
60min,30,300.0,350.0,300.0,True,500000.0,160,159,1,99.38,1088430.0,3.17,524550.0,12.53,6802.7,10,1.46,2.07,36.28,529596.0130052101,1099625.5555555555,-33590.0,519.8755555555557,486908.98148148146,54
60min,30,300.0,400.0,150.0,True,500000.0,180,180,0,100.0,733840.0,999.99,352745.0,9.97,4076.9,9,0.83,2.08,24.46,624286.2490944429,867362.5,291680.0,2888.9736111111115,343186.25,36
60min,30,300.0,400.0,200.0,False,500000.0,168,168,0,100.0,1060730.0,999.99,352745.0,9.4,6313.9,9,1.08,3.01,35.36,713756.9441071654,1015248.5185185185,339530.0,833.7472222222219,367893.7037037037,54
60min,30,300.0,400.0,200.0,True,500000.0,168,168,0,100.0,976880.0,999.99,352745.0,9.48,5814.8,9,1.08,2.77,32.56,642302.8351435269,931664.074074074,291680.0,2166.9464814814814,369224.35185185185,54
60min,30,300.0,400.0,250.0,False,500000.0,168,168,0,100.0,1296610.0,999.99,352745.0,9.02,7717.9,9,1.11,3.68,43.22,640724.3176050046,1154597.5925925926,134460.0,704.5198148148146,447611.85185185185,54
60min,30,300.0,400.0,250.0,True,500000.0,168,168,0,100.0,1191260.0,999.99,352745.0,9.11,7090.8,9,1.11,3.38,39.71,509674.7694249706,1042416.1111111111,-33590.0,1459.8301851851854,445802.68518518517,54
60min,30,300.0,400.0,300.0,False,500000.0,158,158,0,100.0,1647410.0,999.99,369990.0,11.79,10426.6,12,1.33,4.45,54.91,639205.7873078851,1198817.7777777778,134460.0,612.1958333333336,493754.44444444444,36
60min,30,400.0,200.0,150.0,False,500000.0,112,112,0,100.0,1145330.0,999.99,155165.0,5.16,10226.2,14,1.79,7.38,38.18,1019560.4392154043,1230733.3333333333,685340.0,750.7195833333334,350594.5833333333,24
60min,30,300.0,400.0,300.0,True,500000.0,158,158,0,100.0,1437960.0,999.99,369990.0,11.96,9101.0,12,1.33,3.89,47.93,502654.5905496799,1069685.2777777778,-33590.0,612.122777777778,490680.97222222225,36
60min,30,400.0,200.0,150.0,True,500000.0,113,113,0,100.0,881770.0,999.99,155165.0,5.16,7803.3,14,1.75,5.68,29.39,669744.0717616574,892031.6666666666,339790.0,3052.8254166666666,352191.875,24
60min,30,400.0,200.0,200.0,False,500000.0,111,111,0,100.0,1489240.0,999.99,155165.0,5.15,13416.6,14,2.04,9.6,49.64,1063820.5883693404,1316118.611111111,685340.0,667.6583333333334,397557.9166666667,36
60min,30,400.0,200.0,200.0,True,500000.0,112,112,0,100.0,1132680.0,999.99,155165.0,5.15,10113.2,14,1.99,7.3,37.76,619270.7206915696,912508.0555555555,258000.0,2421.173333333334,381332.5,36
60min,30,400.0,200.0,250.0,False,500000.0,110,110,0,100.0,1780630.0,999.99,342250.0,9.9,16187.5,14,2.15,5.2,59.35,1048408.0914071808,1494685.5555555555,552900.0,473.8602777777778,474731.1111111111,36
60min,30,400.0,200.0,250.0,True,500000.0,111,111,0,100.0,1306470.0,999.99,155165.0,5.13,11770.0,14,2.09,8.42,43.55,504780.7406487638,917956.1111111111,107010.0,1764.3644444444444,452048.47222222225,36
60min,30,400.0,200.0,300.0,True,500000.0,109,108,1,99.08,979460.0,2.96,527385.0,16.87,8985.9,14,2.45,1.86,32.65,461849.8260091793,875840.4166666666,107010.0,1023.1412499999998,493782.2916666667,24
60min,30,400.0,250.0,150.0,False,500000.0,112,112,0,100.0,798040.0,999.99,113545.0,3.63,7125.4,11,1.38,7.03,26.6,965531.7671656251,1144993.0555555555,567440.0,833.8097222222224,303042.22222222225,36
60min,30,400.0,200.0,300.0,False,500000.0,107,106,1,99.07,1793820.0,4.58,656960.0,19.96,16764.7,14,2.59,2.73,59.79,1021232.6064666333,1529234.1666666667,552900.0,335.38208333333336,529403.5416666666,24
60min,30,400.0,250.0,150.0,True,500000.0,112,112,0,100.0,697990.0,999.99,113545.0,3.67,6232.1,11,1.38,6.15,23.27,688515.5733099291,883043.3333333334,339790.0,2368.5469444444448,304107.0833333333,36
60min,30,400.0,250.0,200.0,False,500000.0,110,110,0,100.0,1044910.0,999.99,229220.0,7.08,9499.2,11,1.58,4.56,34.83,983385.9405453329,1225500.3703703703,567440.0,723.0788888888886,352446.94444444444,54
60min,30,400.0,250.0,200.0,True,500000.0,110,110,0,100.0,865510.0,999.99,229220.0,7.17,7868.3,11,1.58,3.78,28.85,639605.1626529837,911766.6666666666,258000.0,1892.0562962962965,341630.0,54
60min,30,400.0,250.0,250.0,False,500000.0,109,109,0,100.0,1408800.0,999.99,312785.0,8.61,12924.8,11,1.79,4.5,46.96,1034903.2096277799,1422115.0,552900.0,538.5751851851854,427444.0740740741,54
60min,30,400.0,250.0,300.0,False,500000.0,104,103,1,99.04,1168200.0,3.33,516915.0,12.15,11232.7,11,2.12,2.26,38.94,1024551.9268710156,1475695.2777777778,552900.0,390.92555555555555,481617.3611111111,36
60min,30,400.0,250.0,300.0,True,500000.0,104,103,1,99.04,704750.0,2.41,516915.0,13.3,6776.4,11,2.12,1.36,23.49,520100.23299921886,957250.0,107010.0,849.3038888888891,457869.8611111111,36
60min,30,400.0,250.0,250.0,True,500000.0,109,109,0,100.0,1067900.0,999.99,312785.0,8.96,9797.2,11,1.79,3.41,35.6,550700.8265649808,968994.074074074,107010.0,1398.8261111111115,412322.31481481483,54
60min,30,400.0,300.0,150.0,False,500000.0,112,112,0,100.0,666690.0,999.99,88740.0,2.94,5952.6,9,1.1,7.51,22.22,884843.7409302187,1030235.8333333334,541350.0,999.9899999999998,267270.55555555556,36
60min,30,400.0,300.0,150.0,True,500000.0,112,112,0,100.0,617190.0,999.99,88740.0,2.94,5510.6,9,1.1,6.96,20.57,779751.6343360025,895330.8333333334,493500.0,999.9899999999998,267270.55555555556,36
60min,30,400.0,300.0,200.0,False,500000.0,110,110,0,100.0,863050.0,999.99,178405.0,5.56,7845.9,9,1.29,4.84,28.77,940879.5267574171,1137060.1851851852,541350.0,907.7629629629627,299235.9259259259,54
60min,30,400.0,300.0,200.0,True,500000.0,110,110,0,100.0,813550.0,999.99,178405.0,5.65,7395.9,9,1.29,4.56,27.12,820985.5662574173,959360.925925926,493500.0,1053.6059259259257,299235.9259259259,54
60min,30,400.0,300.0,250.0,False,500000.0,110,110,0,100.0,1059050.0,999.99,178405.0,5.46,9627.7,9,1.37,5.94,35.3,1093726.9005220372,1342110.7407407407,730460.0,704.8518518518516,369014.9074074074,54
60min,30,400.0,300.0,250.0,True,500000.0,110,110,0,100.0,1009550.0,999.99,178405.0,5.54,9177.7,9,1.37,5.66,33.65,832605.6986034929,1065101.111111111,448150.0,1010.5062962962961,369014.9074074074,54
60min,30,400.0,300.0,300.0,False,500000.0,108,108,0,100.0,1317100.0,999.99,243385.0,6.89,12195.4,9,1.56,5.41,43.9,1139543.2461160708,1426516.388888889,864560.0,557.2827777777779,409690.4166666667,36
60min,30,400.0,350.0,150.0,True,500000.0,109,109,0,100.0,596230.0,999.99,403190.0,11.69,5470.0,10,1.06,1.48,19.87,720911.856113819,830648.6111111111,450780.0,999.9899999999998,281371.52777777775,36
60min,30,400.0,350.0,150.0,False,500000.0,109,109,0,100.0,644080.0,999.99,403190.0,11.69,5909.0,10,1.06,1.6,21.47,780965.5699214608,907427.2222222222,450780.0,999.9899999999998,281371.52777777775,36
60min,30,400.0,300.0,300.0,True,500000.0,108,108,0,100.0,1199750.0,999.99,243385.0,6.99,11108.8,9,1.56,4.93,39.99,826428.1273350971,1092993.888888889,448150.0,1015.7644444444444,409690.4166666667,36
60min,30,400.0,350.0,200.0,False,500000.0,105,105,0,100.0,862870.0,999.99,403190.0,11.19,8217.8,10,1.3,2.14,28.76,818593.9782692859,1004045.0,450780.0,944.633333333333,304254.6296296296,54
60min,30,400.0,350.0,200.0,True,500000.0,105,105,0,100.0,798520.0,999.99,403190.0,11.19,7605.0,10,1.3,1.98,26.62,771193.6666310489,910883.8888888889,450780.0,944.6007407407404,304254.6296296296,54
60min,30,400.0,350.0,250.0,False,500000.0,104,104,0,100.0,1028440.0,999.99,403190.0,10.85,9888.8,10,1.36,2.55,34.28,1003514.666245793,1216386.851851852,612180.0,833.972222222222,353954.35185185185,54
60min,30,400.0,350.0,250.0,True,500000.0,104,104,0,100.0,947590.0,999.99,403190.0,10.85,9111.4,10,1.36,2.35,31.59,895454.491683177,1073184.6296296297,557580.0,833.8688888888886,353954.35185185185,54
60min,30,400.0,400.0,150.0,False,500000.0,111,111,0,100.0,648950.0,999.99,230570.0,7.52,5846.4,7,0.93,2.81,21.63,740418.0359530868,874384.5833333334,450780.0,999.9900000000001,318088.5416666667,24
60min,30,400.0,350.0,300.0,False,500000.0,103,103,0,100.0,1325780.0,999.99,403190.0,10.2,12871.7,10,1.51,3.29,44.19,1070115.0448381514,1309997.2222222222,727500.0,750.9633333333336,379967.77777777775,36
60min,30,400.0,350.0,300.0,True,500000.0,103,103,0,100.0,1228430.0,999.99,403190.0,10.2,11926.5,10,1.51,3.05,40.95,941747.0027452753,1140862.5,658900.0,750.8083333333335,379967.77777777775,36
60min,30,400.0,400.0,150.0,True,500000.0,111,111,0,100.0,648950.0,999.99,230570.0,7.52,5846.4,7,0.93,2.81,21.63,690486.2169918376,813439.5833333334,450780.0,999.9900000000001,318088.5416666667,24
60min,30,400.0,400.0,200.0,False,500000.0,105,105,0,100.0,829740.0,999.99,332615.0,9.22,7902.3,9,1.13,2.49,27.66,795572.370109694,983935.5555555555,450780.0,999.9899999999998,325269.44444444444,36
60min,30,400.0,400.0,200.0,True,500000.0,105,105,0,100.0,775140.0,999.99,332615.0,9.22,7382.3,9,1.13,2.33,25.84,757544.3726079649,911183.8888888889,450780.0,999.9899999999998,325269.44444444444,36
60min,30,400.0,400.0,250.0,False,500000.0,105,105,0,100.0,984890.0,999.99,332615.0,8.96,9379.9,9,1.21,2.96,32.83,976707.59654533,1186093.3333333333,612180.0,916.9558333333334,364496.52777777775,36
60min,30,400.0,400.0,250.0,True,500000.0,105,105,0,100.0,916290.0,999.99,332615.0,8.96,8726.6,9,1.21,2.75,30.54,890209.2675866267,1074241.9444444445,557580.0,916.9286111111113,364496.52777777775,36
60min,30,400.0,400.0,300.0,False,500000.0,104,104,0,100.0,1172820.0,999.99,332615.0,8.7,11277.1,9,1.35,3.53,39.09,1054279.6908101835,1280687.0833333333,727500.0,875.4387500000001,376929.1666666667,24
60min,30,400.0,400.0,300.0,True,500000.0,104,104,0,100.0,1090220.0,999.99,332615.0,8.7,10482.9,9,1.35,3.28,36.34,954162.8465184396,1151259.1666666667,658900.0,875.3979166666668,376929.1666666667,24
60min,50,150.0,200.0,150.0,False,500000.0,324,319,5,98.46,120220.0,1.05,2060910.0,66.16,371.0,15,1.75,0.06,4.01,110200.12605355901,712762.9166666666,-1031780.0,2.0825,1226951.0416666667,24
60min,50,150.0,200.0,150.0,True,500000.0,328,324,4,98.78,1016010.0,2.01,1161860.0,36.53,3097.6,15,1.69,0.87,33.87,243266.38667489777,774722.0833333334,-389090.0,2.223333333333333,834488.3333333334,24
60min,50,150.0,200.0,200.0,False,500000.0,318,312,6,98.11,113220.0,1.04,2023940.0,64.49,356.0,15,1.83,0.06,3.77,84573.07085985516,642404.7222222222,-1737520.0,1.8866666666666672,1302204.4444444445,36
60min,50,150.0,200.0,200.0,True,500000.0,323,319,4,98.76,1306070.0,2.3,1157860.0,35.92,4043.6,15,1.76,1.13,43.54,214666.89013050287,752675.5555555555,-389090.0,2.109444444444444,863868.75,36
60min,50,150.0,200.0,250.0,False,500000.0,307,297,10,96.74,-1737520.0,0.65,2856740.0,90.4,-5659.7,15,1.96,-0.61,-57.92,55303.80955123472,595019.4444444445,-1737520.0,1.643888888888889,1434605.6944444445,36
60min,50,150.0,200.0,250.0,True,500000.0,314,309,5,98.41,1004140.0,1.67,1153860.0,35.23,3197.9,15,1.86,0.87,33.47,186143.10890622085,750035.0,-389090.0,1.9202777777777778,908024.3055555555,36
60min,50,150.0,250.0,150.0,False,500000.0,321,319,2,99.38,1141490.0,2.14,969330.0,30.95,3556.0,14,1.37,1.18,38.05,130236.1372198924,709469.1666666666,-1031780.0,1.955833333333334,1104536.25,36
60min,50,150.0,200.0,300.0,False,500000.0,305,295,10,96.72,-1154820.0,0.77,2624345.0,82.5,-3786.3,15,1.99,-0.44,-38.49,38163.725986163765,529390.8333333334,-1737520.0,1.4333333333333333,1497047.2916666667,24
60min,50,150.0,200.0,300.0,True,500000.0,312,307,5,98.4,1248990.0,1.83,1150660.0,34.75,4003.2,15,1.9,1.09,41.63,155925.22580415529,719407.0833333334,-132890.0,1.73125,930105.8333333334,24
60min,50,150.0,250.0,150.0,True,500000.0,321,317,4,98.75,589050.0,1.59,1025880.0,33.36,1835.0,14,1.36,0.57,19.63,185208.21999840712,652722.7777777778,-389090.0,1.9516666666666664,858954.3055555555,36
60min,50,150.0,250.0,200.0,False,500000.0,307,303,4,98.7,468270.0,1.23,1200755.0,37.93,1525.3,14,1.5,0.39,15.61,105008.74710265912,692242.7777777778,-1737520.0,1.8455555555555558,1178060.3703703703,54
60min,50,150.0,250.0,200.0,True,500000.0,307,301,6,98.05,-389090.0,0.81,1385645.0,44.84,-1267.4,14,1.5,-0.28,-12.97,183942.4854100201,683283.5185185185,-389090.0,1.9212962962962963,883271.2962962963,54
60min,50,150.0,250.0,250.0,False,500000.0,303,299,4,98.68,834450.0,1.42,1162220.0,36.43,2754.0,14,1.51,0.72,27.81,88353.65874696072,725113.3333333334,-1737520.0,1.707592592592593,1286433.611111111,54
60min,50,150.0,250.0,250.0,True,500000.0,302,296,6,98.01,-132890.0,0.93,1295345.0,41.72,-440.0,14,1.54,-0.1,-4.43,187394.4160654409,742457.9629629629,-389090.0,1.8451851851851853,920624.4444444445,54
60min,50,150.0,250.0,300.0,False,500000.0,298,294,4,98.66,1339270.0,1.67,1065990.0,33.27,4494.2,14,1.56,1.26,44.64,70634.82209485967,696296.9444444445,-1737520.0,1.5572222222222223,1348560.9722222222,36
60min,50,150.0,250.0,300.0,True,500000.0,299,293,6,97.99,-4690.0,1.0,1249155.0,40.05,-15.7,14,1.58,-0.0,-0.16,178758.01063843846,750793.3333333334,-132890.0,1.7425000000000002,939053.6111111111,36
60min,50,150.0,300.0,150.0,False,500000.0,312,310,2,99.36,621900.0,1.62,1058395.0,34.24,1993.3,13,1.16,0.59,20.73,210103.2065720974,730627.7777777778,-464290.0,2.016111111111111,810543.75,36
60min,50,150.0,300.0,150.0,True,500000.0,313,310,3,99.04,311410.0,1.31,1145395.0,37.06,994.9,13,1.16,0.27,10.38,73823.84699490776,389572.5,-663040.0,1.6419444444444444,845882.7777777778,36
60min,50,150.0,300.0,200.0,False,500000.0,307,305,2,99.35,1095920.0,2.1,1159065.0,37.13,3569.8,13,1.2,0.95,36.53,225846.87327004244,798705.3703703703,-464290.0,1.9353703703703702,847204.3518518518,54
60min,50,150.0,300.0,200.0,True,500000.0,307,304,3,99.02,685520.0,1.69,1283660.0,41.48,2233.0,13,1.22,0.53,22.85,78016.73731370088,431941.48148148146,-663040.0,1.5914814814814815,865090.3703703703,54
60min,50,150.0,300.0,250.0,False,500000.0,305,303,2,99.34,1437530.0,2.44,1105625.0,35.29,4713.2,13,1.21,1.3,47.92,241945.615897314,915862.7777777778,-161800.0,1.8114814814814817,930241.3888888889,54
60min,50,150.0,300.0,250.0,True,500000.0,305,302,3,99.02,930690.0,1.93,1260660.0,40.59,3051.4,13,1.23,0.74,31.02,93187.85588105458,514595.55555555556,-421100.0,1.5548148148148146,902479.1666666666,54
60min,50,150.0,300.0,300.0,False,500000.0,293,290,3,98.98,1316320.0,1.88,1055225.0,33.56,4492.6,13,1.32,1.25,43.88,241150.1386564407,964552.2222222222,-68620.0,1.696388888888889,972330.8333333334,36
60min,50,150.0,300.0,300.0,True,500000.0,294,290,4,98.64,650500.0,1.43,1237660.0,39.7,2212.6,13,1.34,0.53,21.68,114444.19189475586,567671.9444444445,-245060.0,1.5199999999999998,913195.9722222222,36
60min,50,150.0,350.0,150.0,False,500000.0,306,303,3,99.02,17870.0,1.01,1112455.0,35.97,58.4,11,1.01,0.02,0.6,182054.6454993633,605143.8888888889,-464290.0,1.913888888888889,752758.6111111111,36
60min,50,150.0,350.0,150.0,True,500000.0,307,303,4,98.7,-204910.0,0.86,1227115.0,39.94,-667.5,11,1.0,-0.17,-6.83,87282.8671871669,419201.1111111111,-663040.0,1.716388888888889,786915.9722222222,36
60min,50,150.0,350.0,200.0,False,500000.0,298,295,3,98.99,325510.0,1.22,1077455.0,34.61,1092.3,11,1.07,0.3,10.85,204416.89864332456,684494.2592592592,-464290.0,1.9266666666666665,803655.3703703703,54
60min,50,150.0,350.0,200.0,True,500000.0,299,295,4,98.66,31230.0,1.02,1210115.0,39.27,104.4,11,1.07,0.03,1.04,118040.00447539164,501054.0740740741,-663040.0,1.7490740740740742,820866.9444444445,54
60min,50,150.0,350.0,250.0,False,500000.0,295,292,3,98.98,588750.0,1.39,1079975.0,34.55,1995.8,11,1.08,0.55,19.62,231196.25282889846,810590.3703703703,-161800.0,1.875185185185185,908239.5370370371,54
60min,50,150.0,350.0,250.0,True,500000.0,295,291,4,98.64,268280.0,1.18,1193115.0,38.6,909.4,11,1.1,0.22,8.94,165786.70100285317,632952.9629629629,-421100.0,1.7601851851851849,888764.5370370371,54
60min,50,150.0,350.0,300.0,False,500000.0,287,284,3,98.95,893800.0,1.6,1037185.0,33.07,3114.3,11,1.14,0.86,29.79,221104.10120680873,848815.0,-68620.0,1.7966666666666664,979904.4444444445,36
60min,50,150.0,350.0,300.0,True,500000.0,287,283,4,98.61,505190.0,1.34,1176465.0,37.94,1760.2,11,1.15,0.43,16.84,182831.81235792834,692227.2222222222,-245060.0,1.7377777777777779,931281.25,36
60min,50,150.0,400.0,150.0,False,500000.0,310,309,1,99.68,830480.0,2.66,608535.0,18.89,2679.0,11,0.83,1.36,27.68,171959.18152339724,556275.0,-464290.0,2.0195833333333333,699284.5833333334,24
60min,50,150.0,400.0,150.0,True,500000.0,310,309,1,99.68,768130.0,2.54,608535.0,19.26,2477.8,11,0.83,1.26,25.6,101105.96517403767,424439.5833333333,-663040.0,1.8704166666666666,726430.8333333334,24
60min,50,150.0,400.0,200.0,False,500000.0,307,306,1,99.67,1095920.0,3.19,605535.0,18.51,3569.8,11,0.86,1.81,36.53,202758.0977938066,630781.9444444445,-464290.0,2.0083333333333333,740596.9444444445,36
60min,50,150.0,400.0,200.0,True,500000.0,307,306,1,99.67,1012070.0,3.02,605535.0,19.0,3296.6,11,0.86,1.67,33.74,113521.61478908871,479331.3888888889,-663040.0,1.8511111111111112,770262.2222222222,36
60min,50,150.0,400.0,250.0,False,500000.0,294,292,2,99.32,851760.0,1.84,1063640.0,34.17,2897.1,11,0.92,0.8,28.39,217177.08053107015,723235.0,-161800.0,1.8952777777777774,867314.5833333334,36
60min,50,150.0,400.0,250.0,True,500000.0,294,292,2,99.32,746410.0,1.74,1100390.0,35.35,2538.8,11,0.92,0.68,24.88,150759.90413321616,585777.5,-421100.0,1.7927777777777776,860234.4444444445,36
60min,50,200.0,200.0,150.0,False,500000.0,244,242,2,99.18,1041040.0,2.04,1149315.0,36.05,4266.6,15,1.74,0.91,34.7,221689.63074720197,920057.7777777778,-1031780.0,140.90305555555554,992038.4722222222,36
60min,50,150.0,400.0,300.0,False,500000.0,284,282,2,99.3,1111430.0,2.1,1040050.0,33.32,3913.5,11,0.97,1.07,37.05,210300.28244763106,758167.9166666666,-68620.0,1.7924999999999998,944062.5,24
60min,50,150.0,400.0,300.0,True,500000.0,285,283,2,99.3,986050.0,1.97,1082830.0,34.69,3459.8,11,0.96,0.91,32.87,161831.44127915404,631557.9166666666,-245060.0,1.7241666666666664,918447.2916666666,24
60min,50,200.0,200.0,200.0,False,500000.0,235,232,3,98.72,1115340.0,1.74,1555480.0,49.98,4746.1,15,1.99,0.72,37.18,174675.72181143757,903888.1481481482,-1737520.0,131.50425925925924,1065782.7777777778,54
60min,50,200.0,200.0,150.0,True,500000.0,245,240,5,97.96,1051980.0,3.1,647715.0,20.88,4293.8,15,1.72,1.62,35.07,296940.78749698243,816436.3888888889,-389090.0,1588.0872222222222,730667.9166666666,36
60min,50,200.0,200.0,200.0,True,500000.0,237,232,5,97.89,1372620.0,3.74,644715.0,20.46,5791.6,15,1.95,2.13,45.75,286815.2879276375,832751.2962962963,-389090.0,1286.8764814814815,749788.2407407408,54
60min,50,200.0,200.0,250.0,False,500000.0,227,223,4,98.24,1331100.0,1.67,1524510.0,48.78,5863.9,15,2.19,0.87,44.37,143202.09415260633,893286.4814814815,-1737520.0,75.85629629629628,1198453.7037037036,54
60min,50,200.0,200.0,250.0,True,500000.0,230,225,5,97.83,1747230.0,4.49,643715.0,20.24,7596.7,15,2.12,2.71,58.24,256941.91966220725,824110.925925926,-389090.0,433.5553703703704,800162.5,54
60min,50,200.0,200.0,300.0,False,500000.0,220,214,6,97.27,643200.0,1.21,1622755.0,51.69,2923.6,15,2.31,0.4,21.44,122806.19154138891,844047.5,-1737520.0,57.13805555555555,1272516.111111111,36
60min,50,200.0,200.0,300.0,True,500000.0,224,217,7,96.88,1332680.0,2.33,642715.0,19.92,5949.5,15,2.23,2.07,44.42,239468.68096404587,803981.1111111111,-132890.0,343.1144444444444,823428.4722222222,36
60min,50,200.0,250.0,150.0,False,500000.0,239,238,1,99.58,1237380.0,3.48,516490.0,16.18,5177.3,14,1.42,2.4,41.25,242435.28392642262,880126.4814814815,-1031780.0,150.02851851851852,898999.1666666666,54
60min,50,200.0,250.0,150.0,True,500000.0,240,238,2,99.17,953240.0,2.91,516490.0,16.65,3971.8,14,1.42,1.85,31.77,251826.51092842032,723210.5555555555,-389090.0,1114.724074074074,735458.7037037037,54
60min,50,200.0,250.0,200.0,False,500000.0,228,227,1,99.56,1781800.0,4.57,718795.0,21.61,7814.9,14,1.67,2.48,59.39,211256.36465181023,899989.8765432099,-1737520.0,125.3367901234568,967765.925925926,81
60min,50,200.0,250.0,250.0,False,500000.0,220,217,3,98.64,977030.0,1.64,810340.0,23.86,4441.0,14,1.79,1.21,32.57,188983.40603646272,939445.3086419753,-1737520.0,51.29679012345679,1084104.0740740742,81
60min,50,200.0,250.0,200.0,True,500000.0,230,227,3,98.7,1203310.0,3.41,516490.0,16.26,5231.8,14,1.65,2.33,40.11,261652.7742649429,770485.6790123457,-389090.0,895.4932098765433,755392.7160493827,81
60min,50,200.0,250.0,250.0,True,500000.0,222,217,5,97.75,114590.0,1.07,872140.0,27.19,516.2,14,1.77,0.13,3.82,255291.92642866913,800818.5185185185,-389090.0,289.67506172839506,809658.2716049383,81
60min,50,200.0,250.0,300.0,False,500000.0,216,212,4,98.15,801230.0,1.39,1127570.0,35.34,3709.4,14,1.88,0.71,26.71,161043.79600823036,926816.8518518518,-1737520.0,38.81055555555555,1149973.148148148,54
60min,50,200.0,250.0,300.0,True,500000.0,218,212,6,97.25,302640.0,1.2,863140.0,26.64,1388.3,14,1.85,0.35,10.09,253601.9869972439,813469.6296296297,-132890.0,229.39611111111114,830927.8703703703,54
60min,50,200.0,300.0,150.0,False,500000.0,233,231,2,99.14,428230.0,1.43,667980.0,21.02,1837.9,11,1.24,0.64,14.27,272594.32520768733,815197.9629629629,-464290.0,149.9561111111111,713364.5370370371,54
60min,50,200.0,300.0,150.0,True,500000.0,233,231,2,99.14,270180.0,1.27,667980.0,21.53,1159.6,11,1.24,0.4,9.01,140405.7429079048,519994.25925925927,-663040.0,1114.4842592592593,737637.7777777778,54
60min,50,200.0,300.0,200.0,False,500000.0,224,222,2,99.11,771780.0,1.77,662980.0,20.44,3445.4,11,1.38,1.16,25.73,293407.0545346973,893074.938271605,-464290.0,125.30864197530865,741419.5061728396,81
60min,50,200.0,300.0,200.0,True,500000.0,224,222,2,99.11,529980.0,1.53,662980.0,21.1,2366.0,11,1.38,0.8,17.67,154612.61636604436,553592.3456790124,-663040.0,895.1927160493827,754282.7777777778,81
60min,50,200.0,300.0,250.0,False,500000.0,221,218,3,98.64,583880.0,1.39,1138045.0,36.49,2642.0,11,1.43,0.51,19.46,295891.05827900936,957584.3209876543,-341610.0,51.27283950617284,837925.925925926,81
60min,50,200.0,300.0,300.0,True,500000.0,212,210,2,99.06,1098390.0,2.1,788750.0,24.69,5181.1,11,1.58,1.39,36.61,149133.96156541104,571238.5185185185,-438960.0,229.04074074074072,851101.1111111111,54
60min,50,200.0,300.0,300.0,False,500000.0,212,209,3,98.58,952710.0,1.63,1089605.0,34.84,4493.9,11,1.58,0.87,31.76,294316.8062759128,988317.9629629629,-341610.0,38.827592592592595,881240.8333333334,54
60min,50,200.0,300.0,250.0,True,500000.0,221,219,2,99.1,849310.0,1.85,793750.0,25.08,3843.0,11,1.42,1.07,28.31,145988.89505910868,559036.0493827161,-438960.0,289.3333333333333,825766.6666666666,81
60min,50,200.0,350.0,150.0,False,500000.0,237,236,1,99.58,647110.0,2.29,524940.0,16.61,2730.4,10,0.99,1.23,21.57,244705.62732173083,675507.7777777778,-464290.0,168.33037037037036,650240.925925926,54
60min,50,200.0,350.0,150.0,True,500000.0,238,237,1,99.58,584780.0,2.17,524940.0,16.94,2457.1,10,0.99,1.11,19.49,162361.4610815182,518173.7037037037,-663040.0,168.15407407407406,673726.3888888889,54
60min,50,200.0,350.0,200.0,False,500000.0,222,220,2,99.1,576370.0,1.58,705320.0,21.9,2596.3,10,1.19,0.82,19.21,255881.4932636495,731707.0370370371,-464290.0,112.93506172839506,704221.6049382716,81
60min,50,200.0,350.0,200.0,True,500000.0,223,221,2,99.1,425990.0,1.43,734570.0,23.42,1910.3,10,1.18,0.58,14.2,180322.1526723392,566222.8395061728,-663040.0,112.75259259259258,716583.086419753,81
60min,50,200.0,350.0,250.0,False,500000.0,214,212,2,99.07,848070.0,1.85,693820.0,21.26,3962.9,10,1.27,1.22,28.27,264012.9171396684,814827.1604938272,-341610.0,38.988148148148156,818297.7160493827,81
60min,50,200.0,350.0,250.0,True,500000.0,215,213,2,99.07,649190.0,1.65,730570.0,23.13,3019.5,10,1.27,0.89,21.64,197929.3073843553,640201.1111111111,-438960.0,38.83123456790124,809862.9629629629,81
60min,50,200.0,350.0,300.0,True,500000.0,210,208,2,99.05,875000.0,1.87,726570.0,22.86,4166.7,10,1.32,1.2,29.17,184341.38635602,662580.925925926,-438960.0,1.8394444444444444,866500.3703703703,54
60min,50,200.0,350.0,300.0,False,500000.0,209,206,3,98.56,554030.0,1.37,1069565.0,34.22,2650.9,10,1.34,0.52,18.47,244761.4004617393,830711.4814814815,-341610.0,1.9612962962962965,892332.7777777778,54
60min,50,200.0,400.0,150.0,False,500000.0,238,237,1,99.58,479040.0,1.96,625975.0,20.04,2012.8,8,0.83,0.77,15.97,219796.2151714375,613129.7222222222,-464290.0,168.35583333333335,618901.1111111111,36
60min,50,200.0,400.0,150.0,True,500000.0,238,237,1,99.58,457290.0,1.91,625975.0,20.18,1921.4,8,0.83,0.73,15.24,154451.2987923631,508881.1111111111,-663040.0,168.23222222222222,638069.4444444445,36
60min,50,200.0,400.0,200.0,False,500000.0,226,225,1,99.56,823630.0,2.65,622975.0,19.57,3644.4,8,0.98,1.32,27.45,232761.82203475523,651463.8888888889,-464290.0,112.90166666666666,670466.2962962963,54
60min,50,200.0,400.0,200.0,True,500000.0,226,225,1,99.56,794380.0,2.59,622975.0,19.75,3515.0,8,0.98,1.28,26.48,161049.86604239972,526357.0370370371,-663040.0,112.76555555555554,691573.7962962963,54
60min,50,200.0,400.0,250.0,False,500000.0,219,218,1,99.54,1041970.0,3.08,619975.0,19.27,4757.9,8,1.04,1.68,34.73,230995.86176984513,706359.2592592592,-341610.0,57.39333333333333,799744.1666666666,54
60min,50,200.0,400.0,300.0,False,500000.0,212,210,2,99.06,753300.0,1.75,1069240.0,34.46,3553.3,10,1.12,0.7,25.11,199676.85541032007,699889.4444444445,-341610.0,1.864166666666667,886055.5555555555,36
60min,50,200.0,400.0,300.0,True,500000.0,212,210,2,99.06,626450.0,1.63,1113490.0,35.88,2955.0,10,1.12,0.56,20.88,143999.92472401372,577648.0555555555,-438960.0,1.7794444444444446,876787.2222222222,36
60min,50,200.0,400.0,250.0,True,500000.0,219,218,1,99.54,1005220.0,3.01,619975.0,19.49,4590.0,8,1.04,1.62,33.51,170634.4683277412,583184.8148148148,-438960.0,57.28962962962964,800469.5370370371,54
60min,50,250.0,200.0,150.0,False,500000.0,178,177,1,99.44,1237110.0,3.47,621885.0,19.72,6950.1,15,1.99,1.99,41.24,798545.1833619069,1274378.3333333333,494550.0,418.42083333333335,636190.4166666666,36
60min,50,250.0,200.0,150.0,True,500000.0,179,177,2,98.88,784910.0,2.57,621885.0,20.29,4385.0,15,1.97,1.26,26.16,700649.1196230949,969818.0555555555,426270.0,4723.924444444444,508228.47222222225,36
60min,50,250.0,200.0,200.0,False,500000.0,175,174,1,99.43,1723580.0,4.44,616435.0,19.23,9849.0,15,2.17,2.8,57.45,780155.9252429858,1313269.4444444445,494550.0,353.64592592592595,686334.1666666666,54
60min,50,250.0,200.0,200.0,True,500000.0,176,174,2,98.86,1023970.0,3.04,616435.0,19.97,5818.0,15,2.14,1.66,34.13,528559.5994075004,994684.2592592592,114590.0,3681.215740740741,523800.9259259259,54
60min,50,250.0,200.0,250.0,False,500000.0,165,162,3,98.18,1251460.0,1.83,1038780.0,33.36,7584.6,15,2.58,1.2,41.72,745781.0760100203,1400057.7777777778,494550.0,242.68240740740737,790159.074074074,54
60min,50,250.0,200.0,250.0,True,500000.0,168,166,2,98.81,1248040.0,3.49,599455.0,19.29,7428.8,15,2.47,2.08,41.6,488827.5271404229,1011518.3333333334,74160.0,2187.814814814815,559510.0925925926,54
60min,50,250.0,200.0,300.0,False,500000.0,162,159,3,98.15,1844950.0,2.23,1061570.0,34.0,11388.6,15,2.7,1.74,61.5,736505.0896498234,1373478.3333333333,599390.0,168.56055555555557,843052.2222222222,36
60min,50,250.0,250.0,150.0,False,500000.0,175,175,0,100.0,1322250.0,999.99,398645.0,12.8,7555.7,13,1.61,3.32,44.08,504867.33792814397,1128287.037037037,12000.0,445.94537037037054,571973.7962962963,54
60min,50,250.0,200.0,300.0,True,500000.0,166,163,3,98.19,1372790.0,3.74,592455.0,18.95,8269.8,15,2.56,2.32,45.76,447683.49425822677,975884.1666666666,74160.0,1294.478611111111,583240.6944444445,36
60min,50,250.0,250.0,150.0,True,500000.0,176,175,1,99.43,1126620.0,16095.57,398645.0,12.94,6401.3,13,1.6,2.83,37.55,409078.60190819844,867089.6296296297,-85150.0,3316.2299999999996,487988.05555555556,54
60min,50,250.0,250.0,200.0,False,500000.0,169,169,0,100.0,1770670.0,999.99,398645.0,12.51,10477.3,13,1.81,4.44,59.02,490743.9048650716,1162638.6419753085,12000.0,347.3839506172839,636182.1604938272,81
60min,50,250.0,250.0,200.0,True,500000.0,171,169,2,98.83,1306080.0,6220.43,398645.0,12.82,7637.9,13,1.78,3.28,43.54,411575.2031022573,900217.4074074074,-85150.0,2565.7043209876542,515362.2839506173,81
60min,50,250.0,250.0,250.0,False,500000.0,161,161,0,100.0,2310590.0,999.99,398645.0,12.4,14351.5,13,2.06,5.8,77.02,494704.81807683257,1258665.061728395,27220.0,199.55370370370372,744281.2345679012,81
60min,50,250.0,250.0,300.0,True,500000.0,158,154,4,97.47,74160.0,1.05,889640.0,27.95,469.4,13,2.19,0.08,2.47,429693.05385879445,937541.1111111111,74160.0,863.7492592592592,599077.6851851852,54
60min,50,250.0,250.0,250.0,True,500000.0,163,161,2,98.77,1441100.0,6863.38,398645.0,12.71,8841.1,13,2.02,3.61,48.04,450623.166020461,943690.4938271604,74160.0,1496.2317283950615,567055.6172839506,81
60min,50,250.0,250.0,300.0,False,500000.0,156,153,3,98.08,1005550.0,1.66,818840.0,24.13,6445.8,13,2.22,1.23,33.52,460843.92500201677,1251546.4814814816,27220.0,113.21092592592593,808233.1481481482,54
60min,50,250.0,300.0,150.0,False,500000.0,178,178,0,100.0,1063380.0,999.99,301560.0,9.69,5974.0,11,1.28,3.53,35.45,430392.5491512926,947878.8888888889,12000.0,482.75592592592614,463661.48148148146,54
60min,50,250.0,300.0,150.0,True,500000.0,178,178,0,100.0,940130.0,999.99,301560.0,9.82,5281.6,11,1.28,3.12,31.34,343105.699348167,757258.3333333334,-85150.0,1447.4055555555562,458746.48148148146,54
60min,50,250.0,300.0,200.0,False,500000.0,170,169,1,99.41,920480.0,2.84,538520.0,13.12,5414.6,11,1.52,1.71,30.68,437478.96862706786,1007391.975308642,12000.0,408.86185185185184,502917.4691358025,81
60min,50,250.0,300.0,200.0,True,500000.0,170,169,1,99.41,685430.0,2.37,538520.0,13.69,4031.9,11,1.52,1.27,22.85,342350.6566190569,775677.7777777778,-85150.0,1356.6445679012347,486183.0864197531,81
60min,50,250.0,300.0,250.0,False,500000.0,160,159,1,99.38,1276170.0,3.55,532020.0,12.21,7976.1,11,1.72,2.4,42.54,410236.7342127521,1065477.2839506173,-341610.0,248.7041975308642,619963.8271604938,81
60min,50,250.0,300.0,250.0,True,500000.0,160,159,1,99.38,968920.0,2.93,532020.0,12.88,6055.8,11,1.72,1.82,32.3,315438.86017525726,785600.1234567901,-438960.0,860.2117283950619,569981.913580247,81
60min,50,250.0,350.0,150.0,False,500000.0,176,175,1,99.43,339530.0,1.68,721785.0,23.74,1929.1,10,1.1,0.47,11.32,361955.207486992,754345.925925926,12000.0,501.0135185185187,441617.4074074074,54
60min,50,250.0,300.0,300.0,False,500000.0,157,155,2,98.73,1264880.0,2.26,721815.0,21.84,8056.6,11,1.85,1.75,42.16,383863.425757672,1069636.2962962964,-341610.0,168.56481481481478,682241.7592592592,54
60min,50,250.0,300.0,300.0,True,500000.0,157,155,2,98.73,907580.0,1.91,760515.0,24.13,5780.8,11,1.85,1.19,30.25,292079.50739782705,770906.2962962963,-438960.0,918.8883333333333,613221.8518518518,54
60min,50,250.0,350.0,150.0,True,500000.0,176,175,1,99.43,291680.0,1.58,721785.0,23.74,1657.3,10,1.1,0.4,9.72,302845.8234114363,658579.2592592592,-85150.0,500.9212962962964,444195.18518518517,54
60min,50,250.0,350.0,200.0,False,500000.0,172,171,1,99.42,597920.0,2.19,706815.0,23.21,3476.3,10,1.2,0.85,19.93,365641.88383835263,800261.1111111111,12000.0,408.6958024691358,492205.3086419753,81
60min,50,250.0,350.0,200.0,True,500000.0,172,171,1,99.42,530120.0,2.06,706815.0,23.21,3082.1,10,1.2,0.75,17.67,313012.61114567006,701708.2716049383,-85150.0,408.5871604938271,481442.83950617287,81
60min,50,250.0,350.0,250.0,False,500000.0,158,156,2,98.73,492750.0,1.49,693315.0,22.72,3118.7,10,1.49,0.71,16.42,350011.57808519335,870329.3827160494,-341610.0,260.91370370370373,609011.6666666666,81
60min,50,250.0,350.0,250.0,True,500000.0,158,156,2,98.73,296450.0,1.3,704990.0,23.11,1876.3,10,1.49,0.42,9.88,312297.3839054948,763318.1481481482,-438960.0,260.79740740740743,577826.1111111111,81
60min,50,250.0,350.0,300.0,False,500000.0,155,152,3,98.06,134460.0,1.09,1110380.0,36.35,867.5,14,1.56,0.12,4.48,328102.5009489025,884660.3703703703,-341610.0,168.542037037037,682094.1666666666,54
60min,50,250.0,350.0,300.0,True,500000.0,155,152,3,98.06,-33590.0,0.98,1207730.0,39.53,-216.7,14,1.56,-0.03,-1.12,302616.5140679771,782393.7037037037,-438960.0,168.43166666666664,633776.0185185185,54
60min,50,250.0,400.0,150.0,False,500000.0,172,172,0,100.0,804050.0,999.99,199975.0,6.51,4674.7,8,0.99,4.02,26.8,373659.01055965637,713466.6666666666,61760.0,501.02305555555563,440655.8333333333,36
60min,50,250.0,400.0,150.0,True,500000.0,172,172,0,100.0,782300.0,999.99,199975.0,6.51,4548.3,8,0.99,3.91,26.08,306003.8273578955,657052.5,-40790.0,500.9613888888889,442539.1666666667,36
60min,50,250.0,400.0,200.0,False,500000.0,169,169,0,100.0,1057730.0,999.99,199975.0,6.46,6258.8,8,1.08,5.29,35.26,388136.1864071468,769703.1481481482,61760.0,445.6137037037039,470368.8888888889,54
60min,50,250.0,400.0,200.0,True,500000.0,169,169,0,100.0,1028480.0,999.99,199975.0,6.46,6085.7,8,1.08,5.14,34.28,311738.9418564524,696920.5555555555,-45540.0,445.5400000000002,472921.75925925927,54
60min,50,250.0,400.0,250.0,False,500000.0,161,160,1,99.38,804480.0,2.6,657885.0,21.6,4996.8,10,1.27,1.22,26.82,331814.32519902673,817554.2592592592,-341610.0,334.72240740740745,587254.7222222222,54
60min,50,300.0,200.0,150.0,False,500000.0,140,140,0,100.0,1395980.0,999.99,431630.0,14.25,9971.3,15,1.88,3.23,46.53,868253.2715172971,1183655.2777777778,437120.0,750.8250000000002,368507.6388888889,36
60min,50,250.0,400.0,250.0,True,500000.0,161,160,1,99.38,767730.0,2.53,657885.0,21.6,4768.5,10,1.27,1.17,25.59,295184.6767413689,740959.8148148148,-438960.0,334.66333333333336,575665.8333333334,54
60min,50,250.0,400.0,300.0,True,500000.0,161,160,1,99.38,942290.0,2.88,649235.0,21.3,5852.7,10,1.28,1.45,31.41,274683.0472203928,743163.0555555555,-438960.0,251.50222222222223,635288.1944444445,36
60min,50,250.0,400.0,300.0,False,500000.0,161,160,1,99.38,986540.0,2.97,649235.0,21.3,6127.6,10,1.28,1.52,32.88,308255.5201689079,823149.1666666666,-341610.0,251.5572222222222,653843.75,36
60min,50,300.0,200.0,150.0,True,500000.0,140,139,1,99.29,1051980.0,26300.5,431630.0,14.25,7514.1,15,1.88,2.44,35.07,638246.0200929983,847369.1666666666,342540.0,5056.278333333332,368778.8888888889,36
60min,50,300.0,200.0,200.0,False,500000.0,133,133,0,100.0,1878260.0,999.99,431630.0,14.0,14122.3,15,2.33,4.35,62.61,882816.5080910275,1264859.4444444445,437120.0,686.1531481481479,417826.6666666667,54
60min,50,300.0,200.0,200.0,True,500000.0,134,133,1,99.25,1238160.0,30955.0,431630.0,14.25,9240.0,15,2.3,2.87,41.27,655734.154619313,890225.5555555555,342540.0,4013.608333333333,382464.25925925927,54
60min,50,300.0,200.0,250.0,False,500000.0,128,126,2,98.44,1295310.0,2.29,599155.0,14.22,10119.6,15,2.61,2.16,43.18,858192.377518208,1409860.9259259258,348800.0,501.4644444444446,513170.9259259259,54
60min,50,300.0,200.0,250.0,True,500000.0,130,128,2,98.46,834600.0,2.66,599085.0,14.62,6420.0,15,2.51,1.39,27.82,450478.2827183811,899665.3703703703,29650.0,2446.369074074074,442361.85185185185,54
60min,50,300.0,200.0,300.0,False,500000.0,123,120,3,97.56,1208290.0,1.8,590155.0,15.65,9823.5,15,2.93,2.05,40.28,829621.8414341318,1439430.5555555555,348800.0,390.5683333333334,578790.1388888889,36
60min,50,300.0,200.0,300.0,True,500000.0,126,123,3,97.62,494370.0,1.49,552190.0,16.68,3923.6,15,2.8,0.9,16.48,423463.7766362088,884872.7777777778,29650.0,1516.1816666666664,472305.27777777775,36
60min,50,300.0,250.0,150.0,False,500000.0,139,139,0,100.0,1020100.0,999.99,300055.0,9.84,7338.8,12,1.54,3.4,34.0,768578.6543296635,1073010.5555555555,357840.0,778.4848148148145,335164.0740740741,54
60min,50,300.0,250.0,150.0,True,500000.0,139,139,0,100.0,865900.0,999.99,300055.0,9.84,6229.5,12,1.54,2.89,28.86,607770.0836498855,807857.0370370371,308340.0,3648.758518518518,335344.9074074074,54
60min,50,300.0,250.0,200.0,True,500000.0,130,130,0,100.0,1085740.0,999.99,327585.0,9.8,8351.8,12,1.96,3.31,36.19,617687.1632629714,845660.0,308340.0,2898.243086419753,360414.3209876543,81
60min,50,300.0,250.0,200.0,False,500000.0,129,129,0,100.0,1408670.0,999.99,327585.0,9.8,10919.9,12,1.98,4.3,46.96,780550.2506011946,1145298.024691358,357840.0,679.9999999999999,383989.25925925927,81
60min,50,300.0,250.0,250.0,False,500000.0,127,127,0,100.0,1776370.0,999.99,327585.0,9.75,13987.2,12,2.09,5.42,59.21,798929.0021670549,1280368.5185185184,348800.0,483.01259259259257,477029.3209876543,81
60min,50,300.0,250.0,250.0,True,500000.0,129,128,1,99.22,1243050.0,8879.93,327585.0,9.75,9636.0,12,2.07,3.79,41.43,440556.4860569901,870854.5679012346,29650.0,1779.514938271605,430741.5432098765,81
60min,50,300.0,250.0,300.0,False,500000.0,122,122,0,100.0,2189270.0,999.99,327585.0,9.7,17944.8,12,2.29,6.68,72.98,786954.1818520245,1320850.1851851852,348800.0,372.16351851851863,534563.6111111111,54
60min,50,300.0,250.0,300.0,True,500000.0,124,123,1,99.19,1349450.0,9639.93,327585.0,9.7,10882.7,12,2.27,4.12,44.98,423978.23343389854,871507.7777777778,29650.0,1122.4498148148145,464951.1111111111,54
60min,50,300.0,300.0,150.0,False,500000.0,139,139,0,100.0,839940.0,999.99,230385.0,7.57,6042.7,10,1.28,3.65,28.0,553128.8637493256,880039.6296296297,190780.0,815.2720370370369,339398.98148148146,54
60min,50,300.0,300.0,150.0,True,500000.0,139,138,1,99.28,761640.0,999.99,230385.0,7.57,5479.4,10,1.28,3.31,25.39,464696.22034919984,743151.2962962963,142930.0,1780.0496296296305,340112.8703703704,54
60min,50,300.0,300.0,200.0,False,500000.0,134,134,0,100.0,1047240.0,999.99,230385.0,7.54,7815.2,10,1.45,4.55,34.91,525328.9799965959,967253.5802469136,99060.0,741.4527160493826,361873.0864197531,81
60min,50,300.0,300.0,200.0,True,500000.0,135,134,1,99.26,943910.0,999.99,230385.0,7.54,6991.9,10,1.44,4.1,31.46,391316.31434411556,781479.1358024691,-45540.0,1689.3362962962963,362812.34567901236,81
60min,50,300.0,300.0,250.0,False,500000.0,127,126,1,99.21,883280.0,2.76,533360.0,13.2,6955.0,10,1.7,1.66,29.44,479861.0550337084,1056624.8148148148,-341610.0,544.4438271604938,448695.6172839506,81
60min,50,300.0,300.0,250.0,True,500000.0,128,126,2,98.44,673750.0,2.35,533360.0,13.63,5263.7,10,1.69,1.26,22.46,351998.3174555881,783169.3827160494,-438960.0,1155.9533333333336,455044.5061728395,81
60min,50,300.0,300.0,300.0,False,500000.0,119,118,1,99.16,1229390.0,3.46,527860.0,12.21,10331.0,10,1.99,2.33,40.98,476791.1861564881,1096102.4074074074,-341610.0,445.9346296296298,488687.1296296296,54
60min,50,300.0,300.0,300.0,True,500000.0,120,118,2,98.33,858410.0,2.71,527860.0,13.03,7153.4,10,1.98,1.63,28.61,324868.4385982976,772424.4444444445,-438960.0,1196.182222222222,497970.64814814815,54
60min,50,300.0,350.0,150.0,False,500000.0,136,136,0,100.0,739200.0,999.99,196905.0,5.83,5435.3,8,1.07,3.75,24.64,506659.60493776895,756565.0,190780.0,833.7144444444442,324515.64814814815,54
60min,50,300.0,350.0,150.0,True,500000.0,136,136,0,100.0,739200.0,999.99,196905.0,5.83,5435.3,8,1.07,3.75,24.64,441244.7757692722,685568.3333333334,142930.0,833.6698148148145,325229.537037037,54
60min,50,300.0,350.0,200.0,False,500000.0,131,131,0,100.0,971700.0,999.99,196905.0,6.13,7417.6,8,1.32,4.93,32.39,462965.7093691337,805581.6049382716,99060.0,741.3797530864197,360903.5802469136,81
60min,50,300.0,350.0,200.0,True,500000.0,132,132,0,100.0,944420.0,999.99,196905.0,6.13,7154.7,8,1.31,4.8,31.48,359494.35577443236,716207.4074074074,-45540.0,741.2985185185184,361790.6790123457,81
60min,50,300.0,350.0,250.0,False,500000.0,128,128,0,100.0,1171680.0,999.99,196905.0,6.11,9153.7,8,1.38,5.95,39.06,426780.6661498646,905660.4938271604,-341610.0,593.6328395061728,440586.5432098765,81
60min,50,300.0,350.0,250.0,True,500000.0,129,129,0,100.0,1137400.0,999.99,196905.0,6.11,8817.1,8,1.36,5.78,37.91,360368.53221160796,779160.987654321,-438960.0,593.5012345679012,445135.1234567901,81
60min,50,300.0,350.0,300.0,False,500000.0,118,117,1,99.15,989120.0,2.98,524550.0,12.63,8382.4,10,1.69,1.89,32.97,421999.34663036565,937031.1111111111,-341610.0,501.27574074074084,483548.7962962963,54
60min,50,300.0,400.0,150.0,False,500000.0,132,132,0,100.0,754570.0,999.99,352745.0,9.9,5716.4,9,1.03,2.14,25.15,473639.3258406874,708986.9444444445,190780.0,833.6694444444446,352535.0,36
60min,50,300.0,350.0,300.0,True,500000.0,119,118,1,99.16,903590.0,2.81,524550.0,12.75,7593.2,10,1.68,1.72,30.12,346337.6997284692,790743.7037037037,-438960.0,501.1161111111113,490131.85185185185,54
60min,50,300.0,400.0,150.0,True,500000.0,132,132,0,100.0,713970.0,999.99,352745.0,9.9,5408.9,9,1.03,2.02,23.8,419229.21460762474,663936.1111111111,142930.0,833.645277777778,353605.8333333333,36
60min,50,300.0,400.0,200.0,False,500000.0,123,123,0,100.0,962470.0,999.99,352745.0,9.5,7825.0,9,1.29,2.73,32.08,431587.19164273056,755284.8148148148,99060.0,778.2227777777775,383198.14814814815,54
60min,50,300.0,400.0,200.0,True,500000.0,123,123,0,100.0,907870.0,999.99,352745.0,9.5,7381.1,9,1.29,2.57,30.26,339206.237135591,696046.6666666666,-45540.0,778.1914814814811,384528.7962962963,54
60min,50,300.0,400.0,250.0,False,500000.0,123,123,0,100.0,1149060.0,999.99,352745.0,9.19,9342.0,9,1.33,3.26,38.3,390929.1959459007,847798.8888888889,-341610.0,667.3948148148148,458506.75925925927,54
60min,50,300.0,400.0,300.0,False,500000.0,115,115,0,100.0,1421110.0,999.99,369990.0,11.94,12357.5,12,1.57,3.84,47.37,376772.5878750214,863701.9444444445,-341610.0,584.2366666666668,502267.9166666667,36
60min,50,300.0,400.0,250.0,True,500000.0,123,123,0,100.0,1080460.0,999.99,352745.0,9.19,8784.2,9,1.33,3.06,36.02,339220.43848250806,762125.0,-438960.0,667.3485185185184,463952.22222222225,54
60min,50,300.0,400.0,300.0,True,500000.0,115,115,0,100.0,1255910.0,999.99,369990.0,11.94,10921.0,12,1.57,3.39,41.86,317545.2210219442,763726.6666666666,-438960.0,584.1811111111112,510076.3888888889,36
60min,50,400.0,200.0,150.0,False,500000.0,83,83,0,100.0,1021890.0,999.99,155165.0,5.16,12311.9,14,2.18,6.59,34.06,857137.0467732704,1108159.1666666667,437120.0,916.9654166666668,291654.7916666667,24
60min,50,400.0,200.0,150.0,True,500000.0,83,83,0,100.0,756540.0,999.99,155165.0,5.16,9114.9,14,2.18,4.88,25.22,652058.3241121343,821121.25,342540.0,5204.51,291654.7916666667,24
60min,50,400.0,200.0,200.0,False,500000.0,82,82,0,100.0,1295330.0,999.99,155165.0,5.16,15796.7,14,2.4,8.35,43.18,887958.7414482442,1183861.6666666667,437120.0,833.8600000000001,330270.27777777775,36
60min,50,400.0,200.0,200.0,True,500000.0,82,82,0,100.0,938480.0,999.99,155165.0,5.16,11444.9,14,2.4,6.05,31.28,653838.8046344107,838886.9444444445,342540.0,4092.2072222222214,312882.77777777775,36
60min,50,400.0,200.0,250.0,False,500000.0,82,82,0,100.0,1522690.0,999.99,342250.0,10.19,18569.4,14,2.45,4.45,50.76,891168.1297717614,1369881.111111111,348800.0,640.0561111111112,406681.52777777775,36
60min,50,400.0,200.0,250.0,True,500000.0,82,82,0,100.0,1049740.0,999.99,155165.0,5.16,12801.7,14,2.43,6.77,34.99,455964.4022444368,863366.6666666666,29650.0,3021.140833333334,371323.3333333333,36
60min,50,400.0,200.0,300.0,False,500000.0,80,80,0,100.0,2011070.0,999.99,455700.0,11.85,25138.4,14,2.86,4.41,67.04,890131.0253728469,1422465.4166666667,348800.0,501.57875000000007,456458.3333333333,24
60min,50,400.0,200.0,300.0,True,500000.0,81,81,0,100.0,1199420.0,999.99,215155.0,5.7,14807.7,14,2.74,5.57,39.98,428349.96828245383,840744.5833333334,29650.0,1761.3320833333335,403421.0416666667,24
60min,50,400.0,250.0,150.0,False,500000.0,84,84,0,100.0,685340.0,999.99,113545.0,3.67,8158.8,11,1.6,6.04,22.84,755417.8051627188,998795.2777777778,357840.0,944.6402777777779,258783.61111111112,36
60min,50,400.0,250.0,150.0,True,500000.0,84,84,0,100.0,607040.0,999.99,113545.0,3.71,7226.7,11,1.6,5.35,20.23,619310.1046110233,779692.5,308340.0,3803.003333333332,258783.61111111112,36
60min,50,400.0,250.0,200.0,False,500000.0,82,82,0,100.0,891600.0,999.99,229220.0,7.17,10873.2,11,1.83,3.89,29.72,774151.3697653313,1060205.0,357840.0,833.8403703703702,302395.3703703704,54
60min,50,400.0,250.0,200.0,True,500000.0,82,82,0,100.0,712200.0,999.99,229220.0,7.26,8685.4,11,1.83,3.11,23.74,616840.0928484562,796045.0,308340.0,3006.0461111111103,290803.7037037037,54
60min,50,400.0,250.0,250.0,True,500000.0,81,81,0,100.0,837380.0,999.99,312785.0,9.23,10338.0,11,2.01,2.68,27.91,456406.74911661743,847512.0370370371,29650.0,2236.6050000000005,352249.35185185185,54
60min,50,400.0,250.0,250.0,False,500000.0,81,81,0,100.0,1178280.0,999.99,312785.0,8.86,14546.7,11,2.01,3.77,39.28,824746.2171365189,1236498.148148148,348800.0,649.2812962962963,375821.48148148146,54
60min,50,400.0,250.0,300.0,False,500000.0,77,76,1,98.7,908900.0,2.81,552035.0,13.54,11803.9,11,2.38,1.65,30.3,825491.5538159478,1287346.9444444445,348800.0,501.58666666666676,425446.6666666667,36
60min,50,400.0,250.0,300.0,True,500000.0,77,76,1,98.7,448150.0,1.89,552035.0,14.87,5820.1,11,2.38,0.81,14.94,435503.5743179551,837850.5555555555,29650.0,1341.3230555555554,390088.47222222225,36
60min,50,400.0,300.0,150.0,False,500000.0,84,84,0,100.0,567440.0,999.99,88740.0,2.94,6755.2,9,1.29,6.39,18.91,671588.5677905455,827890.2777777778,357840.0,999.9899999999998,249595.41666666666,36
60min,50,400.0,300.0,150.0,True,500000.0,84,84,0,100.0,517940.0,999.99,88740.0,2.94,6166.0,9,1.29,5.84,17.26,591599.3932541988,724308.0555555555,308340.0,999.9899999999998,249595.41666666666,36
60min,50,400.0,300.0,200.0,False,500000.0,82,82,0,100.0,730460.0,999.99,178405.0,5.62,8908.0,9,1.51,4.09,24.35,702018.5298965934,909973.3333333334,357840.0,926.1514814814813,277884.72222222225,54
60min,50,400.0,300.0,200.0,True,500000.0,82,82,0,100.0,680960.0,999.99,178405.0,5.71,8304.4,9,1.51,3.82,22.7,608467.2047504897,773771.6666666666,308340.0,1192.8068518518514,277884.72222222225,54
60min,50,400.0,300.0,250.0,False,500000.0,82,82,0,100.0,867950.0,999.99,178405.0,5.58,10584.8,9,1.55,4.87,28.93,743989.5925389848,1064423.5185185184,348800.0,741.5679629629626,346395.9259259259,54
60min,50,400.0,300.0,250.0,True,500000.0,82,82,0,100.0,818450.0,999.99,178405.0,5.66,9981.1,9,1.55,4.59,27.28,460939.5774203673,850795.5555555555,29650.0,1301.4848148148153,346395.9259259259,54
60min,50,400.0,300.0,300.0,False,500000.0,81,81,0,100.0,1072790.0,999.99,243385.0,7.1,13244.3,9,1.73,4.41,35.76,756529.9179072606,1126228.888888889,348800.0,612.3569444444446,383500.27777777775,36
60min,50,400.0,350.0,150.0,True,500000.0,80,80,0,100.0,493500.0,999.99,403190.0,11.92,6168.7,10,1.26,1.22,16.45,540997.1805486259,670293.0555555555,281490.0,999.9899999999998,264170.69444444444,36
60min,50,400.0,300.0,300.0,True,500000.0,81,81,0,100.0,955440.0,999.99,243385.0,7.2,11795.6,9,1.73,3.93,31.85,456369.5468889952,869450.8333333334,29650.0,1452.232222222222,383500.27777777775,36
60min,50,400.0,350.0,150.0,False,500000.0,80,80,0,100.0,541350.0,999.99,403190.0,11.92,6766.9,10,1.26,1.34,18.04,571049.1850688152,726729.7222222222,281490.0,999.9899999999998,264170.69444444444,36
60min,50,400.0,350.0,200.0,False,500000.0,77,77,0,100.0,732200.0,999.99,403190.0,11.46,9509.1,10,1.53,1.82,24.41,597820.2295348806,795306.1111111111,281490.0,944.5937037037033,288678.3333333333,54
60min,50,400.0,350.0,200.0,True,500000.0,77,77,0,100.0,667850.0,999.99,403190.0,11.46,8673.4,10,1.53,1.66,22.26,559905.8925957077,726030.925925926,281490.0,944.5679629629626,288678.3333333333,54
60min,50,400.0,350.0,250.0,False,500000.0,76,76,0,100.0,864560.0,999.99,403190.0,11.18,11375.8,10,1.59,2.14,28.82,726083.9899703426,946840.3703703703,391960.0,833.8422222222218,341672.77777777775,54
60min,50,400.0,350.0,250.0,True,500000.0,76,76,0,100.0,783710.0,999.99,403190.0,11.18,10312.0,10,1.59,1.94,26.12,640116.979103589,841392.7777777778,337360.0,833.7651851851849,341672.77777777775,54
60min,50,400.0,350.0,300.0,False,500000.0,76,76,0,100.0,1026040.0,999.99,403190.0,10.85,13500.5,10,1.7,2.54,34.2,798001.1432199958,1008294.4444444445,477310.0,750.7683333333335,366728.47222222225,36
60min,50,400.0,350.0,300.0,True,500000.0,76,76,0,100.0,928690.0,999.99,403190.0,10.85,12219.6,10,1.7,2.3,30.96,694229.2139948199,884471.3888888889,408710.0,750.6527777777779,366728.47222222225,36
60min,50,400.0,400.0,150.0,False,500000.0,82,82,0,100.0,450780.0,999.99,156795.0,4.89,5497.3,7,1.09,2.87,15.03,545484.2920750567,700060.8333333334,281490.0,999.9900000000001,299735.4166666667,24
60min,50,400.0,400.0,150.0,True,500000.0,82,82,0,100.0,450780.0,999.99,156795.0,4.89,5497.3,7,1.09,2.87,15.03,521317.6791691757,657022.0833333334,281490.0,999.9900000000001,299735.4166666667,24
60min,50,400.0,400.0,200.0,False,500000.0,77,77,0,100.0,612180.0,999.99,332615.0,9.72,7950.4,9,1.32,1.84,20.41,583457.7328919997,786513.3333333334,281490.0,999.9899999999998,309694.72222222225,36
60min,50,400.0,400.0,250.0,False,500000.0,77,77,0,100.0,727500.0,999.99,332615.0,9.53,9448.1,9,1.36,2.19,24.25,715561.7786593712,935394.4444444445,391960.0,916.8975000000002,355458.47222222225,36
60min,50,400.0,400.0,200.0,True,500000.0,77,77,0,100.0,557580.0,999.99,332615.0,9.72,7241.3,9,1.32,1.68,18.59,554092.152755432,733865.8333333334,281490.0,999.9899999999998,309694.72222222225,36
60min,50,400.0,400.0,250.0,True,500000.0,77,77,0,100.0,658900.0,999.99,332615.0,9.53,8557.1,9,1.36,1.98,21.96,640334.5830580133,854187.7777777778,337360.0,916.8811111111113,355458.47222222225,36
60min,50,400.0,400.0,300.0,False,500000.0,77,77,0,100.0,871260.0,999.99,332615.0,9.27,11315.1,9,1.45,2.62,29.04,798105.7997057814,1003886.6666666666,477310.0,875.35125,368381.0416666667,24
60min,50,400.0,400.0,300.0,True,500000.0,77,77,0,100.0,788660.0,999.99,332615.0,9.27,10242.3,9,1.45,2.37,26.29,708482.8224079516,910675.8333333334,408710.0,875.3266666666668,368381.0416666667,24
60min,80,150.0,200.0,150.0,False,500000.0,245,241,4,98.37,-45640.0,0.98,1607160.0,51.93,-186.3,15,1.81,-0.03,-1.52,142593.1246816759,718510.625,-212350.0,2.046875,1172184.6875,16
60min,80,150.0,200.0,150.0,True,500000.0,247,245,2,99.19,540440.0,1.54,1161115.0,36.85,2188.0,15,1.77,0.47,18.01,240321.21986125762,771680.625,-389090.0,2.324375,836538.75,16
60min,80,150.0,200.0,200.0,True,500000.0,246,244,2,99.19,802640.0,1.8,1157115.0,36.23,3262.8,15,1.81,0.69,26.75,188217.18443285394,704885.4166666666,-389090.0,2.185,880721.25,24
60min,80,150.0,200.0,250.0,False,500000.0,232,225,7,96.98,-756630.0,0.78,2026650.0,64.63,-3261.3,15,2.08,-0.37,-25.22,49794.85626434205,529724.5833333334,-1737520.0,1.5541666666666665,1395165.2083333333,24
60min,80,150.0,200.0,200.0,False,500000.0,243,238,5,97.94,-212350.0,0.92,1582690.0,50.78,-873.9,15,1.86,-0.13,-7.08,83023.87359342632,613214.5833333334,-1737520.0,1.8295833333333331,1259988.75,24
60min,80,150.0,200.0,300.0,False,500000.0,227,220,7,96.92,-119900.0,0.97,1999450.0,63.42,-528.2,15,2.17,-0.06,-4.0,33394.77792546679,454415.625,-1737520.0,1.3581249999999998,1458890.0,16
60min,80,150.0,200.0,250.0,True,500000.0,235,231,4,98.3,-44600.0,0.98,1566840.0,50.19,-189.8,15,2.03,-0.03,-1.49,146939.24082718368,658816.25,-389090.0,1.9341666666666668,936142.7083333334,24
60min,80,150.0,200.0,300.0,True,500000.0,230,226,4,98.26,364130.0,1.18,1551140.0,49.42,1583.2,15,2.12,0.23,12.14,113338.02483199467,606079.375,-132890.0,1.7218750000000003,962768.125,16
60min,80,150.0,250.0,150.0,False,500000.0,240,239,1,99.58,1134880.0,3.27,642850.0,19.64,4728.7,14,1.47,1.77,37.83,139063.533425429,648618.3333333334,-212350.0,1.8675,1059438.125,24
60min,80,150.0,250.0,200.0,False,500000.0,231,228,3,98.7,465370.0,1.31,962185.0,30.47,2014.6,14,1.62,0.48,15.51,89981.51438740356,603870.5555555555,-1737520.0,1.7425000000000002,1144861.111111111,36
60min,80,150.0,250.0,150.0,True,500000.0,240,238,2,99.17,692860.0,2.39,642850.0,20.34,2886.9,14,1.45,1.08,23.1,162088.70782150232,602071.6666666666,-389090.0,1.9704166666666667,849472.9166666666,24
60min,80,150.0,250.0,200.0,True,500000.0,231,227,4,98.27,-124600.0,0.92,1038235.0,33.68,-539.4,14,1.61,-0.12,-4.15,147226.48105946393,599859.7222222222,-389090.0,1.9200000000000002,887146.9444444445,36
60min,80,150.0,250.0,250.0,False,500000.0,227,224,3,98.68,746900.0,1.5,989425.0,31.21,3290.3,14,1.64,0.75,24.9,70393.79640838047,600644.1666666666,-1737520.0,1.5813888888888892,1258897.2222222222,36
60min,80,150.0,250.0,250.0,True,500000.0,226,222,4,98.23,115060.0,1.08,1015235.0,32.8,509.1,14,1.68,0.11,3.84,138348.969581465,621678.3333333334,-389090.0,1.7988888888888885,933788.6111111111,36
60min,80,150.0,250.0,300.0,False,500000.0,223,220,3,98.65,1177710.0,1.78,981445.0,30.85,5281.2,14,1.72,1.2,39.26,54591.791570968766,560116.6666666666,-1737520.0,1.4425000000000001,1324332.5,24
60min,80,150.0,300.0,150.0,False,500000.0,235,233,2,99.15,270890.0,1.27,1020790.0,33.07,1152.7,13,1.24,0.27,9.03,136696.18602815765,568414.5833333334,-464290.0,1.85375,803350.625,24
60min,80,150.0,250.0,300.0,True,500000.0,223,219,4,98.21,315500.0,1.21,994235.0,32.0,1414.8,14,1.74,0.32,10.52,127160.41626738536,611636.25,-132890.0,1.679166666666667,956220.4166666666,24
60min,80,150.0,300.0,150.0,True,500000.0,236,233,3,98.73,19560.0,1.02,1055590.0,34.2,82.9,13,1.23,0.02,0.65,47954.179849218744,272468.75,-663040.0,1.51875,841160.0,24
60min,80,150.0,300.0,200.0,False,500000.0,230,228,2,99.13,590120.0,1.59,1053250.0,33.92,2565.7,13,1.3,0.56,19.67,148427.08365528,607423.0555555555,-464290.0,1.7577777777777779,846939.4444444445,36
60min,80,150.0,300.0,200.0,True,500000.0,229,226,3,98.69,222150.0,1.22,1138025.0,36.97,970.1,13,1.33,0.2,7.4,48088.97519216033,292420.55555555556,-663040.0,1.4558333333333333,870396.6666666666,36
60min,80,150.0,300.0,250.0,False,500000.0,225,223,2,99.11,902890.0,1.9,1020750.0,32.77,4012.8,13,1.37,0.88,30.1,160280.64626257785,681709.4444444445,-161800.0,1.6202777777777777,936313.3333333334,36
60min,80,150.0,300.0,250.0,True,500000.0,224,221,3,98.66,398570.0,1.4,1119525.0,36.25,1779.3,13,1.4,0.36,13.29,53009.41139192027,348075.55555555556,-421100.0,1.399722222222222,911978.1944444445,36
60min,80,150.0,300.0,300.0,False,500000.0,215,212,3,98.6,675760.0,1.45,981410.0,31.41,3143.1,13,1.49,0.69,22.53,162635.7994174019,711252.9166666666,-68620.0,1.5125,980348.75,24
60min,80,150.0,300.0,300.0,True,500000.0,215,211,4,98.14,60570.0,1.04,1101025.0,35.55,281.7,13,1.51,0.06,2.02,63684.509361951394,389542.5,-245060.0,1.3629166666666668,921870.4166666666,24
60min,80,150.0,350.0,150.0,False,500000.0,229,226,3,98.69,-464290.0,0.69,1024610.0,33.21,-2027.5,11,1.1,-0.45,-15.48,108732.62790581788,441722.5,-464290.0,1.7029166666666666,740626.6666666666,24
60min,80,150.0,350.0,150.0,True,500000.0,229,225,4,98.25,-663040.0,0.56,1111610.0,36.34,-2895.4,11,1.1,-0.6,-22.1,54665.15708048958,288745.0,-663040.0,1.54375,773636.6666666666,24
60min,80,150.0,350.0,200.0,False,500000.0,219,216,3,98.63,-161800.0,0.89,999110.0,32.19,-738.8,11,1.21,-0.16,-5.39,128460.59740337965,507180.55555555556,-464290.0,1.7152777777777777,794752.3611111111,36
60min,80,150.0,350.0,200.0,True,500000.0,219,215,4,98.17,-421100.0,0.72,1096610.0,35.77,-1922.8,11,1.21,-0.38,-14.04,67574.28687250045,360883.05555555556,-663040.0,1.5747222222222221,810920.1388888889,36
60min,80,150.0,350.0,250.0,False,500000.0,218,215,3,98.62,27940.0,1.02,1008740.0,32.46,128.2,11,1.21,0.03,0.93,157642.54647466997,612669.7222222222,-161800.0,1.686111111111111,893325.2777777778,36
60min,80,150.0,350.0,250.0,True,500000.0,217,213,4,98.16,-245060.0,0.84,1081610.0,35.2,-1129.3,11,1.24,-0.23,-8.17,103511.87061643935,470721.94444444444,-421100.0,1.5877777777777777,879717.5,36
60min,80,150.0,350.0,300.0,False,500000.0,212,209,3,98.58,283160.0,1.19,976550.0,31.34,1335.7,11,1.27,0.29,9.44,152510.04172701974,641211.25,-68620.0,1.6229166666666668,963084.1666666666,24
60min,80,150.0,350.0,300.0,True,500000.0,211,207,4,98.1,-49380.0,0.97,1066960.0,34.63,-234.0,11,1.31,-0.05,-1.65,119527.30515821981,519270.0,-245060.0,1.5683333333333334,923140.0,24
60min,80,150.0,400.0,150.0,False,500000.0,238,237,1,99.58,505140.0,2.01,517970.0,16.42,2122.4,11,0.87,0.98,16.84,97060.19663263044,408166.875,-464290.0,1.7999999999999998,693967.5,16
60min,80,150.0,400.0,150.0,True,500000.0,238,237,1,99.58,483390.0,1.97,517970.0,16.54,2031.1,11,0.87,0.93,16.11,64903.00790921326,301690.625,-663040.0,1.6843749999999997,722784.375,16
60min,80,150.0,400.0,200.0,False,500000.0,228,227,1,99.56,754260.0,2.51,517970.0,16.0,3308.2,11,0.97,1.46,25.14,124770.92634382732,468179.5833333333,-464290.0,1.7887500000000003,734825.625,24
60min,80,150.0,400.0,200.0,True,500000.0,228,227,1,99.56,670410.0,2.34,517970.0,16.42,2940.4,11,0.97,1.29,22.35,71242.93854202019,346420.4166666667,-663040.0,1.6670833333333333,766381.0416666666,24
60min,80,150.0,400.0,250.0,False,500000.0,216,214,2,99.07,435030.0,1.43,948180.0,30.61,2014.0,11,1.06,0.46,14.5,145896.43878431965,547762.9166666666,-161800.0,1.71125,846807.2916666666,24
60min,80,150.0,400.0,250.0,True,500000.0,216,214,2,99.07,329680.0,1.33,984930.0,31.8,1526.3,11,1.06,0.33,10.99,87876.90901389907,432381.6666666667,-421100.0,1.6174999999999997,855036.0416666666,24
60min,80,150.0,400.0,300.0,False,500000.0,211,209,2,99.05,661250.0,1.65,991505.0,31.94,3133.9,11,1.12,0.67,22.04,145913.432715103,576057.5,-68620.0,1.6287500000000001,917017.5,16
60min,80,150.0,400.0,300.0,True,500000.0,212,210,2,99.06,535870.0,1.53,1034285.0,33.32,2527.7,11,1.11,0.52,17.86,100214.09230953817,467530.0,-245060.0,1.555625,913147.5,16
60min,80,200.0,200.0,150.0,False,500000.0,177,175,2,98.87,630900.0,1.63,1150685.0,36.43,3564.4,15,1.93,0.55,21.03,257535.19358095425,915786.25,-212350.0,168.61625,951104.7916666666,24
60min,80,200.0,200.0,200.0,False,500000.0,174,171,3,98.28,494550.0,1.33,1581390.0,51.1,2842.2,15,2.11,0.31,16.48,190139.45974780218,876942.5,-1737520.0,168.38444444444443,1033679.4444444445,36
60min,80,200.0,200.0,150.0,True,500000.0,177,175,2,98.87,769830.0,2.54,649085.0,21.08,4349.3,15,1.92,1.19,25.66,300274.5036742658,821101.25,-389090.0,1622.1479166666668,727340.8333333334,24
60min,80,200.0,200.0,200.0,True,500000.0,174,172,2,98.85,1033450.0,3.07,646585.0,20.73,5939.4,15,2.07,1.6,34.45,270226.18967399484,808515.0,-389090.0,1423.3055555555557,755721.9444444445,36
60min,80,200.0,200.0,250.0,False,500000.0,172,169,3,98.26,874620.0,1.58,1554920.0,50.05,5085.0,15,2.19,0.56,29.15,141546.1691262653,846223.8888888889,-1737520.0,112.70583333333335,1168291.5277777778,36
60min,80,200.0,200.0,250.0,True,500000.0,172,170,2,98.84,1280520.0,3.56,645585.0,20.53,7444.9,15,2.15,1.98,42.68,225765.89987316984,768395.5555555555,-389090.0,649.3233333333334,811827.9166666666,36
60min,80,200.0,200.0,300.0,False,500000.0,167,163,4,97.6,719400.0,1.36,1530420.0,49.09,4307.8,15,2.3,0.47,23.98,119173.71206315969,789499.5833333334,-1737520.0,84.74791666666665,1245257.9166666667,24
60min,80,200.0,250.0,150.0,True,500000.0,176,175,1,99.43,619160.0,2.24,516490.0,16.67,3518.0,13,1.53,1.2,20.64,229112.44282031932,678963.3333333334,-389090.0,1137.3794444444445,725770.0,36
60min,80,200.0,200.0,300.0,True,500000.0,167,164,3,98.2,876100.0,1.88,644585.0,20.34,5246.1,15,2.26,1.36,29.2,200917.45771714151,727590.4166666666,-132890.0,513.71625,838837.0833333334,24
60min,80,200.0,250.0,150.0,False,500000.0,176,175,1,99.43,793160.0,2.59,516490.0,16.25,4506.6,13,1.53,1.54,26.44,245518.10326098328,815679.4444444445,-212350.0,168.4372222222222,865746.8055555555,36
60min,80,200.0,250.0,200.0,True,500000.0,170,169,1,99.41,909920.0,2.82,516490.0,16.45,5352.5,13,1.71,1.76,30.33,227401.3578228508,703134.2592592592,-389090.0,986.3848148148151,754213.7037037037,54
60min,80,200.0,250.0,200.0,False,500000.0,170,169,1,99.41,1216540.0,3.43,516490.0,15.75,7156.1,13,1.73,2.36,40.55,201025.98831851158,814854.2592592592,-1737520.0,149.84666666666666,942764.8148148148,54
60min,80,200.0,250.0,250.0,False,500000.0,164,162,2,98.78,951030.0,1.92,559970.0,15.45,5799.0,13,1.86,1.7,31.7,173293.73592116937,828335.3703703703,-1737520.0,75.7762962962963,1062044.351851852,54
60min,80,200.0,250.0,250.0,True,500000.0,164,162,2,98.78,486310.0,1.47,559970.0,16.31,2965.3,13,1.84,0.87,16.21,210436.22625210806,703690.1851851852,-389090.0,433.45,812389.5370370371,54
60min,80,200.0,250.0,300.0,False,500000.0,161,158,3,98.14,643580.0,1.42,905490.0,28.56,3997.4,13,1.94,0.71,21.45,143130.4220175267,806196.3888888889,-1737520.0,57.13388888888889,1131016.8055555555,36
60min,80,200.0,250.0,300.0,True,500000.0,161,159,2,98.76,691560.0,1.67,555970.0,16.18,4295.4,13,1.92,1.24,23.05,204249.08030734333,699834.7222222222,-132890.0,343.0619444444444,836235.1388888889,36
60min,80,200.0,300.0,200.0,False,500000.0,168,166,2,98.81,279830.0,1.28,519300.0,16.07,1665.7,11,1.42,0.54,9.33,220703.49254963675,719539.4444444445,-464290.0,149.70166666666668,738662.4074074074,54
60min,80,200.0,300.0,150.0,True,500000.0,173,171,2,98.84,-85150.0,0.91,529800.0,16.85,-492.2,11,1.28,-0.16,-2.84,103767.16703148147,408997.77777777775,-663040.0,1136.9783333333335,731445.8333333334,36
60min,80,200.0,300.0,150.0,False,500000.0,173,171,2,98.84,12000.0,1.01,529800.0,16.45,69.4,11,1.28,0.02,0.4,205534.84134169118,663989.1666666666,-464290.0,168.23194444444445,706239.5833333334,36
60min,80,200.0,300.0,200.0,True,500000.0,168,166,2,98.81,149180.0,1.15,519300.0,16.6,888.0,11,1.42,0.29,4.97,106529.82577225994,427664.6296296296,-663040.0,985.9301851851853,754516.7592592592,54
60min,80,200.0,300.0,250.0,False,500000.0,164,161,3,98.17,27220.0,1.02,1039290.0,33.45,166.0,11,1.52,0.03,0.91,217150.54988033464,746910.7407407408,-341610.0,75.65074074074073,837392.8703703703,54
60min,80,200.0,300.0,250.0,True,500000.0,164,162,2,98.78,396300.0,1.4,623315.0,19.9,2416.5,11,1.51,0.64,13.21,96570.65084434155,411358.8888888889,-438960.0,432.97166666666664,826199.5370370371,54
60min,80,200.0,300.0,300.0,False,500000.0,158,155,3,98.1,275840.0,1.18,1011790.0,32.5,1745.8,11,1.66,0.27,9.19,212894.5758682205,758698.6111111111,-341610.0,57.06305555555556,881914.8611111111,36
60min,80,200.0,350.0,150.0,True,500000.0,175,174,1,99.43,270410.0,1.54,517375.0,16.87,1545.2,9,1.05,0.52,9.01,105323.69509231496,390312.5,-663040.0,167.98861111111108,664405.8333333334,36
60min,80,200.0,350.0,150.0,False,500000.0,175,174,1,99.43,329860.0,1.66,517375.0,16.55,1884.9,9,1.05,0.64,11.0,178782.98005315187,520390.55555555556,-464290.0,168.1313888888889,642399.1666666666,36
60min,80,200.0,300.0,300.0,True,500000.0,158,156,2,98.73,597670.0,1.6,620315.0,19.68,3782.7,11,1.65,0.96,19.92,94816.252536358,412414.72222222225,-438960.0,342.5836111111111,850474.4444444445,36
60min,80,200.0,350.0,200.0,False,500000.0,167,165,2,98.8,61760.0,1.06,604205.0,18.96,369.8,10,1.24,0.1,2.06,188752.04088483696,562046.4814814815,-464290.0,112.72055555555555,699034.9074074074,54
60min,80,200.0,350.0,200.0,True,500000.0,167,165,2,98.8,-40790.0,0.96,604205.0,19.45,-244.3,10,1.24,-0.07,-1.36,122530.22051728418,428047.22222222225,-663040.0,112.57333333333332,710029.6296296297,54
60min,80,200.0,350.0,250.0,False,500000.0,160,158,2,98.75,299590.0,1.3,601205.0,18.64,1872.4,10,1.34,0.5,9.99,195397.66243917643,620901.8518518518,-341610.0,38.77222222222222,808251.9444444445,54
60min,80,200.0,350.0,300.0,True,500000.0,156,154,2,98.72,318180.0,1.32,598205.0,19.05,2039.6,10,1.4,0.53,10.61,114726.00732608952,491843.8888888889,-438960.0,1.6469444444444443,859643.0555555555,36
60min,80,200.0,350.0,250.0,True,500000.0,160,158,2,98.75,157540.0,1.16,601205.0,19.24,984.6,10,1.34,0.26,5.25,136438.48143003485,479103.3333333333,-438960.0,38.63925925925927,802899.074074074,54
60min,80,200.0,350.0,300.0,False,500000.0,156,153,3,98.08,-68620.0,0.95,1017140.0,32.69,-439.9,10,1.42,-0.07,-2.29,163634.40584166447,626508.8888888889,-341610.0,1.7530555555555556,880694.0277777778,36
60min,80,200.0,400.0,150.0,False,500000.0,174,173,1,99.43,256070.0,1.51,520525.0,16.75,1471.7,8,0.93,0.49,8.54,154795.97596075406,472852.9166666667,-464290.0,168.1575,616083.3333333334,24
60min,80,200.0,400.0,150.0,True,500000.0,174,173,1,99.43,234320.0,1.47,520525.0,16.86,1346.7,8,0.93,0.45,7.81,105935.25796875001,388125.0,-663040.0,168.06166666666667,635294.5833333334,24
60min,80,200.0,400.0,200.0,False,500000.0,171,170,1,99.42,453740.0,1.91,518525.0,16.39,2653.5,8,1.01,0.88,15.12,166739.0560661429,497730.8333333333,-464290.0,112.69527777777776,668084.5833333334,36
60min,80,200.0,400.0,200.0,True,500000.0,171,170,1,99.42,424490.0,1.85,518525.0,16.54,2482.4,8,1.01,0.82,14.15,103765.601637037,395884.44444444444,-663040.0,112.58833333333332,689445.8333333334,36
60min,80,200.0,400.0,250.0,False,500000.0,166,165,1,99.4,612530.0,2.22,516800.0,16.17,3689.9,8,1.06,1.19,20.42,164887.67345236152,535073.6111111111,-341610.0,57.19972222222221,787602.9166666666,36
60min,80,200.0,400.0,250.0,True,500000.0,166,165,1,99.4,575780.0,2.15,516800.0,16.36,3468.6,8,1.06,1.11,19.19,109833.00778282198,431515.27777777775,-438960.0,57.10722222222224,797592.2222222222,36
60min,80,200.0,400.0,300.0,False,500000.0,160,158,2,98.75,322930.0,1.32,938710.0,30.36,2018.3,10,1.18,0.34,10.76,127743.71412969813,519968.3333333333,-341610.0,1.6766666666666667,869773.75,24
60min,80,250.0,200.0,150.0,False,500000.0,133,132,1,99.25,851070.0,2.7,623455.0,20.07,6399.0,15,2.19,1.37,28.37,784269.9478594321,1214899.1666666667,494550.0,501.44875,613790.2083333334,24
60min,80,250.0,200.0,200.0,False,500000.0,131,130,1,99.24,1238880.0,3.47,618505.0,19.42,9457.1,15,2.38,2.0,41.3,776381.0970605991,1262724.4444444445,494550.0,445.87388888888887,662566.5277777778,36
60min,80,250.0,200.0,150.0,True,500000.0,133,131,2,98.5,538670.0,2.07,623455.0,20.38,4050.2,15,2.19,0.86,17.96,745646.1327644571,962605.8333333334,538670.0,6242.568750000001,486662.0833333333,24
60min,80,200.0,400.0,300.0,True,500000.0,160,158,2,98.75,196080.0,1.2,982960.0,31.79,1225.5,10,1.18,0.2,6.54,79256.57886445022,415604.1666666667,-438960.0,1.59375,873948.9583333334,24
60min,80,250.0,200.0,200.0,True,500000.0,131,129,2,98.47,747570.0,2.49,618505.0,20.11,5706.6,15,2.37,1.21,24.92,531142.0146616063,981709.4444444445,114590.0,4959.205555555554,505021.1111111111,36
60min,80,250.0,200.0,250.0,False,500000.0,128,126,2,98.44,1079280.0,2.08,1066750.0,34.26,8431.9,15,2.62,1.01,35.98,732991.4868608895,1329940.8333333333,494550.0,334.87916666666666,766377.7777777778,36
60min,80,250.0,200.0,250.0,True,500000.0,128,126,2,98.44,1002130.0,3.0,602025.0,19.46,7829.1,15,2.58,1.66,33.4,472702.99805265083,975182.5,74160.0,3252.803611111112,541962.9166666666,36
60min,80,250.0,200.0,300.0,False,500000.0,124,122,2,98.39,1546160.0,2.54,1108810.0,35.52,12469.0,15,2.81,1.39,51.54,744851.6135457404,1304706.6666666667,643200.0,251.53041666666664,820665.2083333334,24
60min,80,250.0,200.0,300.0,True,500000.0,125,123,2,98.4,1172270.0,3.34,595025.0,19.12,9378.2,15,2.73,1.97,39.08,421244.89934864204,926085.4166666666,74160.0,1940.57625,569371.0416666666,24
60min,80,250.0,250.0,150.0,False,500000.0,132,132,0,100.0,998940.0,999.99,396995.0,12.89,7567.7,13,1.71,2.52,33.3,463594.03205762705,1038216.9444444445,12000.0,501.25277777777785,547260.4166666666,36
60min,80,250.0,250.0,150.0,True,500000.0,132,131,1,99.24,823590.0,11766.57,396995.0,13.03,6239.3,13,1.71,2.07,27.45,389454.1257027456,823510.8333333334,-85150.0,4328.624444444444,462508.3333333333,36
60min,80,250.0,250.0,200.0,False,500000.0,130,130,0,100.0,1340200.0,999.99,396995.0,12.53,10309.2,13,1.88,3.38,44.67,452773.46211779205,1071237.5925925926,12000.0,408.80185185185195,613100.925925926,54
60min,80,250.0,250.0,200.0,True,500000.0,130,128,2,98.46,1008130.0,4801.62,396995.0,12.84,7754.8,13,1.86,2.54,33.6,385880.78762102645,847609.074074074,-85150.0,3417.643518518518,493991.5740740741,54
60min,80,250.0,250.0,250.0,False,500000.0,125,125,0,100.0,1728750.0,999.99,396995.0,12.4,13830.0,13,2.07,4.35,57.62,447752.9729067619,1139925.3703703703,27220.0,260.92277777777775,723452.1296296297,54
60min,80,250.0,250.0,250.0,True,500000.0,125,123,2,98.4,1138480.0,5422.33,396995.0,12.75,9107.8,13,2.05,2.87,37.95,412152.9673488365,865191.6666666666,74160.0,2206.1466666666665,547658.8888888889,54
60min,80,250.0,250.0,300.0,False,500000.0,120,118,2,98.33,910600.0,1.9,653560.0,19.44,7588.3,13,2.28,1.39,30.35,414938.180042301,1127423.888888889,27220.0,168.4161111111111,790634.4444444445,36
60min,80,250.0,300.0,150.0,False,500000.0,132,132,0,100.0,798220.0,999.99,300360.0,9.74,6047.1,11,1.42,2.66,26.61,364405.2907918862,811826.9444444445,12000.0,501.05250000000007,443325.0,36
60min,80,250.0,250.0,300.0,True,500000.0,120,117,3,97.5,315930.0,1.31,653560.0,20.76,2632.8,13,2.25,0.48,10.53,384893.5208715751,845891.9444444445,74160.0,1294.3925,583830.0,36
60min,80,250.0,300.0,150.0,True,500000.0,132,132,0,100.0,674970.0,999.99,300360.0,9.87,5113.4,11,1.42,2.25,22.5,289888.0909372801,655149.4444444445,-85150.0,1469.9163888888888,438517.9166666667,36
60min,80,250.0,300.0,200.0,True,500000.0,128,127,1,99.22,332890.0,1.66,528370.0,14.39,2600.7,11,1.59,0.63,11.1,284473.9556610812,667497.4074074074,-85150.0,1548.607407407408,468495.3703703704,54
60min,80,250.0,300.0,200.0,False,500000.0,128,127,1,99.22,532840.0,2.06,528370.0,13.75,4162.8,11,1.59,1.01,17.76,365270.42408413667,858404.074074074,12000.0,445.56740740740753,483737.962962963,54
60min,80,250.0,300.0,250.0,False,500000.0,123,122,1,99.19,818920.0,2.63,520740.0,12.77,6657.9,11,1.79,1.57,27.3,327111.5154087664,883615.925925926,-341610.0,297.65981481481475,602906.7592592592,54
60min,80,250.0,300.0,300.0,False,500000.0,121,119,2,98.35,542960.0,1.54,614100.0,18.71,4487.3,11,1.88,0.88,18.1,295675.650546044,870805.2777777778,-341610.0,223.64333333333332,668515.1388888889,36
60min,80,250.0,300.0,250.0,True,500000.0,123,122,1,99.19,582670.0,2.16,520740.0,13.42,4737.2,11,1.79,1.12,19.42,251983.82389971946,658505.1851851852,-438960.0,1215.165925925926,554177.8703703703,54
60min,80,250.0,300.0,300.0,True,500000.0,121,119,2,98.35,290710.0,1.29,614100.0,19.63,2402.6,11,1.88,0.47,9.69,225534.56159417343,634495.8333333334,-438960.0,1349.3872222222224,600228.8888888889,36
60min,80,250.0,350.0,150.0,False,500000.0,132,131,1,99.24,190780.0,1.38,733495.0,24.12,1445.3,10,1.23,0.26,6.36,302227.70436261594,629872.2222222222,12000.0,500.8847222222223,426938.47222222225,36
60min,80,250.0,350.0,150.0,True,500000.0,132,131,1,99.24,142930.0,1.29,733495.0,24.12,1082.8,10,1.23,0.19,4.76,249399.70073188902,554098.0555555555,-85150.0,500.81111111111113,427750.97222222225,36
60min,80,250.0,350.0,200.0,True,500000.0,131,130,1,99.24,322100.0,1.64,722025.0,23.71,2458.8,10,1.31,0.45,10.74,256294.5556403344,584429.8148148148,-85150.0,408.44981481481494,467136.75925925927,54
60min,80,250.0,350.0,200.0,False,500000.0,131,130,1,99.24,386450.0,1.77,722025.0,23.71,2950.0,10,1.31,0.54,12.88,301526.95804358507,659428.8888888889,12000.0,408.5350000000002,479777.4074074074,54
60min,80,250.0,350.0,250.0,False,500000.0,122,120,2,98.36,99060.0,1.1,712025.0,23.34,812.0,10,1.56,0.14,3.3,274430.39270239027,696411.4814814815,-341610.0,260.71074074074073,600861.7592592592,54
60min,80,250.0,350.0,250.0,True,500000.0,122,120,2,98.36,-45540.0,0.95,712025.0,23.34,-373.3,10,1.56,-0.06,-1.52,246574.4350086402,619944.8148148148,-438960.0,260.62277777777774,566432.0370370371,54
60min,80,250.0,350.0,300.0,False,500000.0,119,116,3,97.48,-341610.0,0.77,1048130.0,34.31,-2870.7,14,1.63,-0.33,-11.39,249138.17271867994,695614.7222222222,-341610.0,168.31527777777777,676902.5,36
60min,80,250.0,400.0,150.0,False,500000.0,130,130,0,100.0,629420.0,999.99,199225.0,6.5,4841.7,8,1.11,3.16,20.98,317737.5843417385,602382.0833333334,61760.0,500.8966666666667,433307.2916666667,24
60min,80,250.0,350.0,300.0,True,500000.0,119,116,3,97.48,-438960.0,0.71,1101230.0,36.05,-3688.7,14,1.63,-0.4,-14.63,234138.2775694944,627689.4444444445,-438960.0,168.23527777777778,624445.4166666666,36
60min,80,250.0,400.0,150.0,True,500000.0,130,130,0,100.0,607670.0,999.99,199225.0,6.5,4674.4,8,1.11,3.05,20.26,254609.2179417446,558486.6666666666,-40790.0,500.84874999999994,434526.0416666667,24
60min,80,250.0,400.0,200.0,False,500000.0,129,129,0,100.0,811920.0,999.99,199225.0,6.46,6294.0,8,1.16,4.08,27.06,327705.75345432415,645011.3888888889,61760.0,445.4736111111111,462581.25,36
60min,80,250.0,400.0,200.0,True,500000.0,129,129,0,100.0,782670.0,999.99,199225.0,6.46,6067.2,8,1.16,3.93,26.09,256075.68145026415,586940.5555555555,-45540.0,445.41499999999996,464738.8888888889,36
60min,80,250.0,400.0,250.0,False,500000.0,124,123,1,99.19,467910.0,1.93,669485.0,21.98,3773.5,10,1.33,0.7,15.6,258422.4828669951,664670.0,-341610.0,334.5611111111111,582492.2222222222,36
60min,80,250.0,400.0,300.0,False,500000.0,124,123,1,99.19,618730.0,2.23,661835.0,21.71,4989.8,10,1.35,0.93,20.62,231323.14739525816,656992.9166666666,-341610.0,251.3791666666667,650067.2916666666,24
60min,80,250.0,400.0,250.0,True,500000.0,124,123,1,99.19,431160.0,1.86,669485.0,21.98,3477.1,10,1.33,0.64,14.37,229772.7934208389,607312.2222222222,-438960.0,334.5177777777777,570122.6388888889,36
60min,80,250.0,400.0,300.0,True,500000.0,124,123,1,99.19,574480.0,2.15,661835.0,21.71,4632.9,10,1.35,0.87,19.15,206405.29413632437,598781.6666666666,-438960.0,251.34041666666667,630294.1666666666,24
60min,80,300.0,200.0,150.0,False,500000.0,109,109,0,100.0,1220770.0,999.99,431630.0,14.27,11199.7,15,2.09,2.83,40.69,836867.1474876713,1125175.8333333333,437120.0,833.9116666666667,347167.5,24
60min,80,300.0,200.0,150.0,True,500000.0,109,108,1,99.08,924620.0,23116.5,431630.0,14.27,8482.8,15,2.09,2.14,30.82,629970.482062633,823559.5833333334,342540.0,6574.905833333333,347167.5,24
60min,80,300.0,200.0,200.0,True,500000.0,104,103,1,99.04,1061220.0,26531.5,431630.0,14.24,10204.0,15,2.41,2.46,35.37,650652.8682815339,870204.1666666666,342540.0,5291.579444444444,360105.97222222225,36
60min,80,300.0,200.0,200.0,False,500000.0,104,104,0,100.0,1519620.0,999.99,431630.0,14.24,14611.7,15,2.41,3.52,50.65,856892.0365992705,1209022.5,437120.0,778.436666666667,395283.75,36
60min,80,300.0,200.0,250.0,False,500000.0,102,101,1,99.02,1361560.0,3.72,543725.0,13.97,13348.6,15,2.59,2.5,45.39,829920.6364022401,1348165.0,348800.0,612.1333333333336,485768.75,36
60min,80,300.0,200.0,250.0,True,500000.0,102,100,2,98.04,650000.0,2.3,555615.0,14.23,6372.5,15,2.58,1.17,21.67,436722.199018593,876917.5,29650.0,3529.8075000000003,412860.27777777775,36
60min,80,300.0,200.0,300.0,False,500000.0,98,97,1,98.98,1780440.0,4.55,527725.0,13.89,18167.8,15,2.98,3.37,59.35,805759.7036140508,1379514.5833333333,348800.0,501.2079166666667,549892.7083333334,24
60min,80,300.0,250.0,150.0,False,500000.0,109,109,0,100.0,843970.0,999.99,300055.0,9.92,7742.8,12,1.61,2.81,28.13,724105.2934891302,995771.3888888889,357840.0,833.8522222222224,318240.55555555556,36
60min,80,300.0,200.0,300.0,True,500000.0,98,96,2,97.96,856760.0,2.71,547115.0,14.2,8742.4,15,2.95,1.57,28.56,409469.3282750802,862347.9166666666,29650.0,2189.960416666667,440530.0,24
60min,80,300.0,250.0,150.0,True,500000.0,109,109,0,100.0,711520.0,999.99,300055.0,9.92,6527.7,12,1.61,2.37,23.72,582589.3146732348,760118.0555555555,308340.0,4661.157499999998,318240.55555555556,36
60min,80,300.0,250.0,200.0,False,500000.0,103,103,0,100.0,1076800.0,999.99,300055.0,9.9,10454.4,12,1.92,3.59,35.89,735461.7266066233,1062051.851851852,357840.0,741.4740740740738,367018.05555555556,54
60min,80,300.0,250.0,200.0,True,500000.0,103,103,0,100.0,890350.0,999.99,300055.0,9.9,8644.2,12,1.92,2.97,29.68,591328.2926487416,794260.7407407408,308340.0,3750.1859259259254,343566.2037037037,54
60min,80,300.0,250.0,300.0,False,500000.0,98,98,0,100.0,1719790.0,999.99,300055.0,9.74,17548.9,12,2.32,5.73,57.33,733934.5505749008,1214347.2222222222,348800.0,445.83277777777784,512893.6111111111,36
60min,80,300.0,250.0,250.0,True,500000.0,103,102,1,99.03,1052950.0,7522.07,300055.0,9.78,10222.8,12,2.04,3.51,35.1,404133.2355981665,806713.1481481482,29650.0,2501.747592592592,408386.75925925927,54
60min,80,300.0,250.0,250.0,False,500000.0,103,103,0,100.0,1363400.0,999.99,300055.0,9.78,13236.9,12,2.04,4.54,45.45,745610.6796706984,1179373.3333333333,348800.0,556.7157407407409,456275.74074074073,54
60min,80,300.0,250.0,300.0,True,500000.0,98,97,1,98.98,1148340.0,8203.43,300055.0,9.74,11717.8,12,2.32,3.83,38.28,386397.2764968872,802455.2777777778,29650.0,1571.5655555555554,441060.1388888889,36
60min,80,300.0,300.0,150.0,False,500000.0,109,109,0,100.0,672660.0,999.99,230385.0,7.58,6171.2,10,1.37,2.92,22.42,497638.80714209157,774787.2222222222,190780.0,833.6561111111113,327558.75,36
60min,80,300.0,300.0,150.0,True,500000.0,109,108,1,99.08,594360.0,999.99,230385.0,7.58,5452.8,10,1.37,2.58,19.81,417208.93233375164,658028.0555555555,142930.0,1802.625833333333,327558.75,36
60min,80,300.0,300.0,200.0,False,500000.0,104,104,0,100.0,851630.0,999.99,230385.0,7.55,8188.7,10,1.59,3.7,28.39,462806.7120885659,853987.9629629629,99060.0,778.244259259259,348459.0740740741,54
60min,80,300.0,300.0,200.0,True,500000.0,104,103,1,99.04,746330.0,999.99,230385.0,7.55,7176.2,10,1.59,3.24,24.88,340242.2404334182,693557.9629629629,-45540.0,1881.364444444445,348675.27777777775,54
60min,80,300.0,300.0,250.0,False,500000.0,100,99,1,99.0,581050.0,2.16,521190.0,13.46,5810.5,10,1.76,1.11,19.37,403661.62848408305,917025.1851851852,-341610.0,593.4672222222224,433963.3333333333,54
60min,80,300.0,300.0,250.0,True,500000.0,100,98,2,98.0,414550.0,1.83,521190.0,13.93,4145.5,10,1.76,0.8,13.82,293242.33951020526,678873.7037037037,-438960.0,1510.9646296296307,438993.4259259259,54
60min,80,300.0,300.0,300.0,False,500000.0,95,94,1,98.95,838000.0,2.67,517060.0,12.65,8821.1,10,2.04,1.62,27.93,394412.7288308411,944161.3888888889,-341610.0,501.06972222222225,473585.0,36
60min,80,300.0,350.0,150.0,False,500000.0,109,109,0,100.0,582790.0,999.99,85580.0,2.81,5346.7,8,1.06,6.81,19.43,456850.6260662912,653371.6666666666,190780.0,833.6561111111113,316170.1388888889,36
60min,80,300.0,300.0,300.0,True,500000.0,95,93,2,97.89,587800.0,2.17,517060.0,13.32,6187.4,10,2.04,1.14,19.59,263763.3971928535,661811.9444444445,-438960.0,1626.7341666666664,481130.1388888889,36
60min,80,300.0,350.0,200.0,False,500000.0,103,103,0,100.0,773590.0,999.99,186645.0,6.14,7510.6,8,1.4,4.14,25.79,407682.32054835884,687203.7037037037,99060.0,741.2914814814814,354437.1296296296,54
60min,80,300.0,350.0,150.0,True,500000.0,109,109,0,100.0,582790.0,999.99,85580.0,2.81,5346.7,8,1.06,6.81,19.43,393316.70768070815,593507.5,142930.0,833.6194444444446,316170.1388888889,36
60min,80,300.0,350.0,200.0,True,500000.0,103,103,0,100.0,744340.0,999.99,186645.0,6.14,7226.6,8,1.4,3.99,24.81,305846.13177544274,611367.2222222222,-45540.0,741.224259259259,354653.3333333333,54
60min,80,300.0,350.0,250.0,False,500000.0,101,101,0,100.0,939210.0,999.99,186645.0,6.13,9299.1,8,1.47,5.03,31.31,356106.93506341614,755437.2222222222,-341610.0,593.4979629629631,436264.537037037,54
60min,80,300.0,350.0,250.0,True,500000.0,101,101,0,100.0,902460.0,999.99,186645.0,6.13,8935.2,8,1.47,4.84,30.08,294230.375580876,647131.1111111111,-438960.0,593.388888888889,439983.51851851854,54
60min,80,300.0,350.0,300.0,False,500000.0,95,94,1,98.95,579760.0,2.16,519300.0,13.42,6102.7,10,1.69,1.12,19.33,344710.06074925605,772001.9444444445,-341610.0,501.1158333333334,480142.3611111111,36
60min,80,300.0,350.0,300.0,True,500000.0,95,94,1,98.95,535510.0,2.07,519300.0,13.58,5636.9,10,1.69,1.03,17.85,275472.0176884377,646679.1666666666,-438960.0,500.9836111111112,485720.8333333333,36
60min,80,300.0,400.0,150.0,False,500000.0,106,106,0,100.0,544460.0,999.99,352745.0,10.34,5136.4,9,1.04,1.54,18.15,424489.49545694224,611576.25,190780.0,833.6175,344061.875,24
60min,80,300.0,400.0,200.0,False,500000.0,99,99,0,100.0,683010.0,999.99,352745.0,10.06,6899.1,9,1.27,1.94,22.77,376666.26136405504,646750.2777777778,99060.0,778.162777777778,376412.3611111111,36
60min,80,300.0,400.0,150.0,True,500000.0,106,106,0,100.0,503860.0,999.99,352745.0,10.34,4753.4,9,1.04,1.43,16.8,372203.13110807043,573643.75,142930.0,833.5987500000001,344061.875,24
60min,80,300.0,400.0,250.0,False,500000.0,99,99,0,100.0,836930.0,999.99,352745.0,9.75,8453.8,9,1.3,2.37,27.9,321113.71152416174,712260.8333333334,-341610.0,667.3066666666668,455751.94444444444,36
60min,80,300.0,400.0,200.0,True,500000.0,99,99,0,100.0,628410.0,999.99,352745.0,10.06,6347.6,9,1.27,1.78,20.95,286337.4051909631,595863.8888888889,-45540.0,778.1369444444447,376736.6666666667,36
60min,80,300.0,400.0,250.0,True,500000.0,99,99,0,100.0,768330.0,999.99,352745.0,9.75,7760.9,9,1.3,2.18,25.61,274216.6767101215,637544.4444444445,-438960.0,667.2694444444446,460255.4166666667,36
60min,80,300.0,400.0,300.0,False,500000.0,92,92,0,100.0,1054840.0,999.99,369990.0,11.94,11465.7,12,1.57,2.85,35.16,300968.1249767105,715996.6666666666,-341610.0,584.1325,500765.8333333333,24
60min,80,400.0,200.0,150.0,False,500000.0,65,65,0,100.0,544090.0,999.99,155165.0,4.99,8370.6,13,1.91,3.51,18.14,814671.944741407,1032595.0,437120.0,999.99,266278.75,16
60min,80,300.0,400.0,300.0,True,500000.0,92,92,0,100.0,889640.0,999.99,369990.0,11.94,9670.0,12,1.57,2.4,29.65,248001.81053851443,628683.75,-438960.0,584.0875,507521.0416666667,24
60min,80,400.0,200.0,150.0,True,500000.0,65,65,0,100.0,342540.0,999.99,155165.0,5.07,5269.8,13,1.91,2.21,11.42,627019.8131587026,775368.125,342540.0,7431.46125,266278.75,16
60min,80,400.0,200.0,200.0,False,500000.0,65,65,0,100.0,722640.0,999.99,155165.0,4.93,11117.5,13,2.09,4.66,24.09,851742.0685409668,1111334.5833333333,437120.0,916.9079166666667,302395.2083333333,24
60min,80,400.0,200.0,200.0,True,500000.0,65,65,0,100.0,451590.0,999.99,155165.0,5.03,6947.5,13,2.09,2.91,15.05,636563.0948677235,797419.1666666666,342540.0,5804.595833333333,287297.2916666667,24
60min,80,400.0,200.0,250.0,False,500000.0,65,65,0,100.0,911710.0,999.99,342250.0,10.6,14026.3,13,2.15,2.66,30.39,848591.4713633916,1282636.25,348800.0,750.6954166666668,371381.0416666667,24
60min,80,400.0,200.0,250.0,True,500000.0,65,65,0,100.0,546560.0,999.99,155165.0,5.0,8408.6,13,2.12,3.52,18.22,432656.3055466112,821599.1666666666,29650.0,4322.660416666667,337691.25,24
60min,80,400.0,200.0,300.0,False,500000.0,64,64,0,100.0,1113940.0,999.99,342250.0,10.48,17405.3,13,2.31,3.25,37.13,854393.2022575083,1339438.125,348800.0,626.048125,415842.1875,16
60min,80,400.0,250.0,150.0,False,500000.0,65,65,0,100.0,437120.0,999.99,113545.0,3.68,6724.9,10,1.54,3.85,14.57,709128.205535191,918756.25,357840.0,999.9900000000001,238178.75,24
60min,80,400.0,200.0,300.0,True,500000.0,64,64,0,100.0,673140.0,999.99,155165.0,4.97,10517.8,13,2.28,4.34,22.44,410508.46470722044,808215.625,29650.0,2516.088125,365307.5,16
60min,80,400.0,250.0,200.0,True,500000.0,65,65,0,100.0,409190.0,999.99,229220.0,7.42,6295.2,10,1.62,1.79,13.64,585909.3766312145,736549.4444444445,308340.0,4147.621666666665,271175.69444444444,36
60min,80,400.0,250.0,150.0,True,500000.0,65,65,0,100.0,358820.0,999.99,113545.0,3.72,5520.3,10,1.54,3.16,11.96,587035.8737913804,723803.75,308340.0,5287.637500000001,238178.75,24
60min,80,400.0,250.0,200.0,False,500000.0,65,65,0,100.0,559340.0,999.99,229220.0,7.33,8605.2,10,1.62,2.44,18.64,726734.7356056768,974666.9444444445,357840.0,889.1836111111113,281240.97222222225,36
60min,80,400.0,250.0,250.0,False,500000.0,65,65,0,100.0,741190.0,999.99,229220.0,7.19,11402.9,10,1.68,3.23,24.71,766304.3237923236,1127201.111111111,348800.0,722.9905555555556,350244.30555555556,36
60min,80,400.0,250.0,250.0,True,500000.0,65,65,0,100.0,517890.0,999.99,229220.0,7.39,7967.5,10,1.68,2.26,17.26,417333.6171703952,776212.7777777778,29650.0,3104.245277777778,327784.44444444444,36
60min,80,400.0,250.0,300.0,False,500000.0,60,59,1,98.33,348800.0,1.7,560945.0,15.46,5813.3,11,2.05,0.62,11.63,766134.2133276612,1172342.9166666667,348800.0,584.4908333333334,397147.7083333333,24
60min,80,400.0,250.0,300.0,True,500000.0,60,59,1,98.33,29650.0,1.06,560945.0,16.69,494.2,11,2.05,0.05,0.99,397647.0597353341,765567.0833333334,29650.0,1844.434583333333,363457.9166666667,24
60min,80,400.0,300.0,150.0,False,500000.0,65,65,0,100.0,357840.0,999.99,88740.0,2.95,5505.2,8,1.23,4.03,11.93,628125.8688270702,734611.6666666666,357840.0,999.9900000000001,235329.375,24
60min,80,400.0,300.0,150.0,True,500000.0,65,65,0,100.0,308340.0,999.99,88740.0,2.95,4743.7,8,1.23,3.47,10.28,551911.2289993365,646014.1666666666,308340.0,999.9900000000001,235329.375,24
60min,80,400.0,300.0,200.0,False,500000.0,65,65,0,100.0,461420.0,999.99,178405.0,5.7,7098.8,8,1.34,2.59,15.38,650976.1257199559,809095.8333333334,357840.0,944.5716666666667,261634.44444444444,36
60min,80,400.0,300.0,200.0,True,500000.0,65,65,0,100.0,411920.0,999.99,178405.0,5.8,6337.2,8,1.34,2.31,13.73,565395.5944606891,691260.5555555555,308340.0,1344.607222222222,261634.44444444444,36
60min,80,400.0,300.0,250.0,False,500000.0,65,65,0,100.0,555070.0,999.99,178405.0,5.68,8539.5,8,1.34,3.11,18.5,676077.2636321533,936881.1111111111,348800.0,778.3450000000001,331169.02777777775,36
60min,80,400.0,300.0,250.0,True,500000.0,65,65,0,100.0,505570.0,999.99,178405.0,5.77,7778.0,8,1.34,2.83,16.85,404545.58023025835,749347.7777777778,29650.0,1618.3891666666666,331169.02777777775,36
60min,80,400.0,300.0,300.0,False,500000.0,64,64,0,100.0,677690.0,999.99,178405.0,5.66,10588.9,8,1.5,3.8,22.59,681251.7637321922,989447.0833333334,348800.0,667.5225,367853.9583333333,24
60min,80,400.0,300.0,300.0,True,500000.0,64,64,0,100.0,628190.0,999.99,178405.0,5.75,9815.5,8,1.5,3.52,20.94,396578.4513771401,763638.3333333334,29650.0,1927.5887500000001,367853.9583333333,24
60min,80,400.0,350.0,150.0,False,500000.0,62,62,0,100.0,361940.0,999.99,403190.0,12.46,5837.7,10,1.18,0.9,12.06,529122.042560663,641194.1666666666,281490.0,999.9900000000001,251283.125,24
60min,80,400.0,350.0,150.0,True,500000.0,62,62,0,100.0,314090.0,999.99,403190.0,12.46,5066.0,10,1.18,0.78,10.47,500870.6384514991,593537.5,281490.0,999.9900000000001,251283.125,24
60min,80,400.0,350.0,200.0,False,500000.0,61,61,0,100.0,476340.0,999.99,403190.0,12.2,7808.9,10,1.33,1.18,15.88,550734.3176919424,694916.3888888889,281490.0,944.5716666666667,277855.69444444444,36
60min,80,400.0,350.0,250.0,False,500000.0,60,60,0,100.0,574730.0,999.99,403190.0,11.96,9578.8,10,1.38,1.43,19.16,666149.0078315645,814472.7777777778,391960.0,833.7747222222224,335344.1666666667,36
60min,80,400.0,350.0,200.0,True,500000.0,61,61,0,100.0,411990.0,999.99,403190.0,12.2,6753.9,10,1.33,1.02,13.73,514307.62745336106,635863.0555555555,281490.0,944.5511111111113,277855.69444444444,36
60min,80,400.0,350.0,250.0,True,500000.0,60,60,0,100.0,493880.0,999.99,403190.0,11.96,8231.3,10,1.38,1.22,16.46,582267.6789859378,722763.6111111111,337360.0,833.7122222222224,335344.1666666667,36
60min,80,400.0,350.0,300.0,False,500000.0,59,59,0,100.0,670410.0,999.99,403190.0,11.76,11362.9,10,1.49,1.66,22.35,703028.730784584,859450.8333333334,477310.0,750.6670833333334,362256.6666666667,24
60min,80,400.0,350.0,300.0,True,500000.0,59,59,0,100.0,573060.0,999.99,403190.0,11.76,9712.9,10,1.49,1.42,19.1,610610.1991502445,751522.9166666666,408710.0,750.5733333333334,362256.6666666667,24
60min,80,400.0,400.0,200.0,False,500000.0,61,61,0,100.0,391960.0,999.99,332615.0,10.25,6425.6,9,1.13,1.18,13.07,538222.5583142561,691708.75,281490.0,999.9900000000001,297317.2916666667,24
60min,80,400.0,400.0,150.0,False,500000.0,65,65,0,100.0,281490.0,999.99,63165.0,2.1,4330.6,6,0.91,4.46,9.38,504541.63081948995,616251.875,281490.0,999.99,285935.3125,16
60min,80,400.0,400.0,150.0,True,500000.0,65,65,0,100.0,281490.0,999.99,63165.0,2.1,4330.6,6,0.91,4.46,9.38,481765.62226343405,579968.75,281490.0,999.99,285935.3125,16
60min,80,400.0,400.0,250.0,False,500000.0,61,61,0,100.0,477310.0,999.99,332615.0,10.09,7824.8,9,1.16,1.44,15.91,656782.7606564955,813543.75,391960.0,916.8716666666668,349030.8333333333,24
60min,80,400.0,400.0,200.0,True,500000.0,61,61,0,100.0,337360.0,999.99,332615.0,10.25,5530.5,9,1.13,1.01,11.25,510253.6373131554,646389.5833333334,281490.0,999.9900000000001,297317.2916666667,24
60min,80,400.0,400.0,250.0,True,500000.0,61,61,0,100.0,408710.0,999.99,332615.0,10.09,6700.2,9,1.16,1.23,13.62,583757.2280817095,741425.4166666666,337360.0,916.8608333333335,349030.8333333333,24
60min,80,400.0,400.0,300.0,False,500000.0,60,60,0,100.0,568080.0,999.99,332615.0,9.92,9468.0,9,1.27,1.71,18.94,708174.2180910576,870100.0,477310.0,875.3125,363505.625,16
60min,80,400.0,400.0,300.0,True,500000.0,60,60,0,100.0,485480.0,999.99,332615.0,9.92,8091.3,9,1.27,1.46,16.18,637103.329791297,787149.375,408710.0,875.29625,363505.625,16
